{":myfirst:entry:default@PreBuild":{"_inputs":[{"dataType":"ValueEntry","value":"{\"_name\":\"BUILTIN_TASK_COMMAND\",\"_value\":\"\",\"_valueType\":\"string\",\"_hash\":\"0b5d05294fdf4e78e8482ef53eb64ac0\"}"},{"dataType":"ValueEntry","value":"{\"_name\":\"BUILTIN_TASK_ENV\",\"_value\":\"\",\"_valueType\":\"string\",\"_hash\":\"cdcdc2ec8062ca9ec1de46dbf2bbc053\"}"},{"dataType":"ValueEntry","value":"{\"_name\":\"BUILTIN_TASK_TOOLCHAIN\",\"_value\":\"\",\"_valueType\":\"string\",\"_hash\":\"e7f94a9422a8bc317a7d90b58efcb5f6\"}"},{"dataType":"ValueEntry","value":"{\"_name\":\"apiType\",\"_value\":\"stageMode\",\"_valueType\":\"string\",\"_hash\":\"699c7565645ea3ea8c88551a4926a3d5\"}"},{"dataType":"ValueEntry","value":"{\"_name\":\"codeType\",\"_value\":true,\"_valueType\":\"boolean\",\"_hash\":\"d6dcf21a9f078b661283507536e57ce8\"}"},{"dataType":"ValueEntry","value":"{\"_name\":\"compatibleApiVersion\",\"_value\":11,\"_valueType\":\"number\",\"_hash\":\"93f5cd3d75ef7f4c00083401b682d592\"}"},{"dataType":"ValueEntry","value":"{\"_name\":\"compileApiVersion\",\"_value\":11,\"_valueType\":\"number\",\"_hash\":\"e44e5a65058824d789a8244107920ae0\"}"},{"dataType":"ValueEntry","value":"{\"_name\":\"customTypes\",\"_value\":\"\",\"_valueType\":\"string\",\"_hash\":\"970a2695bffac1c5a4fa283dc36050e3\"}"},{"dataType":"ValueEntry","value":"{\"_name\":\"deviceType\",\"_value\":[\"phone\",\"tablet\",\"2in1\"],\"_valueType\":\"object\",\"_hash\":\"82734343919a9219c848a93ce88dfb4d\"}"},{"dataType":"ValueEntry","value":"{\"_name\":\"isSupportOhpmProj\",\"_value\":true,\"_valueType\":\"boolean\",\"_hash\":\"f3a249d7e3f751316e931b8a08b074b4\"}"},{"dataType":"ValueEntry","value":"{\"_name\":\"profileModuleName\",\"_value\":\"entry\",\"_valueType\":\"string\",\"_hash\":\"b174ea6ff5824844dde5ad92f6b3ef2b\"}"},{"dataType":"ValueEntry","value":"{\"_name\":\"sdkToolchainsComponentVersion\",\"_value\":\"4.1.0.52\",\"_valueType\":\"string\",\"_hash\":\"c843d490b4f5225a4ea639ef4e473e76\"}"},{"dataType":"ValueEntry","value":"{\"_name\":\"targetStatusCode\",\"_value\":2,\"_valueType\":\"number\",\"_hash\":\"5a9255c0f4ee50904a9349ebafca8369\"}"}],"_successful":true,"_projectName":"myfirst","_moduleName":"entry","_taskName":"default@PreBuild","_key":":myfirst:entry:default@PreBuild","_executionId":":myfirst:entry:default@PreBuild:1709210250340","_inputFiles":{"dataType":"Map","value":[["/Users/jepson/Desktop/Harmony/projects/myfirst/AppScope/app.json5",{"isDirectory":false,"fileSnapShotHashValue":"0faa25fff5af8b1223452c2786556d18"}],["/Users/jepson/Desktop/Harmony/projects/myfirst/entry/src/main/module.json5",{"isDirectory":false,"fileSnapShotHashValue":"a2810321a57c5ca2894ff6f36c53015f"}],["/Users/jepson/Desktop/Harmony/projects/myfirst/build-profile.json5",{"fileSnapShotHashValue":"61aa7eb33038533acad959ad98cf66eb"}],["/Users/jepson/Desktop/Harmony/projects/myfirst/entry/build-profile.json5",{"fileSnapShotHashValue":"325991dff2ee16aa116543f16069544b"}],["/Users/jepson/Desktop/Harmony/projects/myfirst/entry/src/main/resources/base/profile/main_pages.json",{"fileSnapShotHashValue":"7e3b4da06ae11a56440ffbb3a828b971"}],["/Users/jepson/Desktop/Harmony/projects/myfirst/entry/oh-package.json5",{"fileSnapShotHashValue":"87d36339375b67e2122e33f65c9378d5"}]]},"_outputFiles":{"dataType":"Map","value":[]}},":myfirst:entry:default@CreateBuildProfile":{"_inputs":[{"dataType":"ValueEntry","value":"{\"_name\":\"BUILTIN_TASK_COMMAND\",\"_value\":\"\",\"_valueType\":\"string\",\"_hash\":\"0b5d05294fdf4e78e8482ef53eb64ac0\"}"},{"dataType":"ValueEntry","value":"{\"_name\":\"BUILTIN_TASK_ENV\",\"_value\":\"\",\"_valueType\":\"string\",\"_hash\":\"cdcdc2ec8062ca9ec1de46dbf2bbc053\"}"},{"dataType":"ValueEntry","value":"{\"_name\":\"BUILTIN_TASK_TOOLCHAIN\",\"_value\":\"\",\"_valueType\":\"string\",\"_hash\":\"e7f94a9422a8bc317a7d90b58efcb5f6\"}"},{"dataType":"ValueEntry","value":"{\"_name\":\"buildMode\",\"_value\":\"Debug\",\"_valueType\":\"string\",\"_hash\":\"8120d22ada0d6de22b101e1f4ea16e81\"}"},{"dataType":"ValueEntry","value":"{\"_name\":\"buildModeName\",\"_value\":\"debug\",\"_valueType\":\"string\",\"_hash\":\"3f0246ea410fd9efa9fc7196cca045e3\"}"}],"_successful":true,"_projectName":"myfirst","_moduleName":"entry","_taskName":"default@CreateBuildProfile","_key":":myfirst:entry:default@CreateBuildProfile","_executionId":":myfirst:entry:default@CreateBuildProfile:1709628918370","_inputFiles":{"dataType":"Map","value":[["/Users/jepson/Desktop/Harmony/projects/myfirst/AppScope/app.json5",{"fileSnapShotHashValue":"0faa25fff5af8b1223452c2786556d18"}],["/Users/jepson/Desktop/Harmony/projects/myfirst/build-profile.json5",{"fileSnapShotHashValue":"61aa7eb33038533acad959ad98cf66eb"}]]},"_outputFiles":{"dataType":"Map","value":[["/Users/jepson/Desktop/Harmony/projects/myfirst/entry/.preview/default/generated/profile/default/BuildProfile.ets",{"fileSnapShotHashValue":"34cd5dd61d9960e190c14c2ae1ca5367"}]]}},":myfirst:entry:default@GenerateLoaderJson":{"_inputs":[{"dataType":"ValueEntry","value":"{\"_name\":\"BUILTIN_TASK_COMMAND\",\"_value\":\"\",\"_valueType\":\"string\",\"_hash\":\"0b5d05294fdf4e78e8482ef53eb64ac0\"}"},{"dataType":"ValueEntry","value":"{\"_name\":\"BUILTIN_TASK_ENV\",\"_value\":\"\",\"_valueType\":\"string\",\"_hash\":\"cdcdc2ec8062ca9ec1de46dbf2bbc053\"}"},{"dataType":"ValueEntry","value":"{\"_name\":\"BUILTIN_TASK_TOOLCHAIN\",\"_value\":\"\",\"_valueType\":\"string\",\"_hash\":\"e7f94a9422a8bc317a7d90b58efcb5f6\"}"},{"dataType":"ValueEntry","value":"{\"_name\":\"anBuildMode\",\"_value\":\"type\",\"_valueType\":\"string\",\"_hash\":\"de241a1eec94a2a622ff1c89f32846a2\"}"},{"dataType":"ValueEntry","value":"{\"_name\":\"apPath\",\"_value\":\"/Users/jepson/Desktop/Harmony/projects/myfirst/entry/modules.ap\",\"_valueType\":\"string\",\"_hash\":\"bdca0cb8e88eab1da062e856878a88be\"}"},{"dataType":"ValueEntry","value":"{\"_name\":\"compileMode\",\"_value\":\"esmodule\",\"_valueType\":\"string\",\"_hash\":\"dacafc8e0b77a950178a0b4d142dc32c\"}"},{"dataType":"ValueEntry","value":"{\"_name\":\"fallbackAnBuild\",\"_value\":false,\"_valueType\":\"boolean\",\"_hash\":\"a63e98bb3f368ced6ed4d5579ea7ca39\"}"},{"dataType":"ValueEntry","value":"{\"_name\":\"harNameOhmMap\",\"_value\":\"{}\",\"_valueType\":\"string\",\"_hash\":\"0faf006bccbcdc2c7f04ff2d8c87894f\"}"},{"dataType":"ValueEntry","value":"{\"_name\":\"modulePathMap\",\"_value\":\"{\\\"entry\\\":\\\"/Users/jepson/Desktop/Harmony/projects/myfirst/entry\\\"}\",\"_valueType\":\"string\",\"_hash\":\"8aa51f36232b84264c2814d19a13353a\"}"},{"dataType":"ValueEntry","value":"{\"_name\":\"nodeModulesPath\",\"_value\":\"/Users/jepson/Desktop/Harmony/projects/myfirst/entry/.preview/default/intermediates/loader_out/default/node_modules\",\"_valueType\":\"string\",\"_hash\":\"8262efe9ba910cca50701152b7787975\"}"},{"dataType":"ValueEntry","value":"{\"_name\":\"projectRootPath\",\"_value\":\"/Users/jepson/Desktop/Harmony/projects/myfirst\",\"_valueType\":\"string\",\"_hash\":\"6652db4575ab3679276e3487b9f5c27c\"}"},{"dataType":"ValueEntry","value":"{\"_name\":\"targetConfig\",\"_value\":\"{\\\"name\\\":\\\"default\\\"}\",\"_valueType\":\"string\",\"_hash\":\"44f0c01d44e2bbf4013c5bb1f232e1fe\"}"}],"_successful":true,"_projectName":"myfirst","_moduleName":"entry","_taskName":"default@GenerateLoaderJson","_key":":myfirst:entry:default@GenerateLoaderJson","_executionId":":myfirst:entry:default@GenerateLoaderJson:1709628918374","_inputFiles":{"dataType":"Map","value":[["/Users/jepson/Desktop/Harmony/projects/myfirst/entry/src/mock/mock-config.json5",{"fileSnapShotHashValue":"e32906c2a46bf7af69a71b0694673581"}]]},"_outputFiles":{"dataType":"Map","value":[["/Users/jepson/Desktop/Harmony/projects/myfirst/entry/.preview/default/intermediates/loader/default/loader.json",{"isDirectory":false,"fileSnapShotHashValue":"4d75f1313d1b6e09029ab784a85c434a"}]]}},":myfirst:entry:default@MergeProfile":{"_inputs":[{"dataType":"ValueEntry","value":"{\"_name\":\"BUILTIN_TASK_COMMAND\",\"_value\":\"\",\"_valueType\":\"string\",\"_hash\":\"0b5d05294fdf4e78e8482ef53eb64ac0\"}"},{"dataType":"ValueEntry","value":"{\"_name\":\"BUILTIN_TASK_ENV\",\"_value\":\"\",\"_valueType\":\"string\",\"_hash\":\"cdcdc2ec8062ca9ec1de46dbf2bbc053\"}"},{"dataType":"ValueEntry","value":"{\"_name\":\"BUILTIN_TASK_TOOLCHAIN\",\"_value\":\"\",\"_valueType\":\"string\",\"_hash\":\"e7f94a9422a8bc317a7d90b58efcb5f6\"}"},{"dataType":"ValueEntry","value":"{\"_name\":\"asanEnable\",\"_value\":false,\"_valueType\":\"boolean\",\"_hash\":\"bc2129ba20a21b7e5234139ede1b4d7b\"}"},{"dataType":"ValueEntry","value":"{\"_name\":\"buildRoot\",\"_value\":\".preview\",\"_valueType\":\"string\",\"_hash\":\"88e9a315669657b02bc470a13f92befe\"}"},{"dataType":"ValueEntry","value":"{\"_name\":\"compatibleSdkVersion\",\"_value\":11,\"_valueType\":\"number\",\"_hash\":\"0a9ae1c2a584e001c6822783c8cf9636\"}"},{"dataType":"ValueEntry","value":"{\"_name\":\"isDebug\",\"_value\":true,\"_valueType\":\"boolean\",\"_hash\":\"edbf05a2d2be2c385e75d9565a48d419\"}"},{"dataType":"ValueEntry","value":"{\"_name\":\"isHarModule\",\"_value\":false,\"_valueType\":\"boolean\",\"_hash\":\"a15b7a3ed818faa99a4a10d67f52cb72\"}"},{"dataType":"ValueEntry","value":"{\"_name\":\"multiProjects\",\"_value\":false,\"_valueType\":\"boolean\",\"_hash\":\"555604752defc243b4e4c55d1549fc06\"}"},{"dataType":"ValueEntry","value":"{\"_name\":\"releaseType\",\"_value\":\"Beta1\",\"_valueType\":\"string\",\"_hash\":\"1a006c1958194950c056f6e6aa5438b0\"}"},{"dataType":"ValueEntry","value":"{\"_name\":\"targetSdkVersion\",\"_value\":11,\"_valueType\":\"number\",\"_hash\":\"578c4c0926086069dd411e7d59783372\"}"}],"_successful":true,"_projectName":"myfirst","_moduleName":"entry","_taskName":"default@MergeProfile","_key":":myfirst:entry:default@MergeProfile","_executionId":":myfirst:entry:default@MergeProfile:1709628918378","_inputFiles":{"dataType":"Map","value":[["/Users/jepson/Desktop/Harmony/projects/myfirst/AppScope/app.json5",{"fileSnapShotHashValue":"0faa25fff5af8b1223452c2786556d18"}],["/Users/jepson/Desktop/Harmony/projects/myfirst/build-profile.json5",{"fileSnapShotHashValue":"61aa7eb33038533acad959ad98cf66eb"}],["/Users/jepson/Desktop/Harmony/projects/myfirst/entry/src/main/module.json5",{"fileSnapShotHashValue":"a2810321a57c5ca2894ff6f36c53015f"}]]},"_outputFiles":{"dataType":"Map","value":[["/Users/jepson/Desktop/Harmony/projects/myfirst/entry/.preview/default/intermediates/merge_profile/default/module.json",{"fileSnapShotHashValue":"f8d461cf0babbc6351ad64d44a301dd2"}]]}},":myfirst:entry:default@ProcessProfile":{"_inputs":[{"dataType":"ValueEntry","value":"{\"_name\":\"BUILTIN_TASK_COMMAND\",\"_value\":\"\",\"_valueType\":\"string\",\"_hash\":\"0b5d05294fdf4e78e8482ef53eb64ac0\"}"},{"dataType":"ValueEntry","value":"{\"_name\":\"BUILTIN_TASK_ENV\",\"_value\":\"\",\"_valueType\":\"string\",\"_hash\":\"cdcdc2ec8062ca9ec1de46dbf2bbc053\"}"},{"dataType":"ValueEntry","value":"{\"_name\":\"BUILTIN_TASK_TOOLCHAIN\",\"_value\":\"\",\"_valueType\":\"string\",\"_hash\":\"e7f94a9422a8bc317a7d90b58efcb5f6\"}"},{"dataType":"ValueEntry","value":"{\"_name\":\"arkEnable\",\"_value\":true,\"_valueType\":\"boolean\",\"_hash\":\"750b4bda198545a67903dfb3f6a00a95\"}"},{"dataType":"ValueEntry","value":"{\"_name\":\"compileMode\",\"_value\":\"esmodule\",\"_valueType\":\"string\",\"_hash\":\"dacafc8e0b77a950178a0b4d142dc32c\"}"},{"dataType":"ValueEntry","value":"{\"_name\":\"dependency\",\"_value\":\"[]\",\"_valueType\":\"string\",\"_hash\":\"ac54f3d4ced2d4c1d666d40e4f7c454a\"}"},{"dataType":"ValueEntry","value":"{\"_name\":\"deviceTypes\",\"_value\":[\"phone\",\"tablet\",\"2in1\"],\"_valueType\":\"object\",\"_hash\":\"955f8760c6b7289b81ed107c2c4df075\"}"}],"_successful":true,"_projectName":"myfirst","_moduleName":"entry","_taskName":"default@ProcessProfile","_key":":myfirst:entry:default@ProcessProfile","_executionId":":myfirst:entry:default@ProcessProfile:1709628918380","_inputFiles":{"dataType":"Map","value":[["/Users/jepson/Desktop/Harmony/projects/myfirst/entry/.preview/default/intermediates/merge_profile/default/module.json",{"fileSnapShotHashValue":"f8d461cf0babbc6351ad64d44a301dd2"}]]},"_outputFiles":{"dataType":"Map","value":[["/Users/jepson/Desktop/Harmony/projects/myfirst/entry/.preview/default/intermediates/process_profile/default/module.json",{"fileSnapShotHashValue":"0663bb0ab04eed56284c39550af17ec1"}]]}},":myfirst:entry:default@PreviewCompileResource":{"_inputs":[{"dataType":"ValueEntry","value":"{\"_name\":\"PREVIEWER_REPLACE_PAGE\",\"_valueType\":\"undefined\"}"},{"dataType":"ValueEntry","value":"{\"_name\":\"PREVIEWER_REPLACE_SRCPATH\",\"_valueType\":\"undefined\"}"},{"dataType":"ValueEntry","value":"{\"_name\":\"TARGET_CONFIG\",\"_value\":\"{\\\"name\\\":\\\"default\\\"}\",\"_valueType\":\"string\"}"},{"dataType":"ValueEntry","value":"{\"_name\":\"BUILTIN_TASK_COMMAND\",\"_value\":\"\",\"_valueType\":\"string\"}"},{"dataType":"ValueEntry","value":"{\"_name\":\"BUILTIN_TASK_TOOLCHAIN\",\"_value\":\"/Users/jepson/Documents/harmony_env/sdk/HarmonyOS-NEXT-DP1/base/toolchains/restool\",\"_valueType\":\"string\"}"},{"dataType":"ValueEntry","value":"{\"_name\":\"BUILTIN_TASK_ENV\",\"_value\":\"\",\"_valueType\":\"string\"}"}],"_successful":true,"_projectName":"myfirst","_moduleName":"entry","_taskName":"default@PreviewCompileResource","_key":":myfirst:entry:default@PreviewCompileResource","_executionId":":myfirst:entry:default@PreviewCompileResource:1710082312974","_inputFiles":{"dataType":"Map","value":[["/Users/jepson/Desktop/Harmony/projects/myfirst/entry/src/main/resources",{"fileSnapShotHashValue":"c658758cb669b6070e3708ed1d5d8f9c"}],["/Users/jepson/Desktop/Harmony/projects/myfirst/entry/.preview/default/intermediates/merge_profile/default/module.json",{"fileSnapShotHashValue":"f8d461cf0babbc6351ad64d44a301dd2"}]]},"_outputFiles":{"dataType":"Map","value":[["/Users/jepson/Desktop/Harmony/projects/myfirst/entry/.preview/default/intermediates/res/default",{"isDirectory":true,"fileSnapShotHashValue":"d7d229032831208b382bd0531f6b77fd"}],["/Users/jepson/Desktop/Harmony/projects/myfirst/entry/.preview/default/generated/r/default",{"isDirectory":true,"fileSnapShotHashValue":"1486f4ca0f17f4aad6e2e4615d0e333f"}]]}},":myfirst:entry:default@CopyPreviewProfile":{"_inputs":[{"dataType":"ValueEntry","value":"{\"_name\":\"BUILTIN_TASK_COMMAND\",\"_value\":\"\",\"_valueType\":\"string\"}"},{"dataType":"ValueEntry","value":"{\"_name\":\"BUILTIN_TASK_TOOLCHAIN\",\"_value\":\"\",\"_valueType\":\"string\"}"},{"dataType":"ValueEntry","value":"{\"_name\":\"BUILTIN_TASK_ENV\",\"_value\":\"\",\"_valueType\":\"string\"}"}],"_successful":true,"_projectName":"myfirst","_moduleName":"entry","_taskName":"default@CopyPreviewProfile","_key":":myfirst:entry:default@CopyPreviewProfile","_executionId":":myfirst:entry:default@CopyPreviewProfile:1710082313038","_inputFiles":{"dataType":"Map","value":[["/Users/jepson/Desktop/Harmony/projects/myfirst/entry/src/main/resources/base/profile",{"fileSnapShotHashValue":"281262e9fad0b9ab1844e3c61c00751e"}]]},"_outputFiles":{"dataType":"Map","value":[["/Users/jepson/Desktop/Harmony/projects/myfirst/entry/.preview/default/intermediates/res/default/resources/base/profile",{"fileSnapShotHashValue":"60da454c0e36af12512b1fa2321cce2c"}]]}},":myfirst:entry:default@PreviewUpdateAssets":{"_inputs":[{"dataType":"ValueEntry","value":"{\"_name\":\"previewBuildConfigJson\",\"_value\":\"{\\\"deviceType\\\":\\\"phone,tablet,2in1\\\",\\\"checkEntry\\\":\\\"true\\\",\\\"localPropertiesPath\\\":\\\"/Users/jepson/Desktop/Harmony/projects/myfirst/local.properties\\\",\\\"PATH\\\":\\\"/Users/jepson/node/node-18.14.1/bin/\\\",\\\"note\\\":\\\"false\\\",\\\"aceProfilePath\\\":\\\"/Users/jepson/Desktop/Harmony/projects/myfirst/entry/.preview/default/intermediates/res/default/resources/base/profile\\\",\\\"isPreview\\\":\\\"true\\\",\\\"hapMode\\\":\\\"false\\\",\\\"buildMode\\\":\\\"debug\\\",\\\"img2bin\\\":\\\"true\\\",\\\"projectProfilePath\\\":\\\"/Users/jepson/Desktop/Harmony/projects/myfirst/build-profile.json5\\\",\\\"watchMode\\\":\\\"true\\\",\\\"appResource\\\":\\\"/Users/jepson/Desktop/Harmony/projects/myfirst/entry/.preview/default/intermediates/res/default/ResourceTable.txt\\\",\\\"logLevel\\\":\\\"3\\\",\\\"stageRouterConfig\\\":{\\\"contents\\\":[\\\"{\\\\\\\"module\\\\\\\":{\\\\\\\"pages\\\\\\\":\\\\\\\"$profile:main_pages\\\\\\\",\\\\\\\"name\\\\\\\":\\\\\\\"entry\\\\\\\"}}\\\",\\\"{\\\\\\\"src\\\\\\\":[\\\\\\\"pages/Index\\\\\\\"]}\\\"],\\\"paths\\\":[\\\"/Users/jepson/Desktop/Harmony/projects/myfirst/entry/.preview/default/intermediates/res/default/module.json\\\",\\\"/Users/jepson/Desktop/Harmony/projects/myfirst/entry/.preview/default/intermediates/res/default/resources/base/profile/main_pages.json\\\"]},\\\"aceBuildJson\\\":\\\"/Users/jepson/Desktop/Harmony/projects/myfirst/entry/.preview/default/intermediates/loader/default/loader.json\\\",\\\"aceModuleRoot\\\":\\\"/Users/jepson/Desktop/Harmony/projects/myfirst/entry/src/main/ets\\\",\\\"aceSoPath\\\":\\\"/Users/jepson/Desktop/Harmony/projects/myfirst/entry/.preview/cache/nativeDependencies.txt\\\",\\\"cachePath\\\":\\\"/Users/jepson/Desktop/Harmony/projects/myfirst/entry/.preview/cache/.default\\\",\\\"aceModuleBuild\\\":\\\"/Users/jepson/Desktop/Harmony/projects/myfirst/entry/.preview/default/intermediates/assets/default/ets\\\",\\\"aceModuleJsonPath\\\":\\\"/Users/jepson/Desktop/Harmony/projects/myfirst/entry/.preview/default/intermediates/res/default/module.json\\\"}\",\"_valueType\":\"string\"}"},{"dataType":"ValueEntry","value":"{\"_name\":\"BUILTIN_TASK_COMMAND\",\"_value\":\"\",\"_valueType\":\"string\"}"},{"dataType":"ValueEntry","value":"{\"_name\":\"BUILTIN_TASK_TOOLCHAIN\",\"_value\":\"\",\"_valueType\":\"string\"}"},{"dataType":"ValueEntry","value":"{\"_name\":\"BUILTIN_TASK_ENV\",\"_value\":\"\",\"_valueType\":\"string\"}"}],"_successful":true,"_projectName":"myfirst","_moduleName":"entry","_taskName":"default@PreviewUpdateAssets","_key":":myfirst:entry:default@PreviewUpdateAssets","_executionId":":myfirst:entry:default@PreviewUpdateAssets:1710082313040","_inputFiles":{"dataType":"Map","value":[]},"_outputFiles":{"dataType":"Map","value":[["/Users/jepson/Desktop/Harmony/projects/myfirst/entry/.preview/default/intermediates/res/default/module.json",{"isDirectory":false,"fileSnapShotHashValue":"aa35cf39633b90ca9044a84f56af379e"}],["/Users/jepson/Desktop/Harmony/projects/myfirst/entry/.preview/default/intermediates/res/default/resources/base/profile/main_pages.json",{"isDirectory":false,"fileSnapShotHashValue":"74319e72d56d0cb179f4bb9a61ce00f9"}]]}},":myfirst:entry:default@PreviewArkTS":{"_inputs":[{"dataType":"ValueEntry","value":"{\"_name\":\"debuggable\",\"_value\":true,\"_valueType\":\"boolean\"}"},{"dataType":"ValueEntry","value":"{\"_name\":\"isArk\",\"_value\":true,\"_valueType\":\"boolean\"}"},{"dataType":"ValueEntry","value":"{\"_name\":\"needCoverageInsert\",\"_value\":false,\"_valueType\":\"boolean\"}"},{"dataType":"ValueEntry","value":"{\"_name\":\"customTypes\",\"_value\":\"\",\"_valueType\":\"string\"}"},{"dataType":"ValueEntry","value":"{\"_name\":\"arkTsWdiget\",\"_value\":false,\"_valueType\":\"boolean\"}"},{"dataType":"ValueEntry","value":"{\"_name\":\"OBFUSCATION_ENABLE\",\"_value\":\"undefined\",\"_valueType\":\"string\"}"},{"dataType":"ValueEntry","value":"{\"_name\":\"BUILTIN_TASK_COMMAND\",\"_value\":\"\",\"_valueType\":\"string\"}"},{"dataType":"ValueEntry","value":"{\"_name\":\"BUILTIN_TASK_TOOLCHAIN\",\"_value\":\"\",\"_valueType\":\"string\"}"},{"dataType":"ValueEntry","value":"{\"_name\":\"BUILTIN_TASK_ENV\",\"_value\":\"\",\"_valueType\":\"string\"}"}],"_successful":true,"_projectName":"myfirst","_moduleName":"entry","_taskName":"default@PreviewArkTS","_key":":myfirst:entry:default@PreviewArkTS","_executionId":":myfirst:entry:default@PreviewArkTS:1710082313043","_inputFiles":{"dataType":"Map","value":[["/Users/jepson/Desktop/Harmony/projects/myfirst/entry/.preview/default/intermediates/loader/default",{"isDirectory":true,"fileSnapShotHashValue":"b1488407f17f52a84064a196b88b487c"}],["/Users/jepson/Desktop/Harmony/projects/myfirst/entry/.preview/default/intermediates/res/default/ResourceTable.txt",{"fileSnapShotHashValue":"8088401538dd0fe3b599acf9ddfd437b"}],["/Users/jepson/Desktop/Harmony/projects/myfirst/entry/.preview/default/intermediates/res/default/module.json",{"fileSnapShotHashValue":"aa35cf39633b90ca9044a84f56af379e"}],["/Users/jepson/Desktop/Harmony/projects/myfirst/entry/.preview/default/intermediates/res/default/resources/base/profile",{"isDirectory":true,"fileSnapShotHashValue":"60da454c0e36af12512b1fa2321cce2c"}],["/Users/jepson/Desktop/Harmony/projects/myfirst/entry/src/main/ets",{"isDirectory":true,"fileSnapShotHashValue":"357cf138f9f817d448f55ac19eba4b79"}],["/Users/jepson/Desktop/Harmony/projects/myfirst/entry/.preview/default/generated/profile/default/BuildProfile.ets",{"fileSnapShotHashValue":"34cd5dd61d9960e190c14c2ae1ca5367"}]]},"_outputFiles":{"dataType":"Map","value":[["/Users/jepson/Desktop/Harmony/projects/myfirst/entry/.preview/default/intermediates/loader_out/default/ets",{"isDirectory":true,"fileSnapShotHashValue":""}]]}},":myfirst:entry:default@GenerateMetadata":{"_inputs":[{"dataType":"ValueEntry","value":"{\"_name\":\"BUILTIN_TASK_COMMAND\",\"_value\":\"\",\"_valueType\":\"string\"}"},{"dataType":"ValueEntry","value":"{\"_name\":\"BUILTIN_TASK_ENV\",\"_value\":\"\",\"_valueType\":\"string\"}"},{"dataType":"ValueEntry","value":"{\"_name\":\"BUILTIN_TASK_TOOLCHAIN\",\"_value\":\"\",\"_valueType\":\"string\"}"},{"dataType":"ValueEntry","value":"{\"_name\":\"allRemoteHspPathList\",\"_value\":[],\"_valueType\":\"object\"}"},{"dataType":"ValueEntry","value":"{\"_name\":\"entryModules\",\"_value\":[],\"_valueType\":\"object\"}"},{"dataType":"ValueEntry","value":"{\"_name\":\"existMaterial\",\"_value\":true,\"_valueType\":\"boolean\"}"},{"dataType":"ValueEntry","value":"{\"_name\":\"existSigningConfig\",\"_value\":true,\"_valueType\":\"boolean\"}"},{"dataType":"ValueEntry","value":"{\"_name\":\"moduleDeviceType\",\"_value\":[\"phone\",\"tablet\",\"2in1\"],\"_valueType\":\"object\"}"},{"dataType":"ValueEntry","value":"{\"_name\":\"product\",\"_value\":\"default\",\"_valueType\":\"string\"}"},{"dataType":"ValueEntry","value":"{\"_name\":\"properties.enableSignTask\",\"_value\":true,\"_valueType\":\"boolean\"}"},{"dataType":"ValueEntry","value":"{\"_name\":\"sdkToolchainsComponentVersion\",\"_value\":\"4.1.0.52\",\"_valueType\":\"string\"}"},{"dataType":"ValueEntry","value":"{\"_name\":\"signingConfig_keyAlias\",\"_value\":\"debugKey\",\"_valueType\":\"string\"}"},{"dataType":"ValueEntry","value":"{\"_name\":\"signingConfig_keyPassword\",\"_value\":\"0000001B0A0F7CF3CD5C1D0ECE0DA538C250FA724AEC3F85EC7761BD14733FE25ABBA9B9549D1D9388CEFD\",\"_valueType\":\"string\"}"},{"dataType":"ValueEntry","value":"{\"_name\":\"signingConfig_name\",\"_value\":\"default\",\"_valueType\":\"string\"}"},{"dataType":"ValueEntry","value":"{\"_name\":\"signingConfig_signAlg\",\"_value\":\"SHA256withECDSA\",\"_valueType\":\"string\"}"},{"dataType":"ValueEntry","value":"{\"_name\":\"signingConfig_storePassword\",\"_value\":\"0000001B8090597B4F7D21020D9749CD2CDBE28D16BAD67BC3A6703C0AB8E8E2D8EFEA659A98D527E6A605\",\"_valueType\":\"string\"}"},{"dataType":"ValueEntry","value":"{\"_name\":\"signingConfig_type\",\"_value\":\"HarmonyOS\",\"_valueType\":\"string\"}"},{"dataType":"ValueEntry","value":"{\"_name\":\"targetConfig\",\"_value\":\"{\\\"name\\\":\\\"default\\\"}\",\"_valueType\":\"string\"}"}],"_successful":true,"_projectName":"myfirst","_moduleName":"entry","_taskName":"default@GenerateMetadata","_key":":myfirst:entry:default@GenerateMetadata","_executionId":":myfirst:entry:default@GenerateMetadata:1709210250414","_inputFiles":{"dataType":"Map","value":[["/Users/jepson/Desktop/Harmony/projects/myfirst/entry/src/main/module.json5",{"fileSnapShotHashValue":"a2810321a57c5ca2894ff6f36c53015f"}]]},"_outputFiles":{"dataType":"Map","value":[["/Users/jepson/Desktop/Harmony/projects/myfirst/entry/build/default/intermediates/hap_metadata/default/output_metadata.json",{"fileSnapShotHashValue":"6bda062810f05c6fc56de178723be4ff"}]]}},":myfirst:entry:default@ConfigureCmake":{"_inputs":[{"dataType":"ValueEntry","value":"{\"_name\":\"BUILTIN_TASK_COMMAND\",\"_value\":\"\",\"_valueType\":\"string\"}"},{"dataType":"ValueEntry","value":"{\"_name\":\"BUILTIN_TASK_TOOLCHAIN\",\"_value\":\"\",\"_valueType\":\"string\"}"},{"dataType":"ValueEntry","value":"{\"_name\":\"BUILTIN_TASK_ENV\",\"_value\":\"\",\"_valueType\":\"string\"}"}],"_successful":false,"_projectName":"myfirst","_moduleName":"entry","_taskName":"default@ConfigureCmake","_key":":myfirst:entry:default@ConfigureCmake","_executionId":":myfirst:entry:default@ConfigureCmake:1709212546627","_inputFiles":{"dataType":"Map","value":[]},"_outputFiles":{"dataType":"Map","value":[["/Users/jepson/Desktop/Harmony/projects/myfirst/entry/.cxx/default/default/hvigor",{"fileSnapShotHashValue":""}]]}},":myfirst:entry:default@MakePackInfo":{"_inputs":[{"dataType":"ValueEntry","value":"{\"_name\":\"BUILTIN_TASK_COMMAND\",\"_value\":\"\",\"_valueType\":\"string\"}"},{"dataType":"ValueEntry","value":"{\"_name\":\"BUILTIN_TASK_ENV\",\"_value\":\"\",\"_valueType\":\"string\"}"},{"dataType":"ValueEntry","value":"{\"_name\":\"BUILTIN_TASK_TOOLCHAIN\",\"_value\":\"\",\"_valueType\":\"string\"}"},{"dataType":"ValueEntry","value":"{\"_name\":\"compatibleSdkVersion\",\"_value\":11,\"_valueType\":\"number\"}"},{"dataType":"ValueEntry","value":"{\"_name\":\"compileSdkVersion\",\"_value\":11,\"_valueType\":\"number\"}"},{"dataType":"ValueEntry","value":"{\"_name\":\"deviceTypes\",\"_value\":[\"phone\",\"tablet\",\"2in1\"],\"_valueType\":\"object\"}"},{"dataType":"ValueEntry","value":"{\"_name\":\"releaseType\",\"_value\":\"Beta1\",\"_valueType\":\"string\"}"}],"_successful":true,"_projectName":"myfirst","_moduleName":"entry","_taskName":"default@MakePackInfo","_key":":myfirst:entry:default@MakePackInfo","_executionId":":myfirst:entry:default@MakePackInfo:1709210250424","_inputFiles":{"dataType":"Map","value":[["/Users/jepson/Desktop/Harmony/projects/myfirst/AppScope/app.json5",{"fileSnapShotHashValue":"0faa25fff5af8b1223452c2786556d18"}],["/Users/jepson/Desktop/Harmony/projects/myfirst/entry/src/main/module.json5",{"fileSnapShotHashValue":"a2810321a57c5ca2894ff6f36c53015f"}],["/Users/jepson/Desktop/Harmony/projects/myfirst/build-profile.json5",{"fileSnapShotHashValue":"61aa7eb33038533acad959ad98cf66eb"}]]},"_outputFiles":{"dataType":"Map","value":[["/Users/jepson/Desktop/Harmony/projects/myfirst/entry/build/default/outputs/default/pack.info",{"fileSnapShotHashValue":"192895850f56752b6cec042e17450ae3"}]]}},":myfirst:entry:default@ProcessResource":{"_inputs":[{"dataType":"ValueEntry","value":"{\"_name\":\"BUILTIN_TASK_COMMAND\",\"_value\":\"\",\"_valueType\":\"string\"}"},{"dataType":"ValueEntry","value":"{\"_name\":\"BUILTIN_TASK_ENV\",\"_value\":\"\",\"_valueType\":\"string\"}"},{"dataType":"ValueEntry","value":"{\"_name\":\"BUILTIN_TASK_TOOLCHAIN\",\"_value\":\"\",\"_valueType\":\"string\"}"},{"dataType":"ValueEntry","value":"{\"_name\":\"resConfigJsonContent\",\"_value\":\"{\\\"configPath\\\":\\\"/Users/jepson/Desktop/Harmony/projects/myfirst/entry/build/default/intermediates/process_profile/default/module.json\\\",\\\"packageName\\\":\\\"com.example.myfirst\\\",\\\"output\\\":\\\"/Users/jepson/Desktop/Harmony/projects/myfirst/entry/build/default/intermediates/res/default\\\",\\\"moduleNames\\\":\\\"entry\\\",\\\"ResourceTable\\\":[\\\"/Users/jepson/Desktop/Harmony/projects/myfirst/entry/build/default/generated/r/default/ResourceTable.h\\\"],\\\"applicationResource\\\":\\\"/Users/jepson/Desktop/Harmony/projects/myfirst/AppScope/resources\\\",\\\"moduleResources\\\":[\\\"/Users/jepson/Desktop/Harmony/projects/myfirst/entry/src/main/resources\\\"],\\\"dependencies\\\":[],\\\"iconCheck\\\":true,\\\"ids\\\":\\\"/Users/jepson/Desktop/Harmony/projects/myfirst/entry/build/default/intermediates/res/default/ids_map\\\",\\\"definedIds\\\":\\\"/Users/jepson/Desktop/Harmony/projects/myfirst/entry/build/default/intermediates/res/default/ids_map/id_defined.json\\\"}\",\"_valueType\":\"string\"}"}],"_successful":true,"_projectName":"myfirst","_moduleName":"entry","_taskName":"default@ProcessResource","_key":":myfirst:entry:default@ProcessResource","_executionId":":myfirst:entry:default@ProcessResource:1709210095783","_inputFiles":{"dataType":"Map","value":[]},"_outputFiles":{"dataType":"Map","value":[["/Users/jepson/Desktop/Harmony/projects/myfirst/entry/build/default/intermediates/res/default/resConfig.json",{"isDirectory":false,"fileSnapShotHashValue":"a7cdd060a7ae81f24e1fdce04c8c32d0"}]]}},":myfirst:entry:default@ProcessLibs":{"_inputs":[{"dataType":"ValueEntry","value":"{\"_name\":\"BUILTIN_TASK_COMMAND\",\"_value\":\"\",\"_valueType\":\"string\"}"},{"dataType":"ValueEntry","value":"{\"_name\":\"BUILTIN_TASK_ENV\",\"_value\":\"\",\"_valueType\":\"string\"}"},{"dataType":"ValueEntry","value":"{\"_name\":\"BUILTIN_TASK_TOOLCHAIN\",\"_value\":\"\",\"_valueType\":\"string\"}"}],"_successful":true,"_projectName":"myfirst","_moduleName":"entry","_taskName":"default@ProcessLibs","_key":":myfirst:entry:default@ProcessLibs","_executionId":":myfirst:entry:default@ProcessLibs:1709210095786","_inputFiles":{"dataType":"Map","value":[]},"_outputFiles":{"dataType":"Map","value":[["/Users/jepson/Desktop/Harmony/projects/myfirst/entry/build/default/intermediates/libs/default",{"isDirectory":true,"fileSnapShotHashValue":""}]]}},":myfirst:entry:default@CompileResource":{"_inputs":[{"dataType":"ValueEntry","value":"{\"_name\":\"BUILTIN_TASK_COMMAND\",\"_value\":\"/Users/jepson/Documents/harmony_env/sdk/HarmonyOS-NEXT-DP1/base/toolchains/restool,-l,/Users/jepson/Desktop/Harmony/projects/myfirst/entry/build/default/intermediates/res/default/resConfig.json\",\"_valueType\":\"string\"}"},{"dataType":"ValueEntry","value":"{\"_name\":\"BUILTIN_TASK_ENV\",\"_value\":\"\",\"_valueType\":\"string\"}"},{"dataType":"ValueEntry","value":"{\"_name\":\"BUILTIN_TASK_TOOLCHAIN\",\"_value\":\"/Users/jepson/Documents/harmony_env/sdk/HarmonyOS-NEXT-DP1/base/toolchains/restool\",\"_valueType\":\"string\"}"},{"dataType":"ValueEntry","value":"{\"_name\":\"TARGET_CONFIG\",\"_value\":\"{\\\"name\\\":\\\"default\\\"}\",\"_valueType\":\"string\"}"}],"_successful":true,"_projectName":"myfirst","_moduleName":"entry","_taskName":"default@CompileResource","_key":":myfirst:entry:default@CompileResource","_executionId":":myfirst:entry:default@CompileResource:1709212448695","_inputFiles":{"dataType":"Map","value":[["/Users/jepson/Desktop/Harmony/projects/myfirst/entry/src/main/resources",{"fileSnapShotHashValue":"fc89516147fb9fc7b83978810c30e4d7"}],["/Users/jepson/Desktop/Harmony/projects/myfirst/AppScope/resources",{"fileSnapShotHashValue":"13be5086065837a1d38f6896d8418285"}],["/Users/jepson/Desktop/Harmony/projects/myfirst/entry/build/default/intermediates/process_profile/default/module.json",{"isDirectory":false,"fileSnapShotHashValue":"b94a202566728fc6a752bc15c75159ae"}],["/Users/jepson/Desktop/Harmony/projects/myfirst/entry/build/default/intermediates/res/default/resConfig.json",{"isDirectory":false,"fileSnapShotHashValue":"a7cdd060a7ae81f24e1fdce04c8c32d0"}]]},"_outputFiles":{"dataType":"Map","value":[["/Users/jepson/Desktop/Harmony/projects/myfirst/entry/build/default/intermediates/res/default",{"isDirectory":true,"fileSnapShotHashValue":"0b9bc0593aa9b060d1f86078423ff971"}],["/Users/jepson/Desktop/Harmony/projects/myfirst/entry/build/default/generated/r/default/ResourceTable.h",{"isDirectory":false,"fileSnapShotHashValue":"690d87255cec1716eb7a4117f422b087"}],["/Users/jepson/Desktop/Harmony/projects/myfirst/entry/build/default/generated/r/default",{"isDirectory":true,"fileSnapShotHashValue":"b63a6b4ba940b77add41d70165ae6dfb"}]]}},":myfirst:entry:default@DoNativeStrip":{"_inputs":[{"dataType":"ValueEntry","value":"{\"_name\":\"BUILTIN_TASK_COMMAND\",\"_value\":\"\",\"_valueType\":\"string\"}"},{"dataType":"ValueEntry","value":"{\"_name\":\"BUILTIN_TASK_ENV\",\"_value\":\"\",\"_valueType\":\"string\"}"},{"dataType":"ValueEntry","value":"{\"_name\":\"BUILTIN_TASK_TOOLCHAIN\",\"_value\":\"\",\"_valueType\":\"string\"}"}],"_successful":true,"_projectName":"myfirst","_moduleName":"entry","_taskName":"default@DoNativeStrip","_key":":myfirst:entry:default@DoNativeStrip","_executionId":":myfirst:entry:default@DoNativeStrip:1709210095852","_inputFiles":{"dataType":"Map","value":[["/Users/jepson/Desktop/Harmony/projects/myfirst/entry/build/default/intermediates/libs/default",{"isDirectory":true,"fileSnapShotHashValue":""}]]},"_outputFiles":{"dataType":"Map","value":[["/Users/jepson/Desktop/Harmony/projects/myfirst/entry/build/default/intermediates/stripped_native_libs/default",{"isDirectory":true,"fileSnapShotHashValue":""}]]}},":myfirst:entry:default@CompileArkTS":{"_inputs":[{"dataType":"ValueEntry","value":"{\"_name\":\"debuggable\",\"_value\":true,\"_valueType\":\"boolean\"}"},{"dataType":"ValueEntry","value":"{\"_name\":\"isArk\",\"_value\":true,\"_valueType\":\"boolean\"}"},{"dataType":"ValueEntry","value":"{\"_name\":\"needCoverageInsert\",\"_value\":false,\"_valueType\":\"boolean\"}"},{"dataType":"ValueEntry","value":"{\"_name\":\"customTypes\",\"_value\":\"\",\"_valueType\":\"string\"}"},{"dataType":"ValueEntry","value":"{\"_name\":\"arkTsWdiget\",\"_value\":false,\"_valueType\":\"boolean\"}"},{"dataType":"ValueEntry","value":"{\"_name\":\"OBFUSCATION_ENABLE\",\"_value\":\"undefined\",\"_valueType\":\"string\"}"},{"dataType":"ValueEntry","value":"{\"_name\":\"BUILTIN_TASK_COMMAND\",\"_value\":\"\",\"_valueType\":\"string\"}"},{"dataType":"ValueEntry","value":"{\"_name\":\"BUILTIN_TASK_TOOLCHAIN\",\"_value\":\"\",\"_valueType\":\"string\"}"},{"dataType":"ValueEntry","value":"{\"_name\":\"BUILTIN_TASK_ENV\",\"_value\":\"\",\"_valueType\":\"string\"}"}],"_successful":true,"_projectName":"myfirst","_moduleName":"entry","_taskName":"default@CompileArkTS","_key":":myfirst:entry:default@CompileArkTS","_executionId":":myfirst:entry:default@CompileArkTS:1709212546647","_inputFiles":{"dataType":"Map","value":[["/Users/jepson/Desktop/Harmony/projects/myfirst/entry/build/default/intermediates/loader/default",{"isDirectory":true,"fileSnapShotHashValue":"1aaac70c7f9b888efb20d598a2fa7539"}],["/Users/jepson/Desktop/Harmony/projects/myfirst/entry/build/default/intermediates/res/default/resources/rawfile",{"isDirectory":true,"fileSnapShotHashValue":""}],["/Users/jepson/Desktop/Harmony/projects/myfirst/entry/build/default/intermediates/res/default/ResourceTable.txt",{"fileSnapShotHashValue":"4cfeb032869a9c30103292d1c7b54f37"}],["/Users/jepson/Desktop/Harmony/projects/myfirst/entry/build/default/intermediates/res/default/module.json",{"fileSnapShotHashValue":"7c228ad90140f98da2a45799b26aa91a"}],["/Users/jepson/Desktop/Harmony/projects/myfirst/entry/build/default/intermediates/res/default/resources/base/profile",{"isDirectory":true,"fileSnapShotHashValue":"4a3f6f02a22e4a10108aedbfcf3edad7"}],["/Users/jepson/Desktop/Harmony/projects/myfirst/entry/src/main/ets",{"isDirectory":true,"fileSnapShotHashValue":"87bb7e4f08d94fdd440cfefae8e68e61"}],["/Users/jepson/Desktop/Harmony/projects/myfirst/entry/build/default/generated/profile/default/BuildProfile.ets",{"fileSnapShotHashValue":"e6127556e060d918eb29cb87bef2e29c"}]]},"_outputFiles":{"dataType":"Map","value":[["/Users/jepson/Desktop/Harmony/projects/myfirst/entry/build/default/intermediates/loader_out/default/ets",{"isDirectory":true,"fileSnapShotHashValue":"ae197826532c4af3c32ff6da46f4685f"}]]}},":myfirst:entry:default@BuildJS":{"_inputs":[{"dataType":"ValueEntry","value":"{\"_name\":\"debuggable\",\"_value\":true,\"_valueType\":\"boolean\"}"},{"dataType":"ValueEntry","value":"{\"_name\":\"isArk\",\"_value\":true,\"_valueType\":\"boolean\"}"},{"dataType":"ValueEntry","value":"{\"_name\":\"needCoverageInsert\",\"_value\":false,\"_valueType\":\"boolean\"}"},{"dataType":"ValueEntry","value":"{\"_name\":\"customTypes\",\"_value\":\"\",\"_valueType\":\"string\"}"},{"dataType":"ValueEntry","value":"{\"_name\":\"BUILTIN_TASK_COMMAND\",\"_value\":\"\",\"_valueType\":\"string\"}"},{"dataType":"ValueEntry","value":"{\"_name\":\"BUILTIN_TASK_TOOLCHAIN\",\"_value\":\"\",\"_valueType\":\"string\"}"},{"dataType":"ValueEntry","value":"{\"_name\":\"BUILTIN_TASK_ENV\",\"_value\":\"\",\"_valueType\":\"string\"}"}],"_successful":false,"_projectName":"myfirst","_moduleName":"entry","_taskName":"default@BuildJS","_key":":myfirst:entry:default@BuildJS","_executionId":":myfirst:entry:default@BuildJS:1709212546652","_inputFiles":{"dataType":"Map","value":[["/Users/jepson/Desktop/Harmony/projects/myfirst/entry/build/default/intermediates/loader/default",{"isDirectory":true,"fileSnapShotHashValue":"1aaac70c7f9b888efb20d598a2fa7539"}],["/Users/jepson/Desktop/Harmony/projects/myfirst/entry/build/default/intermediates/res/default/resources/rawfile",{"isDirectory":true,"fileSnapShotHashValue":""}],["/Users/jepson/Desktop/Harmony/projects/myfirst/entry/build/default/intermediates/res/default/ResourceTable.txt",{"fileSnapShotHashValue":"4cfeb032869a9c30103292d1c7b54f37"}],["/Users/jepson/Desktop/Harmony/projects/myfirst/entry/build/default/intermediates/res/default/module.json",{"fileSnapShotHashValue":"7c228ad90140f98da2a45799b26aa91a"}],["/Users/jepson/Desktop/Harmony/projects/myfirst/entry/build/default/intermediates/res/default/resources/base/profile",{"isDirectory":true,"fileSnapShotHashValue":"4a3f6f02a22e4a10108aedbfcf3edad7"}]]},"_outputFiles":{"dataType":"Map","value":[["/Users/jepson/Desktop/Harmony/projects/myfirst/entry/build/default/intermediates/loader_out/default/js",{"isDirectory":true,"fileSnapShotHashValue":""}]]}},":myfirst:entry:default@CacheNativeLibs":{"_inputs":[{"dataType":"ValueEntry","value":"{\"_name\":\"BUILTIN_TASK_COMMAND\",\"_value\":\"\",\"_valueType\":\"string\"}"},{"dataType":"ValueEntry","value":"{\"_name\":\"BUILTIN_TASK_ENV\",\"_value\":\"\",\"_valueType\":\"string\"}"},{"dataType":"ValueEntry","value":"{\"_name\":\"BUILTIN_TASK_TOOLCHAIN\",\"_value\":\"\",\"_valueType\":\"string\"}"}],"_successful":true,"_projectName":"myfirst","_moduleName":"entry","_taskName":"default@CacheNativeLibs","_key":":myfirst:entry:default@CacheNativeLibs","_executionId":":myfirst:entry:default@CacheNativeLibs:1709210095862","_inputFiles":{"dataType":"Map","value":[["/Users/jepson/Desktop/Harmony/projects/myfirst/entry/build/default/intermediates/libs/default",{"isDirectory":true,"fileSnapShotHashValue":""}],["/Users/jepson/Desktop/Harmony/projects/myfirst/entry/build/default/intermediates/stripped_native_libs/default",{"isDirectory":true,"fileSnapShotHashValue":""}]]},"_outputFiles":{"dataType":"Map","value":[["/Users/jepson/Desktop/Harmony/projects/myfirst/entry/build/default/intermediates/patch/default/base_native_libs.json",{"isDirectory":false,"fileSnapShotHashValue":"5519a130df5dfb51bb47c4eba39a317b"}]]}},":myfirst:entry:default@PackageHap":{"_inputs":[{"dataType":"ValueEntry","value":"{\"_name\":\"hotReload\",\"_value\":false,\"_valueType\":\"boolean\"}"},{"dataType":"ValueEntry","value":"{\"_name\":\"BUILTIN_TASK_COMMAND\",\"_value\":\"java,-Dfile.encoding=utf-8,-jar,/Users/jepson/Documents/harmony_env/sdk/HarmonyOS-NEXT-DP1/base/toolchains/lib/app_packing_tool.jar,--mode,hap,--force,true,--lib-path,/Users/jepson/Desktop/Harmony/projects/myfirst/entry/build/default/intermediates/stripped_native_libs/default,--json-path,/Users/jepson/Desktop/Harmony/projects/myfirst/entry/build/default/intermediates/res/default/module.json,--resources-path,/Users/jepson/Desktop/Harmony/projects/myfirst/entry/build/default/intermediates/res/default/resources,--index-path,/Users/jepson/Desktop/Harmony/projects/myfirst/entry/build/default/intermediates/res/default/resources.index,--pack-info-path,/Users/jepson/Desktop/Harmony/projects/myfirst/entry/build/default/outputs/default/pack.info,--out-path,/Users/jepson/Desktop/Harmony/projects/myfirst/entry/build/default/outputs/default/entry-default-unsigned.hap,--ets-path,/Users/jepson/Desktop/Harmony/projects/myfirst/entry/build/default/intermediates/loader_out/default/ets\",\"_valueType\":\"string\"}"},{"dataType":"ValueEntry","value":"{\"_name\":\"BUILTIN_TASK_TOOLCHAIN\",\"_value\":\"/Users/jepson/Documents/harmony_env/sdk/HarmonyOS-NEXT-DP1/base/toolchains/lib/app_packing_tool.jar\",\"_valueType\":\"string\"}"},{"dataType":"ValueEntry","value":"{\"_name\":\"BUILTIN_TASK_ENV\",\"_value\":\"\",\"_valueType\":\"string\"}"}],"_successful":true,"_projectName":"myfirst","_moduleName":"entry","_taskName":"default@PackageHap","_key":":myfirst:entry:default@PackageHap","_executionId":":myfirst:entry:default@PackageHap:1709212546928","_inputFiles":{"dataType":"Map","value":[["/Users/jepson/Desktop/Harmony/projects/myfirst/entry/build/default/intermediates/stripped_native_libs/default",{"isDirectory":false,"fileSnapShotHashValue":""}],["/Users/jepson/Desktop/Harmony/projects/myfirst/entry/build/default/intermediates/res/default/module.json",{"isDirectory":false,"fileSnapShotHashValue":"7c228ad90140f98da2a45799b26aa91a"}],["/Users/jepson/Desktop/Harmony/projects/myfirst/entry/build/default/intermediates/res/default/resources",{"isDirectory":false,"fileSnapShotHashValue":"192345e898539b2d192e98f6faa4b67d"}],["/Users/jepson/Desktop/Harmony/projects/myfirst/entry/build/default/intermediates/res/default/resources.index",{"isDirectory":false,"fileSnapShotHashValue":"3ba28ca0da6ebbfee6984f95e87e0f39"}],["/Users/jepson/Desktop/Harmony/projects/myfirst/entry/build/default/outputs/default/pack.info",{"isDirectory":false,"fileSnapShotHashValue":"192895850f56752b6cec042e17450ae3"}],["/Users/jepson/Desktop/Harmony/projects/myfirst/entry/build/default/intermediates/loader_out/default/ets",{"isDirectory":false,"fileSnapShotHashValue":"ae197826532c4af3c32ff6da46f4685f"}],["/Users/jepson/Desktop/Harmony/projects/myfirst/entry/build/default/generated/profile/default/BuildProfile.ets",{"fileSnapShotHashValue":"e6127556e060d918eb29cb87bef2e29c"}]]},"_outputFiles":{"dataType":"Map","value":[["/Users/jepson/Desktop/Harmony/projects/myfirst/entry/build/default/outputs/default/entry-default-unsigned.hap",{"isDirectory":false,"fileSnapShotHashValue":"d3750a7db55b6bde0d63b2eb53439a2c"}]]}},":myfirst:entry:default@SignHap":{"_inputs":[{"dataType":"ValueEntry","value":"{\"_name\":\"properties.enableSignTask\",\"_value\":true,\"_valueType\":\"boolean\"}"},{"dataType":"ValueEntry","value":"{\"_name\":\"sdkToolchainsComponentVersion\",\"_value\":\"4.1.0.52\",\"_valueType\":\"string\"}"},{"dataType":"ValueEntry","value":"{\"_name\":\"existSigningConfig\",\"_value\":true,\"_valueType\":\"boolean\"}"},{"dataType":"ValueEntry","value":"{\"_name\":\"signingConfig_name\",\"_value\":\"default\",\"_valueType\":\"string\"}"},{"dataType":"ValueEntry","value":"{\"_name\":\"signingConfig_type\",\"_value\":\"HarmonyOS\",\"_valueType\":\"string\"}"},{"dataType":"ValueEntry","value":"{\"_name\":\"existMaterial\",\"_value\":true,\"_valueType\":\"boolean\"}"},{"dataType":"ValueEntry","value":"{\"_name\":\"signingConfig_signAlg\",\"_value\":\"SHA256withECDSA\",\"_valueType\":\"string\"}"},{"dataType":"ValueEntry","value":"{\"_name\":\"signingConfig_keyAlias\",\"_value\":\"debugKey\",\"_valueType\":\"string\"}"},{"dataType":"ValueEntry","value":"{\"_name\":\"signingConfig_keyPassword\",\"_value\":\"0000001B0A0F7CF3CD5C1D0ECE0DA538C250FA724AEC3F85EC7761BD14733FE25ABBA9B9549D1D9388CEFD\",\"_valueType\":\"string\"}"},{"dataType":"ValueEntry","value":"{\"_name\":\"signingConfig_storePassword\",\"_value\":\"0000001B8090597B4F7D21020D9749CD2CDBE28D16BAD67BC3A6703C0AB8E8E2D8EFEA659A98D527E6A605\",\"_valueType\":\"string\"}"},{"dataType":"ValueEntry","value":"{\"_name\":\"BUILTIN_TASK_COMMAND\",\"_value\":\"\",\"_valueType\":\"string\"}"},{"dataType":"ValueEntry","value":"{\"_name\":\"BUILTIN_TASK_TOOLCHAIN\",\"_value\":\"\",\"_valueType\":\"string\"}"},{"dataType":"ValueEntry","value":"{\"_name\":\"BUILTIN_TASK_ENV\",\"_value\":\"\",\"_valueType\":\"string\"}"}],"_successful":true,"_projectName":"myfirst","_moduleName":"entry","_taskName":"default@SignHap","_key":":myfirst:entry:default@SignHap","_executionId":":myfirst:entry:default@SignHap:1709212547129","_inputFiles":{"dataType":"Map","value":[["/Users/jepson/.ohos/config/default_myfirst_k0FttiSJ-fbz-xNULooiR32vyKCOxgzGo0FZMs30lnA=.cer",{"isDirectory":false,"fileSnapShotHashValue":"6aed1e57a839271ce7c8b51d405fa4dc"}],["/Users/jepson/.ohos/config/default_myfirst_k0FttiSJ-fbz-xNULooiR32vyKCOxgzGo0FZMs30lnA=.p7b",{"isDirectory":false,"fileSnapShotHashValue":"f7e2bac80d79aa3261ba28ebc0fe18e3"}],["/Users/jepson/.ohos/config/default_myfirst_k0FttiSJ-fbz-xNULooiR32vyKCOxgzGo0FZMs30lnA=.p12",{"isDirectory":false,"fileSnapShotHashValue":"d1debac4ec957325b8c9669b4a96ae1c"}],["/Users/jepson/Desktop/Harmony/projects/myfirst/entry/build/default/outputs/default/entry-default-unsigned.hap",{"isDirectory":false,"fileSnapShotHashValue":"d3750a7db55b6bde0d63b2eb53439a2c"}]]},"_outputFiles":{"dataType":"Map","value":[["/Users/jepson/Desktop/Harmony/projects/myfirst/entry/build/default/outputs/default/entry-default-signed.hap",{"isDirectory":false,"fileSnapShotHashValue":"6d96a9a71b2b180022702bed53c3ccae"}]]}}}