{
  "version": "2.0",
  "events": [
    {
      "head": {
        "id": "733e8726-bf58-4a22-9be5-77c01f1e589f",
        "name": "hvigor build process will be closed.",
        "description": "",
        "type": "log"
      },
      "body": {
        "pid": 27458,
        "tid": "Main Thread",
        "startTime": 2846574486255666
      },
      "additional": {
        "logType": "debug",
        "children": []
      }
    },
    {
      "head": {
        "id": "2b68d797-45ef-46c4-b475-7a8619e87040",
        "name": "watch worker: worker is ready to be terminated.",
        "description": "",
        "type": "log"
      },
      "body": {
        "pid": 27458,
        "tid": "Main Thread",
        "startTime": 2860905101504125
      },
      "additional": {
        "logType": "debug",
        "children": []
      }
    },
    {
      "head": {
        "id": "a7dc3299-bed2-4af2-80e6-89d5df3aa76e",
        "name": "Server currently has 0 watch-worker",
        "description": "",
        "type": "log"
      },
      "body": {
        "pid": 27458,
        "tid": "Main Thread",
        "startTime": 2860905102369958
      },
      "additional": {
        "logType": "debug",
        "children": []
      }
    },
    {
      "head": {
        "id": "e77a8451-0f6c-4936-8a9b-4a5037494fae",
        "name": "watch worker: worker id should be larger than 0. Nothing will be sent to any worker thread.",
        "description": "",
        "type": "log"
      },
      "body": {
        "pid": 27458,
        "tid": "Main Thread",
        "startTime": 2866833482392583
      },
      "additional": {
        "logType": "debug",
        "children": []
      }
    },
    {
      "head": {
        "id": "d4ab9180-0396-4cb4-bcb5-e760713e00c9",
        "name": "init",
        "description": "Initialize and build task graph.",
        "type": "duration"
      },
      "body": {
        "pid": 27458,
        "tid": "Main Thread",
        "startTime": 2866833485321750,
        "endTime": 2866833563256708
      },
      "additional": {
        "children": [],
        "state": "success",
        "targetName": "",
        "moduleName": "",
        "category": "Init",
        "taskRunReasons": [],
        "logId": "aa81f6a1-dbd2-415d-94cb-b4402ca2666b"
      },
      "log": {
        "_logger": {
          "category": "DurationEvent",
          "context": {},
          "callStackSkipIndex": 0
        },
        "_filelogger": {
          "category": "debug-file",
          "context": {},
          "callStackSkipIndex": 0
        }
      }
    },
    {
      "head": {
        "id": "7143545b-d826-4d6b-905d-f08c5574cc1d",
        "name": "Hvigor init with startParameters:{\n  hvigorfileTypeCheck: false,\n  parallelExecution: true,\n  incrementalExecution: true,\n  printStackTrace: false,\n  daemon: true,\n  analyze: 0,\n  logLevel: Level { level: 20000, levelStr: 'INFO', colour: 'green' },\n  enableSignTask: true,\n  skipNativeIncremental: false,\n  poolMaxCoreSize: undefined,\n  poolCacheCapacity: undefined,\n  poolCacheTtl: undefined\n}",
        "description": "",
        "type": "log"
      },
      "body": {
        "pid": 27458,
        "tid": "Main Thread",
        "startTime": 2866833486700791
      },
      "additional": {
        "logType": "debug",
        "children": []
      }
    },
    {
      "head": {
        "id": "2fa6f5b5-b5a9-4006-a633-00ec4f4e6865",
        "name": "Cache service initialization finished in 4 ms ",
        "description": "",
        "type": "log"
      },
      "body": {
        "pid": 27458,
        "tid": "Main Thread",
        "startTime": 2866833490063166
      },
      "additional": {
        "logType": "debug",
        "children": []
      }
    },
    {
      "head": {
        "id": "eea4fbb9-713d-43aa-98c4-dc4f7591daf2",
        "name": "hvigorfile, resolving /Users/jepson/Desktop/Harmony/projects/myfirst/hvigorfile.ts",
        "description": "",
        "type": "log"
      },
      "body": {
        "pid": 27458,
        "tid": "Main Thread",
        "startTime": 2866833491030750
      },
      "additional": {
        "logType": "debug",
        "children": []
      }
    },
    {
      "head": {
        "id": "6ed3ef0c-7769-4fd0-99ee-0bf12cf4161a",
        "name": "hvigorfile, require result:  { default: { system: [Function: appTasks], plugins: [] } }",
        "description": "",
        "type": "log"
      },
      "body": {
        "pid": 27458,
        "tid": "Main Thread",
        "startTime": 2866833501113083
      },
      "additional": {
        "logType": "debug",
        "children": []
      }
    },
    {
      "head": {
        "id": "6d7d62a9-e673-4907-862a-43fd88a9d0af",
        "name": "hvigorfile, binding system plugins [Function: appTasks]",
        "description": "",
        "type": "log"
      },
      "body": {
        "pid": 27458,
        "tid": "Main Thread",
        "startTime": 2866833501210333
      },
      "additional": {
        "logType": "debug",
        "children": []
      }
    },
    {
      "head": {
        "id": "4a6cb69d-a4f9-45d9-91db-baa65f5f11f3",
        "name": "hvigorfile, binding custom plugins []",
        "description": "",
        "type": "log"
      },
      "body": {
        "pid": 27458,
        "tid": "Main Thread",
        "startTime": 2866833503945166
      },
      "additional": {
        "logType": "debug",
        "children": []
      }
    },
    {
      "head": {
        "id": "d100ba38-4fa1-4d2b-a2ba-065f1f558ca8",
        "name": "hvigorfile, no custom plugins were found in /Users/jepson/Desktop/Harmony/projects/myfirst/hvigorfile.ts",
        "description": "",
        "type": "log"
      },
      "body": {
        "pid": 27458,
        "tid": "Main Thread",
        "startTime": 2866833503999708
      },
      "additional": {
        "logType": "debug",
        "children": []
      }
    },
    {
      "head": {
        "id": "69fb658a-dd83-4304-8b63-342a8f03822e",
        "name": "hvigorfile, resolve finished /Users/jepson/Desktop/Harmony/projects/myfirst/hvigorfile.ts",
        "description": "",
        "type": "log"
      },
      "body": {
        "pid": 27458,
        "tid": "Main Thread",
        "startTime": 2866833504018375
      },
      "additional": {
        "logType": "debug",
        "children": []
      }
    },
    {
      "head": {
        "id": "68cb7873-9767-4e35-827b-32f35db3c246",
        "name": "hvigorfile, resolving /Users/jepson/Desktop/Harmony/projects/myfirst/entry/hvigorfile.ts",
        "description": "",
        "type": "log"
      },
      "body": {
        "pid": 27458,
        "tid": "Main Thread",
        "startTime": 2866833505015875
      },
      "additional": {
        "logType": "debug",
        "children": []
      }
    },
    {
      "head": {
        "id": "6d40cece-e491-4c3f-9421-1f9c262bbef1",
        "name": "hvigorfile, require result:  { default: { system: [Function: hapTasks], plugins: [] } }",
        "description": "",
        "type": "log"
      },
      "body": {
        "pid": 27458,
        "tid": "Main Thread",
        "startTime": 2866833508556541
      },
      "additional": {
        "logType": "debug",
        "children": []
      }
    },
    {
      "head": {
        "id": "cd2ad468-858b-4483-9024-139d5b57d864",
        "name": "hvigorfile, binding system plugins [Function: hapTasks]",
        "description": "",
        "type": "log"
      },
      "body": {
        "pid": 27458,
        "tid": "Main Thread",
        "startTime": 2866833508605125
      },
      "additional": {
        "logType": "debug",
        "children": []
      }
    },
    {
      "head": {
        "id": "6e55857b-0c5e-4b71-84e0-feac69aa2587",
        "name": "Module entry Collected Dependency: ",
        "description": "",
        "type": "log"
      },
      "body": {
        "pid": 27458,
        "tid": "Main Thread",
        "startTime": 2866833510661125
      },
      "additional": {
        "logType": "debug",
        "children": []
      }
    },
    {
      "head": {
        "id": "42c36cd5-b4b9-4a77-be8d-1378537dc3f9",
        "name": "Module entry's total dependency: 0",
        "description": "",
        "type": "log"
      },
      "body": {
        "pid": 27458,
        "tid": "Main Thread",
        "startTime": 2866833510719625
      },
      "additional": {
        "logType": "debug",
        "children": []
      }
    },
    {
      "head": {
        "id": "6d269c82-02f0-42b4-83a0-b1109f2bb5a4",
        "name": "Start initialize module-target build option map, moduleName=entry, buildMode=debug",
        "description": "",
        "type": "log"
      },
      "body": {
        "pid": 27458,
        "tid": "Main Thread",
        "startTime": 2866833511826541
      },
      "additional": {
        "logType": "debug",
        "children": []
      }
    },
    {
      "head": {
        "id": "677f2f69-1e35-415f-a829-c7589551be2f",
        "name": "Target 'default' config: {}",
        "description": "",
        "type": "log"
      },
      "body": {
        "pid": 27458,
        "tid": "Main Thread",
        "startTime": 2866833511866916
      },
      "additional": {
        "logType": "debug",
        "children": []
      }
    },
    {
      "head": {
        "id": "988076c4-a6eb-4d69-9aa5-d84cbd7491b2",
        "name": "Target 'ohosTest' config: {}",
        "description": "",
        "type": "log"
      },
      "body": {
        "pid": 27458,
        "tid": "Main Thread",
        "startTime": 2866833511971500
      },
      "additional": {
        "logType": "debug",
        "children": []
      }
    },
    {
      "head": {
        "id": "bb6ff03d-75f2-4293-95df-4f1b51d53544",
        "name": "Module 'entry' target 'default' build option: {\n  \"debuggable\": true,\n  \"copyFrom\": \"default\",\n  \"name\": \"debug\"\n}",
        "description": "",
        "type": "log"
      },
      "body": {
        "pid": 27458,
        "tid": "Main Thread",
        "startTime": 2866833512100875
      },
      "additional": {
        "logType": "debug",
        "children": []
      }
    },
    {
      "head": {
        "id": "5d659377-d9e2-4565-b4df-15e71234c16e",
        "name": "Module 'entry' target 'ohosTest' build option: {\n  \"debuggable\": true,\n  \"name\": \"default\"\n}",
        "description": "",
        "type": "log"
      },
      "body": {
        "pid": 27458,
        "tid": "Main Thread",
        "startTime": 2866833512125500
      },
      "additional": {
        "logType": "debug",
        "children": []
      }
    },
    {
      "head": {
        "id": "e5f5c969-97c5-4be3-b919-62424f405699",
        "name": "End initialize module-target build option map, moduleName=entry",
        "description": "",
        "type": "log"
      },
      "body": {
        "pid": 27458,
        "tid": "Main Thread",
        "startTime": 2866833512150916
      },
      "additional": {
        "logType": "debug",
        "children": []
      }
    },
    {
      "head": {
        "id": "f67b53fb-4a62-4fba-aea0-e8e86e64419e",
        "name": "Module 'entry' target 'default' using build option: {\n  \"debuggable\": true,\n  \"copyFrom\": \"default\",\n  \"name\": \"debug\"\n} in this build.",
        "description": "",
        "type": "log"
      },
      "body": {
        "pid": 27458,
        "tid": "Main Thread",
        "startTime": 2866833512179666
      },
      "additional": {
        "logType": "debug",
        "children": []
      }
    },
    {
      "head": {
        "id": "dd223c6a-82e5-4490-966c-5e702ea0d745",
        "name": "require SDK: toolchains,ArkTS; moduleName=entry",
        "description": "",
        "type": "log"
      },
      "body": {
        "pid": 27458,
        "tid": "Main Thread",
        "startTime": 2866833512500375
      },
      "additional": {
        "logType": "debug",
        "children": []
      }
    },
    {
      "head": {
        "id": "550a9b20-66d4-41dc-8dbe-9abff173efb3",
        "name": "Module entry task initialization takes 2 ms ",
        "description": "",
        "type": "log"
      },
      "body": {
        "pid": 27458,
        "tid": "Main Thread",
        "startTime": 2866833514283333
      },
      "additional": {
        "logType": "debug",
        "children": []
      }
    },
    {
      "head": {
        "id": "3a300143-728e-484c-8f07-95522a812d27",
        "name": "hvigorfile, binding custom plugins []",
        "description": "",
        "type": "log"
      },
      "body": {
        "pid": 27458,
        "tid": "Main Thread",
        "startTime": 2866833514345416
      },
      "additional": {
        "logType": "debug",
        "children": []
      }
    },
    {
      "head": {
        "id": "ebebeadd-383d-4c59-97c4-7dc57b5fd5b1",
        "name": "hvigorfile, no custom plugins were found in /Users/jepson/Desktop/Harmony/projects/myfirst/entry/hvigorfile.ts",
        "description": "",
        "type": "log"
      },
      "body": {
        "pid": 27458,
        "tid": "Main Thread",
        "startTime": 2866833514368958
      },
      "additional": {
        "logType": "debug",
        "children": []
      }
    },
    {
      "head": {
        "id": "0d922673-284d-462e-a0d7-b929a5a1f783",
        "name": "hvigorfile, resolve finished /Users/jepson/Desktop/Harmony/projects/myfirst/entry/hvigorfile.ts",
        "description": "",
        "type": "log"
      },
      "body": {
        "pid": 27458,
        "tid": "Main Thread",
        "startTime": 2866833514387375
      },
      "additional": {
        "logType": "debug",
        "children": []
      }
    },
    {
      "head": {
        "id": "0c5ab4ba-7ab4-4d04-8e84-a1a80085bc84",
        "name": "hvigorfile, resolve hvigorfile dependencies in 40 ms ",
        "description": "",
        "type": "log"
      },
      "body": {
        "pid": 27458,
        "tid": "Main Thread",
        "startTime": 2866833553647083
      },
      "additional": {
        "logType": "debug",
        "children": []
      }
    },
    {
      "head": {
        "id": "a8b43370-c43e-428f-b627-e6a0b5e485ab",
        "name": "Start initialize project's product build option map with build mode debug.",
        "description": "",
        "type": "log"
      },
      "body": {
        "pid": 27458,
        "tid": "Main Thread",
        "startTime": 2866833553943875
      },
      "additional": {
        "logType": "debug",
        "children": []
      }
    },
    {
      "head": {
        "id": "712e4d63-0860-435a-a2c2-111f2021a546",
        "name": "Picking option from product 'default' with build mode 'debug'.",
        "description": "",
        "type": "log"
      },
      "body": {
        "pid": 27458,
        "tid": "Main Thread",
        "startTime": 2866833554020500
      },
      "additional": {
        "logType": "debug",
        "children": []
      }
    },
    {
      "head": {
        "id": "37df0daa-eea1-42c3-83dd-450197dc3560",
        "name": "Product 'default' build option: {}",
        "description": "",
        "type": "log"
      },
      "body": {
        "pid": 27458,
        "tid": "Main Thread",
        "startTime": 2866833554059708
      },
      "additional": {
        "logType": "debug",
        "children": []
      }
    },
    {
      "head": {
        "id": "f1730ed3-520a-44a5-b7e5-2745f92e19e0",
        "name": "End initialize project's product build option map with build mode 'debug'.",
        "description": "",
        "type": "log"
      },
      "body": {
        "pid": 27458,
        "tid": "Main Thread",
        "startTime": 2866833554077833
      },
      "additional": {
        "logType": "debug",
        "children": []
      }
    },
    {
      "head": {
        "id": "f5f746b4-7576-4167-9b19-5161214c5007",
        "name": "Module myfirst Collected Dependency: ",
        "description": "",
        "type": "log"
      },
      "body": {
        "pid": 27458,
        "tid": "Main Thread",
        "startTime": 2866833554297041
      },
      "additional": {
        "logType": "debug",
        "children": []
      }
    },
    {
      "head": {
        "id": "2c247c45-ac3d-4184-9777-ac82a5e46e72",
        "name": "Module myfirst's total dependency: 0",
        "description": "",
        "type": "log"
      },
      "body": {
        "pid": 27458,
        "tid": "Main Thread",
        "startTime": 2866833554321041
      },
      "additional": {
        "logType": "debug",
        "children": []
      }
    },
    {
      "head": {
        "id": "b128d239-320a-425d-812a-f8049ef441c6",
        "name": "Product 'default' using build option: {\n  \"debuggable\": true\n} in this build.",
        "description": "",
        "type": "log"
      },
      "body": {
        "pid": 27458,
        "tid": "Main Thread",
        "startTime": 2866833554709000
      },
      "additional": {
        "logType": "debug",
        "children": []
      }
    },
    {
      "head": {
        "id": "57ed9eb0-d1ac-40d7-ae82-426a1da598f2",
        "name": "Sdk init in 1 ms ",
        "description": "",
        "type": "log"
      },
      "body": {
        "pid": 27458,
        "tid": "Main Thread",
        "startTime": 2866833557100416
      },
      "additional": {
        "logType": "debug",
        "children": []
      }
    },
    {
      "head": {
        "id": "1794e4a6-da55-4523-b29c-60694aa85fac",
        "name": "sdkVersion",
        "description": "4.1.0.52",
        "type": "mark"
      },
      "body": {
        "pid": 27458,
        "tid": "Main Thread",
        "startTime": 2866833557136875
      },
      "additional": {
        "time": {
          "year": 2024,
          "month": 3,
          "day": 8,
          "hour": 15,
          "minute": 36
        },
        "markType": "other"
      }
    },
    {
      "head": {
        "id": "f79b2f8f-f900-4d5e-b529-6fa80a75d619",
        "name": "Project task initialization takes 5 ms ",
        "description": "",
        "type": "log"
      },
      "body": {
        "pid": 27458,
        "tid": "Main Thread",
        "startTime": 2866833561423750
      },
      "additional": {
        "logType": "debug",
        "children": []
      }
    },
    {
      "head": {
        "id": "cf4f2729-dd6a-4743-a6c8-866d48874d6e",
        "name": "Sdk init in 1 ms ",
        "description": "",
        "type": "log"
      },
      "body": {
        "pid": 27458,
        "tid": "Main Thread",
        "startTime": 2866833562151541
      },
      "additional": {
        "logType": "debug",
        "children": []
      }
    },
    {
      "head": {
        "id": "7c95b7e5-2a56-44a2-930b-6060322b927f",
        "name": "project has submodules:entry",
        "description": "",
        "type": "log"
      },
      "body": {
        "pid": 27458,
        "tid": "Main Thread",
        "startTime": 2866833562628708
      },
      "additional": {
        "logType": "debug",
        "children": []
      }
    },
    {
      "head": {
        "id": "3b0647d1-43d0-4bc9-937d-20d47f137d63",
        "name": "Configuration phase cost:73 ms ",
        "description": "",
        "type": "log"
      },
      "body": {
        "pid": 27458,
        "tid": "Main Thread",
        "startTime": 2866833562895041
      },
      "additional": {
        "logType": "debug",
        "children": []
      }
    },
    {
      "head": {
        "id": "aa81f6a1-dbd2-415d-94cb-b4402ca2666b",
        "name": "init",
        "description": "",
        "type": "log"
      },
      "body": {
        "pid": 27458,
        "tid": "Main Thread",
        "startTime": 2866833485321750,
        "endTime": 2866833563256708
      },
      "additional": {
        "logType": "info",
        "children": [],
        "durationId": "d4ab9180-0396-4cb4-bcb5-e760713e00c9"
      }
    },
    {
      "head": {
        "id": "99fbe366-e78e-4e46-b5f6-c7338e3f7afb",
        "name": "Configuration task cost before running: 79 ms ",
        "description": "",
        "type": "log"
      },
      "body": {
        "pid": 27458,
        "tid": "Main Thread",
        "startTime": 2866833563354416
      },
      "additional": {
        "logType": "debug",
        "children": []
      }
    },
    {
      "head": {
        "id": "0e43a897-7e13-49cf-87f4-76a20d454699",
        "name": "entry:default@PreBuild",
        "description": "Pre-build in the stage model.",
        "type": "duration"
      },
      "body": {
        "pid": 27458,
        "tid": "Main Thread",
        "startTime": 2866833564496208,
        "endTime": 2866833565227291
      },
      "additional": {
        "children": [],
        "state": "success",
        "targetName": "default",
        "moduleName": "entry",
        "category": "Verification",
        "taskRunReasons": [],
        "detailId": "5b5d4c5b-fa1b-4e3c-aa64-8a36ca1f9831",
        "logId": "3549dfa6-1364-4abc-80e9-c54a635701d8"
      },
      "log": {
        "_logger": {
          "category": "DurationEvent",
          "context": {},
          "callStackSkipIndex": 0
        },
        "_filelogger": {
          "category": "debug-file",
          "context": {},
          "callStackSkipIndex": 0
        }
      }
    },
    {
      "head": {
        "id": "5b5d4c5b-fa1b-4e3c-aa64-8a36ca1f9831",
        "name": "create entry:default@PreBuild task",
        "description": "",
        "type": "log"
      },
      "body": {
        "pid": 27458,
        "tid": "Main Thread",
        "startTime": 2866833563580791
      },
      "additional": {
        "logType": "detail",
        "children": [],
        "durationId": "0e43a897-7e13-49cf-87f4-76a20d454699"
      }
    },
    {
      "head": {
        "id": "f2c9af9b-fa95-4f2f-b147-fc1ae3db7953",
        "name": "entry : default@PreBuild start {\n  rss: 105857024,\n  heapTotal: 117899264,\n  heapUsed: 101114520,\n  external: 1054744,\n  arrayBuffers: 120902\n}",
        "description": "",
        "type": "log"
      },
      "body": {
        "pid": 27458,
        "tid": "Main Thread",
        "startTime": 2866833564454333
      },
      "additional": {
        "logType": "debug",
        "children": []
      }
    },
    {
      "head": {
        "id": "5ce8cb6b-def6-4edb-a9f1-4b603fe19441",
        "name": "Executing task :entry:default@PreBuild",
        "description": "",
        "type": "log"
      },
      "body": {
        "pid": 27458,
        "tid": "Main Thread",
        "startTime": 2866833564499958
      },
      "additional": {
        "logType": "debug",
        "children": []
      }
    },
    {
      "head": {
        "id": "2a76a968-3e6a-47a5-8a38-399ea834c71a",
        "name": "Incremental task entry:default@PreBuild pre-execution cost: 1 ms .",
        "description": "",
        "type": "log"
      },
      "body": {
        "pid": 27458,
        "tid": "Main Thread",
        "startTime": 2866833565146875
      },
      "additional": {
        "logType": "debug",
        "children": []
      }
    },
    {
      "head": {
        "id": "5777b879-1c04-4aec-ad2d-b9dd099f64ab",
        "name": "entry : default@PreBuild end {\n  rss: 106348544,\n  heapTotal: 117899264,\n  heapUsed: 101243152,\n  external: 1062936,\n  arrayBuffers: 129094\n}",
        "description": "",
        "type": "log"
      },
      "body": {
        "pid": 27458,
        "tid": "Main Thread",
        "startTime": 2866833565184125
      },
      "additional": {
        "logType": "debug",
        "children": []
      }
    },
    {
      "head": {
        "id": "3549dfa6-1364-4abc-80e9-c54a635701d8",
        "name": "UP-TO-DATE :entry:default@PreBuild",
        "description": "Pre-build in the stage model.",
        "type": "log"
      },
      "body": {
        "pid": 27458,
        "tid": "Main Thread",
        "startTime": 2866833564496208,
        "endTime": 2866833565227291
      },
      "additional": {
        "logType": "info",
        "children": [],
        "durationId": "0e43a897-7e13-49cf-87f4-76a20d454699"
      }
    },
    {
      "head": {
        "id": "588caa60-5998-4c87-b85c-344c9d242902",
        "name": "entry:default@CreateBuildProfile",
        "description": "Create the BuildProfile.ets file for the HAP/HSP package.",
        "type": "duration"
      },
      "body": {
        "pid": 27458,
        "tid": "Main Thread",
        "startTime": 2866833565614833,
        "endTime": 2866833566244916
      },
      "additional": {
        "children": [],
        "state": "success",
        "targetName": "default",
        "moduleName": "entry",
        "category": "Generate",
        "taskRunReasons": [],
        "detailId": "0e296331-3ba5-4784-9930-2ff1cf96905c",
        "logId": "f93d4431-e2e2-4dbd-abf7-654971189cf6"
      },
      "log": {
        "_logger": {
          "category": "DurationEvent",
          "context": {},
          "callStackSkipIndex": 0
        },
        "_filelogger": {
          "category": "debug-file",
          "context": {},
          "callStackSkipIndex": 0
        }
      }
    },
    {
      "head": {
        "id": "0e296331-3ba5-4784-9930-2ff1cf96905c",
        "name": "create entry:default@CreateBuildProfile task",
        "description": "",
        "type": "log"
      },
      "body": {
        "pid": 27458,
        "tid": "Main Thread",
        "startTime": 2866833565467041
      },
      "additional": {
        "logType": "detail",
        "children": [],
        "durationId": "588caa60-5998-4c87-b85c-344c9d242902"
      }
    },
    {
      "head": {
        "id": "f336cae8-7382-48a6-aca3-2984da442a7e",
        "name": "entry : default@CreateBuildProfile start {\n  rss: 106627072,\n  heapTotal: 117899264,\n  heapUsed: 101418880,\n  external: 1062936,\n  arrayBuffers: 129094\n}",
        "description": "",
        "type": "log"
      },
      "body": {
        "pid": 27458,
        "tid": "Main Thread",
        "startTime": 2866833565579833
      },
      "additional": {
        "logType": "debug",
        "children": []
      }
    },
    {
      "head": {
        "id": "bcba265f-bbdc-4f17-b7ab-c5fe273d78ab",
        "name": "Executing task :entry:default@CreateBuildProfile",
        "description": "",
        "type": "log"
      },
      "body": {
        "pid": 27458,
        "tid": "Main Thread",
        "startTime": 2866833565617375
      },
      "additional": {
        "logType": "debug",
        "children": []
      }
    },
    {
      "head": {
        "id": "eff2c580-e923-4e05-b85d-c056225a2df5",
        "name": "Incremental task entry:default@CreateBuildProfile pre-execution cost: 1 ms .",
        "description": "",
        "type": "log"
      },
      "body": {
        "pid": 27458,
        "tid": "Main Thread",
        "startTime": 2866833566175000
      },
      "additional": {
        "logType": "debug",
        "children": []
      }
    },
    {
      "head": {
        "id": "59eb7f7d-74da-4c9e-87fd-a83fc83dddd2",
        "name": "entry : default@CreateBuildProfile end {\n  rss: 106790912,\n  heapTotal: 117899264,\n  heapUsed: 101530912,\n  external: 1062936,\n  arrayBuffers: 129094\n}",
        "description": "",
        "type": "log"
      },
      "body": {
        "pid": 27458,
        "tid": "Main Thread",
        "startTime": 2866833566217958
      },
      "additional": {
        "logType": "debug",
        "children": []
      }
    },
    {
      "head": {
        "id": "f93d4431-e2e2-4dbd-abf7-654971189cf6",
        "name": "UP-TO-DATE :entry:default@CreateBuildProfile",
        "description": "Create the BuildProfile.ets file for the HAP/HSP package.",
        "type": "log"
      },
      "body": {
        "pid": 27458,
        "tid": "Main Thread",
        "startTime": 2866833565614833,
        "endTime": 2866833566244916
      },
      "additional": {
        "logType": "info",
        "children": [],
        "durationId": "588caa60-5998-4c87-b85c-344c9d242902"
      }
    },
    {
      "head": {
        "id": "ad63e6ba-56af-48ae-9cb7-a2b52a9a7d5b",
        "name": "entry:default@GenerateLoaderJson",
        "description": "Generate loader.json in the stage model.",
        "type": "duration"
      },
      "body": {
        "pid": 27458,
        "tid": "Main Thread",
        "startTime": 2866833567388458,
        "endTime": 2866833567643708
      },
      "additional": {
        "children": [],
        "state": "success",
        "targetName": "default",
        "moduleName": "entry",
        "category": "Generate",
        "taskRunReasons": [],
        "detailId": "51948a9d-ea05-4f5b-9a8d-5b54e3adfd48",
        "logId": "be0ca613-285e-4ed5-879e-7aaa7d888378"
      },
      "log": {
        "_logger": {
          "category": "DurationEvent",
          "context": {},
          "callStackSkipIndex": 0
        },
        "_filelogger": {
          "category": "debug-file",
          "context": {},
          "callStackSkipIndex": 0
        }
      }
    },
    {
      "head": {
        "id": "51948a9d-ea05-4f5b-9a8d-5b54e3adfd48",
        "name": "create entry:default@GenerateLoaderJson task",
        "description": "",
        "type": "log"
      },
      "body": {
        "pid": 27458,
        "tid": "Main Thread",
        "startTime": 2866833566555583
      },
      "additional": {
        "logType": "detail",
        "children": [],
        "durationId": "ad63e6ba-56af-48ae-9cb7-a2b52a9a7d5b"
      }
    },
    {
      "head": {
        "id": "15d19ab4-1ce5-454b-9ba3-7e35df50d294",
        "name": "entry : default@GenerateLoaderJson start {\n  rss: 107216896,\n  heapTotal: 117899264,\n  heapUsed: 101841688,\n  external: 1071128,\n  arrayBuffers: 137286\n}",
        "description": "",
        "type": "log"
      },
      "body": {
        "pid": 27458,
        "tid": "Main Thread",
        "startTime": 2866833567359291
      },
      "additional": {
        "logType": "debug",
        "children": []
      }
    },
    {
      "head": {
        "id": "19a8c031-9e36-43ac-b156-9c6cec588b34",
        "name": "Executing task :entry:default@GenerateLoaderJson",
        "description": "",
        "type": "log"
      },
      "body": {
        "pid": 27458,
        "tid": "Main Thread",
        "startTime": 2866833567391416
      },
      "additional": {
        "logType": "debug",
        "children": []
      }
    },
    {
      "head": {
        "id": "20743f50-4a76-434d-b601-bafc8a1e68ea",
        "name": "Incremental task entry:default@GenerateLoaderJson pre-execution cost: 1 ms .",
        "description": "",
        "type": "log"
      },
      "body": {
        "pid": 27458,
        "tid": "Main Thread",
        "startTime": 2866833567595000
      },
      "additional": {
        "logType": "debug",
        "children": []
      }
    },
    {
      "head": {
        "id": "b0607fda-3ff0-49d7-8b8c-259e8ee09bb9",
        "name": "entry : default@GenerateLoaderJson end {\n  rss: 107282432,\n  heapTotal: 117899264,\n  heapUsed: 101908880,\n  external: 1071128,\n  arrayBuffers: 137286\n}",
        "description": "",
        "type": "log"
      },
      "body": {
        "pid": 27458,
        "tid": "Main Thread",
        "startTime": 2866833567621000
      },
      "additional": {
        "logType": "debug",
        "children": []
      }
    },
    {
      "head": {
        "id": "be0ca613-285e-4ed5-879e-7aaa7d888378",
        "name": "UP-TO-DATE :entry:default@GenerateLoaderJson",
        "description": "Generate loader.json in the stage model.",
        "type": "log"
      },
      "body": {
        "pid": 27458,
        "tid": "Main Thread",
        "startTime": 2866833567388458,
        "endTime": 2866833567643708
      },
      "additional": {
        "logType": "info",
        "children": [],
        "durationId": "ad63e6ba-56af-48ae-9cb7-a2b52a9a7d5b"
      }
    },
    {
      "head": {
        "id": "edfa2a34-e274-4d55-8962-2ff94cf9ff73",
        "name": "entry:default@MergeProfile",
        "description": "Merge app config manifest files in the stage model.",
        "type": "duration"
      },
      "body": {
        "pid": 27458,
        "tid": "Main Thread",
        "startTime": 2866833568253666,
        "endTime": 2866833568538333
      },
      "additional": {
        "children": [],
        "state": "success",
        "targetName": "default",
        "moduleName": "entry",
        "category": "Config",
        "taskRunReasons": [],
        "detailId": "bfe34408-5b6e-474f-97a2-c1b33f686338",
        "logId": "a3ca4a9d-3c16-41ce-a3f0-204fda5fe7e0"
      },
      "log": {
        "_logger": {
          "category": "DurationEvent",
          "context": {},
          "callStackSkipIndex": 0
        },
        "_filelogger": {
          "category": "debug-file",
          "context": {},
          "callStackSkipIndex": 0
        }
      }
    },
    {
      "head": {
        "id": "bfe34408-5b6e-474f-97a2-c1b33f686338",
        "name": "create entry:default@MergeProfile task",
        "description": "",
        "type": "log"
      },
      "body": {
        "pid": 27458,
        "tid": "Main Thread",
        "startTime": 2866833567843166
      },
      "additional": {
        "logType": "detail",
        "children": [],
        "durationId": "edfa2a34-e274-4d55-8962-2ff94cf9ff73"
      }
    },
    {
      "head": {
        "id": "1b1990fc-d19a-4654-b0a2-c74fec247f01",
        "name": "entry : default@MergeProfile start {\n  rss: 107462656,\n  heapTotal: 117899264,\n  heapUsed: 102077320,\n  external: 1071128,\n  arrayBuffers: 137286\n}",
        "description": "",
        "type": "log"
      },
      "body": {
        "pid": 27458,
        "tid": "Main Thread",
        "startTime": 2866833568220583
      },
      "additional": {
        "logType": "debug",
        "children": []
      }
    },
    {
      "head": {
        "id": "89ff1cd0-95fd-4ddc-abce-3fb64ce1e27e",
        "name": "Executing task :entry:default@MergeProfile",
        "description": "",
        "type": "log"
      },
      "body": {
        "pid": 27458,
        "tid": "Main Thread",
        "startTime": 2866833568256250
      },
      "additional": {
        "logType": "debug",
        "children": []
      }
    },
    {
      "head": {
        "id": "fe4d940e-2446-4f02-9a93-3dd0b762c821",
        "name": "Incremental task entry:default@MergeProfile pre-execution cost: 1 ms .",
        "description": "",
        "type": "log"
      },
      "body": {
        "pid": 27458,
        "tid": "Main Thread",
        "startTime": 2866833568487875
      },
      "additional": {
        "logType": "debug",
        "children": []
      }
    },
    {
      "head": {
        "id": "0bc258b5-5afd-45da-8e50-e7fcda7e9651",
        "name": "entry : default@MergeProfile end {\n  rss: 107544576,\n  heapTotal: 117899264,\n  heapUsed: 102151736,\n  external: 1071128,\n  arrayBuffers: 137286\n}",
        "description": "",
        "type": "log"
      },
      "body": {
        "pid": 27458,
        "tid": "Main Thread",
        "startTime": 2866833568516458
      },
      "additional": {
        "logType": "debug",
        "children": []
      }
    },
    {
      "head": {
        "id": "a3ca4a9d-3c16-41ce-a3f0-204fda5fe7e0",
        "name": "UP-TO-DATE :entry:default@MergeProfile",
        "description": "Merge app config manifest files in the stage model.",
        "type": "log"
      },
      "body": {
        "pid": 27458,
        "tid": "Main Thread",
        "startTime": 2866833568253666,
        "endTime": 2866833568538333
      },
      "additional": {
        "logType": "info",
        "children": [],
        "durationId": "edfa2a34-e274-4d55-8962-2ff94cf9ff73"
      }
    },
    {
      "head": {
        "id": "4e4f82ca-8f8a-428b-ba2a-2196e012139e",
        "name": "entry:default@ProcessProfile",
        "description": "Process app config manifest files in the stage model.",
        "type": "duration"
      },
      "body": {
        "pid": 27458,
        "tid": "Main Thread",
        "startTime": 2866833569238791,
        "endTime": 2866833569454416
      },
      "additional": {
        "children": [],
        "state": "success",
        "targetName": "default",
        "moduleName": "entry",
        "category": "Config",
        "taskRunReasons": [],
        "detailId": "72bf0877-3074-4b68-b689-6664c243cebd",
        "logId": "df48a737-e538-411b-8ff6-1e1790d8cfcd"
      },
      "log": {
        "_logger": {
          "category": "DurationEvent",
          "context": {},
          "callStackSkipIndex": 0
        },
        "_filelogger": {
          "category": "debug-file",
          "context": {},
          "callStackSkipIndex": 0
        }
      }
    },
    {
      "head": {
        "id": "72bf0877-3074-4b68-b689-6664c243cebd",
        "name": "create entry:default@ProcessProfile task",
        "description": "",
        "type": "log"
      },
      "body": {
        "pid": 27458,
        "tid": "Main Thread",
        "startTime": 2866833568770375
      },
      "additional": {
        "logType": "detail",
        "children": [],
        "durationId": "4e4f82ca-8f8a-428b-ba2a-2196e012139e"
      }
    },
    {
      "head": {
        "id": "e991af01-98e7-4a98-bddc-296777f4ec36",
        "name": "entry : default@ProcessProfile start {\n  rss: 107905024,\n  heapTotal: 117899264,\n  heapUsed: 102334824,\n  external: 1079320,\n  arrayBuffers: 145478\n}",
        "description": "",
        "type": "log"
      },
      "body": {
        "pid": 27458,
        "tid": "Main Thread",
        "startTime": 2866833569208291
      },
      "additional": {
        "logType": "debug",
        "children": []
      }
    },
    {
      "head": {
        "id": "4e015c0f-f89c-4791-874e-9df0ff75cbb5",
        "name": "Executing task :entry:default@ProcessProfile",
        "description": "",
        "type": "log"
      },
      "body": {
        "pid": 27458,
        "tid": "Main Thread",
        "startTime": 2866833569241833
      },
      "additional": {
        "logType": "debug",
        "children": []
      }
    },
    {
      "head": {
        "id": "1e62e6e6-e335-4420-9604-5a1a91d77a4c",
        "name": "Incremental task entry:default@ProcessProfile pre-execution cost: 1 ms .",
        "description": "",
        "type": "log"
      },
      "body": {
        "pid": 27458,
        "tid": "Main Thread",
        "startTime": 2866833569395791
      },
      "additional": {
        "logType": "debug",
        "children": []
      }
    },
    {
      "head": {
        "id": "39b5d81d-b378-4091-a85e-ab639efba7e8",
        "name": "entry : default@ProcessProfile end {\n  rss: 107986944,\n  heapTotal: 117899264,\n  heapUsed: 102393816,\n  external: 1079320,\n  arrayBuffers: 145478\n}",
        "description": "",
        "type": "log"
      },
      "body": {
        "pid": 27458,
        "tid": "Main Thread",
        "startTime": 2866833569427708
      },
      "additional": {
        "logType": "debug",
        "children": []
      }
    },
    {
      "head": {
        "id": "df48a737-e538-411b-8ff6-1e1790d8cfcd",
        "name": "UP-TO-DATE :entry:default@ProcessProfile",
        "description": "Process app config manifest files in the stage model.",
        "type": "log"
      },
      "body": {
        "pid": 27458,
        "tid": "Main Thread",
        "startTime": 2866833569238791,
        "endTime": 2866833569454416
      },
      "additional": {
        "logType": "info",
        "children": [],
        "durationId": "4e4f82ca-8f8a-428b-ba2a-2196e012139e"
      }
    },
    {
      "head": {
        "id": "83d9967d-7f4e-4896-b9bf-903ae4b1113d",
        "name": "entry:default@PreviewProcessResource",
        "description": "Process preview resources incrementally in the stage model.",
        "type": "duration"
      },
      "body": {
        "pid": 27458,
        "tid": "Main Thread",
        "startTime": 2866833570352125,
        "endTime": 2866833571519416
      },
      "additional": {
        "children": [],
        "state": "success",
        "targetName": "default",
        "moduleName": "entry",
        "category": "Resources",
        "taskRunReasons": [],
        "detailId": "e7eb1e95-9302-4aca-81eb-46892f002e6b",
        "logId": "f36de316-31e4-4085-b233-9fecd563a96d"
      },
      "log": {
        "_logger": {
          "category": "DurationEvent",
          "context": {},
          "callStackSkipIndex": 0
        },
        "_filelogger": {
          "category": "debug-file",
          "context": {},
          "callStackSkipIndex": 0
        }
      }
    },
    {
      "head": {
        "id": "e7eb1e95-9302-4aca-81eb-46892f002e6b",
        "name": "create entry:default@PreviewProcessResource task",
        "description": "",
        "type": "log"
      },
      "body": {
        "pid": 27458,
        "tid": "Main Thread",
        "startTime": 2866833569636333
      },
      "additional": {
        "logType": "detail",
        "children": [],
        "durationId": "83d9967d-7f4e-4896-b9bf-903ae4b1113d"
      }
    },
    {
      "head": {
        "id": "03019e7b-036b-445a-abc6-fab4753623ca",
        "name": "restool module names: entry; moduleName=entry, taskName=default@PreviewProcessResource",
        "description": "",
        "type": "log"
      },
      "body": {
        "pid": 27458,
        "tid": "Main Thread",
        "startTime": 2866833569946875
      },
      "additional": {
        "logType": "debug",
        "children": []
      }
    },
    {
      "head": {
        "id": "ebeb8bce-6dce-47a7-af7c-c86409d00f57",
        "name": "entry : default@PreviewProcessResource start {\n  rss: 108298240,\n  heapTotal: 117899264,\n  heapUsed: 102619624,\n  external: 1087512,\n  arrayBuffers: 153670\n}",
        "description": "",
        "type": "log"
      },
      "body": {
        "pid": 27458,
        "tid": "Main Thread",
        "startTime": 2866833570324625
      },
      "additional": {
        "logType": "debug",
        "children": []
      }
    },
    {
      "head": {
        "id": "9bd0b05e-8379-4799-9b2c-5490a7fcda57",
        "name": "Executing task :entry:default@PreviewProcessResource",
        "description": "",
        "type": "log"
      },
      "body": {
        "pid": 27458,
        "tid": "Main Thread",
        "startTime": 2866833570860875
      },
      "additional": {
        "logType": "debug",
        "children": []
      }
    },
    {
      "head": {
        "id": "207a54a9-fc68-4555-8b0b-b157e8f1d000",
        "name": "entry : default@PreviewProcessResource end {\n  rss: 108380160,\n  heapTotal: 117899264,\n  heapUsed: 102718312,\n  external: 1087512,\n  arrayBuffers: 153670\n}",
        "description": "",
        "type": "log"
      },
      "body": {
        "pid": 27458,
        "tid": "Main Thread",
        "startTime": 2866833570989875
      },
      "additional": {
        "logType": "debug",
        "children": []
      }
    },
    {
      "head": {
        "id": "978f129c-2a0f-466d-be51-8194dff951ad",
        "name": "runTaskFromQueue task cost before running: 87 ms ",
        "description": "",
        "type": "log"
      },
      "body": {
        "pid": 27458,
        "tid": "Main Thread",
        "startTime": 2866833571480958
      },
      "additional": {
        "logType": "debug",
        "children": []
      }
    },
    {
      "head": {
        "id": "f36de316-31e4-4085-b233-9fecd563a96d",
        "name": "Finished :entry:default@PreviewProcessResource",
        "description": "Process preview resources incrementally in the stage model.",
        "type": "log"
      },
      "body": {
        "pid": 27458,
        "tid": "Main Thread",
        "startTime": 2866833570352125,
        "endTime": 2866833571519416
      },
      "additional": {
        "logType": "info",
        "children": [],
        "durationId": "83d9967d-7f4e-4896-b9bf-903ae4b1113d"
      }
    },
    {
      "head": {
        "id": "fd761024-90d0-4424-b70a-223a220b6f59",
        "name": "entry:default@PreviewCompileResource",
        "description": "Use Preview to compile project resources in the stage model.",
        "type": "duration"
      },
      "body": {
        "pid": 27458,
        "tid": "Main Thread",
        "startTime": 2866833572870458,
        "endTime": 2866833577679291
      },
      "additional": {
        "children": [],
        "state": "success",
        "targetName": "default",
        "moduleName": "entry",
        "category": "Resources",
        "taskRunReasons": [],
        "detailId": "6547c9f2-fb09-44b8-887d-1983e554049a",
        "logId": "6402048b-2adb-4b1a-9f22-0661f4e7f37e"
      },
      "log": {
        "_logger": {
          "category": "DurationEvent",
          "context": {},
          "callStackSkipIndex": 0
        },
        "_filelogger": {
          "category": "debug-file",
          "context": {},
          "callStackSkipIndex": 0
        }
      }
    },
    {
      "head": {
        "id": "6547c9f2-fb09-44b8-887d-1983e554049a",
        "name": "create entry:default@PreviewCompileResource task",
        "description": "",
        "type": "log"
      },
      "body": {
        "pid": 27458,
        "tid": "Main Thread",
        "startTime": 2866833572187583
      },
      "additional": {
        "logType": "detail",
        "children": [],
        "durationId": "fd761024-90d0-4424-b70a-223a220b6f59"
      }
    },
    {
      "head": {
        "id": "8d2307e2-405b-45e2-ad11-be34d23f6d20",
        "name": "restool module names: entry; moduleName=entry, taskName=default@PreviewCompileResource",
        "description": "",
        "type": "log"
      },
      "body": {
        "pid": 27458,
        "tid": "Main Thread",
        "startTime": 2866833572482958
      },
      "additional": {
        "logType": "debug",
        "children": []
      }
    },
    {
      "head": {
        "id": "2b7d2982-13ae-4e58-8d89-0e9e9ddc868d",
        "name": "entry : default@PreviewCompileResource start {\n  rss: 108838912,\n  heapTotal: 117899264,\n  heapUsed: 103139016,\n  external: 1095704,\n  arrayBuffers: 161862\n}",
        "description": "",
        "type": "log"
      },
      "body": {
        "pid": 27458,
        "tid": "Main Thread",
        "startTime": 2866833572837791
      },
      "additional": {
        "logType": "debug",
        "children": []
      }
    },
    {
      "head": {
        "id": "24a681a6-8555-42f4-b546-9c99346b63fe",
        "name": "Executing task :entry:default@PreviewCompileResource",
        "description": "",
        "type": "log"
      },
      "body": {
        "pid": 27458,
        "tid": "Main Thread",
        "startTime": 2866833572880250
      },
      "additional": {
        "logType": "debug",
        "children": []
      }
    },
    {
      "head": {
        "id": "2e3c9ac5-7ad8-4fbd-9943-f6a54517c618",
        "name": "Incremental task entry:default@PreviewCompileResource pre-execution cost: 5 ms .",
        "description": "",
        "type": "log"
      },
      "body": {
        "pid": 27458,
        "tid": "Main Thread",
        "startTime": 2866833577573666
      },
      "additional": {
        "logType": "debug",
        "children": []
      }
    },
    {
      "head": {
        "id": "460190f1-7e11-4b1b-a40d-d1e325b51f4a",
        "name": "entry : default@PreviewCompileResource end {\n  rss: 109494272,\n  heapTotal: 117899264,\n  heapUsed: 103794352,\n  external: 1103896,\n  arrayBuffers: 170054\n}",
        "description": "",
        "type": "log"
      },
      "body": {
        "pid": 27458,
        "tid": "Main Thread",
        "startTime": 2866833577635375
      },
      "additional": {
        "logType": "debug",
        "children": []
      }
    },
    {
      "head": {
        "id": "6402048b-2adb-4b1a-9f22-0661f4e7f37e",
        "name": "UP-TO-DATE :entry:default@PreviewCompileResource",
        "description": "Use Preview to compile project resources in the stage model.",
        "type": "log"
      },
      "body": {
        "pid": 27458,
        "tid": "Main Thread",
        "startTime": 2866833572870458,
        "endTime": 2866833577679291
      },
      "additional": {
        "logType": "info",
        "children": [],
        "durationId": "fd761024-90d0-4424-b70a-223a220b6f59"
      }
    },
    {
      "head": {
        "id": "24bdbb6f-8ef1-40d0-9dfb-5a41a08de1f1",
        "name": "entry:default@PreviewHookCompileResource",
        "description": "Add a hook task for compiling preview resources.",
        "type": "duration"
      },
      "body": {
        "pid": 27458,
        "tid": "Main Thread",
        "startTime": 2866833578149875,
        "endTime": 2866833578247125
      },
      "additional": {
        "children": [],
        "state": "success",
        "targetName": "default",
        "moduleName": "entry",
        "category": "Hook",
        "taskRunReasons": [],
        "detailId": "2b870fbe-0a3e-4944-8a51-de1de58fa76b",
        "logId": "e335547c-c4b4-4040-87ae-aa2e6c891750"
      },
      "log": {
        "_logger": {
          "category": "DurationEvent",
          "context": {},
          "callStackSkipIndex": 0
        },
        "_filelogger": {
          "category": "debug-file",
          "context": {},
          "callStackSkipIndex": 0
        }
      }
    },
    {
      "head": {
        "id": "2b870fbe-0a3e-4944-8a51-de1de58fa76b",
        "name": "create entry:default@PreviewHookCompileResource task",
        "description": "",
        "type": "log"
      },
      "body": {
        "pid": 27458,
        "tid": "Main Thread",
        "startTime": 2866833578065625
      },
      "additional": {
        "logType": "detail",
        "children": [],
        "durationId": "24bdbb6f-8ef1-40d0-9dfb-5a41a08de1f1"
      }
    },
    {
      "head": {
        "id": "36e559ab-9197-4bd2-b47b-2abf7ff791b9",
        "name": "entry : default@PreviewHookCompileResource start {\n  rss: 109625344,\n  heapTotal: 117899264,\n  heapUsed: 104190880,\n  external: 1103896,\n  arrayBuffers: 170054\n}",
        "description": "",
        "type": "log"
      },
      "body": {
        "pid": 27458,
        "tid": "Main Thread",
        "startTime": 2866833578123375
      },
      "additional": {
        "logType": "debug",
        "children": []
      }
    },
    {
      "head": {
        "id": "dcd5a954-138e-4982-800e-dd2aa6634fc9",
        "name": "Executing task :entry:default@PreviewHookCompileResource",
        "description": "",
        "type": "log"
      },
      "body": {
        "pid": 27458,
        "tid": "Main Thread",
        "startTime": 2866833578152416
      },
      "additional": {
        "logType": "debug",
        "children": []
      }
    },
    {
      "head": {
        "id": "747197d5-046c-4619-8072-70d41d467cb5",
        "name": "entry : default@PreviewHookCompileResource end {\n  rss: 109658112,\n  heapTotal: 117899264,\n  heapUsed: 104216640,\n  external: 1103896,\n  arrayBuffers: 170054\n}",
        "description": "",
        "type": "log"
      },
      "body": {
        "pid": 27458,
        "tid": "Main Thread",
        "startTime": 2866833578196791
      },
      "additional": {
        "logType": "debug",
        "children": []
      }
    },
    {
      "head": {
        "id": "256377aa-63b0-4f4f-8b59-5fd759b7852c",
        "name": "runTaskFromQueue task cost before running: 94 ms ",
        "description": "",
        "type": "log"
      },
      "body": {
        "pid": 27458,
        "tid": "Main Thread",
        "startTime": 2866833578226416
      },
      "additional": {
        "logType": "debug",
        "children": []
      }
    },
    {
      "head": {
        "id": "e335547c-c4b4-4040-87ae-aa2e6c891750",
        "name": "Finished :entry:default@PreviewHookCompileResource",
        "description": "Add a hook task for compiling preview resources.",
        "type": "log"
      },
      "body": {
        "pid": 27458,
        "tid": "Main Thread",
        "startTime": 2866833578149875,
        "endTime": 2866833578247125
      },
      "additional": {
        "logType": "info",
        "children": [],
        "durationId": "24bdbb6f-8ef1-40d0-9dfb-5a41a08de1f1"
      }
    },
    {
      "head": {
        "id": "89e84edf-2761-4032-9ab3-d64c92226b40",
        "name": "entry:default@CopyPreviewProfile",
        "description": "Copy preview profile.",
        "type": "duration"
      },
      "body": {
        "pid": 27458,
        "tid": "Main Thread",
        "startTime": 2866833578627625,
        "endTime": 2866833578887000
      },
      "additional": {
        "children": [],
        "state": "success",
        "targetName": "default",
        "moduleName": "entry",
        "category": "Other",
        "taskRunReasons": [],
        "detailId": "ba71c3d0-0373-410c-9545-d480269d98da",
        "logId": "b1a6a3d2-2fb3-41b5-9c17-4f6dec917917"
      },
      "log": {
        "_logger": {
          "category": "DurationEvent",
          "context": {},
          "callStackSkipIndex": 0
        },
        "_filelogger": {
          "category": "debug-file",
          "context": {},
          "callStackSkipIndex": 0
        }
      }
    },
    {
      "head": {
        "id": "ba71c3d0-0373-410c-9545-d480269d98da",
        "name": "create entry:default@CopyPreviewProfile task",
        "description": "",
        "type": "log"
      },
      "body": {
        "pid": 27458,
        "tid": "Main Thread",
        "startTime": 2866833578425541
      },
      "additional": {
        "logType": "detail",
        "children": [],
        "durationId": "89e84edf-2761-4032-9ab3-d64c92226b40"
      }
    },
    {
      "head": {
        "id": "79975315-97bd-4110-a80a-67fd68b458a1",
        "name": "entry : default@CopyPreviewProfile start {\n  rss: 109838336,\n  heapTotal: 117899264,\n  heapUsed: 104378768,\n  external: 1103896,\n  arrayBuffers: 170054\n}",
        "description": "",
        "type": "log"
      },
      "body": {
        "pid": 27458,
        "tid": "Main Thread",
        "startTime": 2866833578599083
      },
      "additional": {
        "logType": "debug",
        "children": []
      }
    },
    {
      "head": {
        "id": "2d0784c0-b1c3-4d7f-a229-924ee654ca3b",
        "name": "Executing task :entry:default@CopyPreviewProfile",
        "description": "",
        "type": "log"
      },
      "body": {
        "pid": 27458,
        "tid": "Main Thread",
        "startTime": 2866833578630625
      },
      "additional": {
        "logType": "debug",
        "children": []
      }
    },
    {
      "head": {
        "id": "67ac6701-ace1-4a94-ac4d-05a1bca361f3",
        "name": "Incremental task entry:default@CopyPreviewProfile pre-execution cost: 1 ms .",
        "description": "",
        "type": "log"
      },
      "body": {
        "pid": 27458,
        "tid": "Main Thread",
        "startTime": 2866833578838291
      },
      "additional": {
        "logType": "debug",
        "children": []
      }
    },
    {
      "head": {
        "id": "ba22428b-e3c8-47e0-a6d9-954609596a5a",
        "name": "entry : default@CopyPreviewProfile end {\n  rss: 109903872,\n  heapTotal: 117899264,\n  heapUsed: 104446128,\n  external: 1103896,\n  arrayBuffers: 170054\n}",
        "description": "",
        "type": "log"
      },
      "body": {
        "pid": 27458,
        "tid": "Main Thread",
        "startTime": 2866833578866875
      },
      "additional": {
        "logType": "debug",
        "children": []
      }
    },
    {
      "head": {
        "id": "b1a6a3d2-2fb3-41b5-9c17-4f6dec917917",
        "name": "UP-TO-DATE :entry:default@CopyPreviewProfile",
        "description": "Copy preview profile.",
        "type": "log"
      },
      "body": {
        "pid": 27458,
        "tid": "Main Thread",
        "startTime": 2866833578627625,
        "endTime": 2866833578887000
      },
      "additional": {
        "logType": "info",
        "children": [],
        "durationId": "89e84edf-2761-4032-9ab3-d64c92226b40"
      }
    },
    {
      "head": {
        "id": "4071704e-10c4-433c-a88b-881d72e7540a",
        "name": "entry:default@ReplacePreviewerPage",
        "description": "Accept previewer arguments, then use them to replace the ones in the page file.",
        "type": "duration"
      },
      "body": {
        "pid": 27458,
        "tid": "Main Thread",
        "startTime": 2866833580238291,
        "endTime": 2866833580547708
      },
      "additional": {
        "children": [],
        "state": "success",
        "targetName": "default",
        "moduleName": "entry",
        "category": "Other",
        "taskRunReasons": [],
        "detailId": "5432b738-465c-42fc-abc3-ae6936af718d",
        "logId": "eaf8e99f-8256-4773-9e94-da917add81a4"
      },
      "log": {
        "_logger": {
          "category": "DurationEvent",
          "context": {},
          "callStackSkipIndex": 0
        },
        "_filelogger": {
          "category": "debug-file",
          "context": {},
          "callStackSkipIndex": 0
        }
      }
    },
    {
      "head": {
        "id": "5432b738-465c-42fc-abc3-ae6936af718d",
        "name": "create entry:default@ReplacePreviewerPage task",
        "description": "",
        "type": "log"
      },
      "body": {
        "pid": 27458,
        "tid": "Main Thread",
        "startTime": 2866833580035541
      },
      "additional": {
        "logType": "detail",
        "children": [],
        "durationId": "4071704e-10c4-433c-a88b-881d72e7540a"
      }
    },
    {
      "head": {
        "id": "01cf0e8b-62e4-45f1-9a92-0ff2792ce174",
        "name": "entry : default@ReplacePreviewerPage start {\n  rss: 111788032,\n  heapTotal: 119996416,\n  heapUsed: 98955416,\n  external: 1103896,\n  arrayBuffers: 96326\n}",
        "description": "",
        "type": "log"
      },
      "body": {
        "pid": 27458,
        "tid": "Main Thread",
        "startTime": 2866833580182583
      },
      "additional": {
        "logType": "debug",
        "children": []
      }
    },
    {
      "head": {
        "id": "c96c9131-55d3-4f6f-a3f9-55673fd2bcc4",
        "name": "Executing task :entry:default@ReplacePreviewerPage",
        "description": "",
        "type": "log"
      },
      "body": {
        "pid": 27458,
        "tid": "Main Thread",
        "startTime": 2866833580241875
      },
      "additional": {
        "logType": "debug",
        "children": []
      }
    },
    {
      "head": {
        "id": "f7a3eeb7-dcb5-4c62-aa64-5dd13374992d",
        "name": "entry : default@ReplacePreviewerPage end {\n  rss: 111804416,\n  heapTotal: 119996416,\n  heapUsed: 99003576,\n  external: 1103896,\n  arrayBuffers: 96326\n}",
        "description": "",
        "type": "log"
      },
      "body": {
        "pid": 27458,
        "tid": "Main Thread",
        "startTime": 2866833580481208
      },
      "additional": {
        "logType": "debug",
        "children": []
      }
    },
    {
      "head": {
        "id": "e37a38df-7947-4701-9f5f-fcbc7730a481",
        "name": "runTaskFromQueue task cost before running: 96 ms ",
        "description": "",
        "type": "log"
      },
      "body": {
        "pid": 27458,
        "tid": "Main Thread",
        "startTime": 2866833580524708
      },
      "additional": {
        "logType": "debug",
        "children": []
      }
    },
    {
      "head": {
        "id": "eaf8e99f-8256-4773-9e94-da917add81a4",
        "name": "Finished :entry:default@ReplacePreviewerPage",
        "description": "Accept previewer arguments, then use them to replace the ones in the page file.",
        "type": "log"
      },
      "body": {
        "pid": 27458,
        "tid": "Main Thread",
        "startTime": 2866833580238291,
        "endTime": 2866833580547708
      },
      "additional": {
        "logType": "info",
        "children": [],
        "durationId": "4071704e-10c4-433c-a88b-881d72e7540a"
      }
    },
    {
      "head": {
        "id": "5e83c488-41c0-435a-99e8-dc863af034ec",
        "name": "entry:buildPreviewerResource",
        "description": "Build the preview resources.",
        "type": "duration"
      },
      "body": {
        "pid": 27458,
        "tid": "Main Thread",
        "startTime": 2866833580782916,
        "endTime": 2866833580851125
      },
      "additional": {
        "children": [],
        "state": "success",
        "targetName": "",
        "moduleName": "entry",
        "category": "Hook",
        "taskRunReasons": [],
        "detailId": "3656af3a-7d0e-4637-afb3-39620f724151",
        "logId": "09487602-a8b2-4ccb-a06b-9324ba35df8b"
      },
      "log": {
        "_logger": {
          "category": "DurationEvent",
          "context": {},
          "callStackSkipIndex": 0
        },
        "_filelogger": {
          "category": "debug-file",
          "context": {},
          "callStackSkipIndex": 0
        }
      }
    },
    {
      "head": {
        "id": "3656af3a-7d0e-4637-afb3-39620f724151",
        "name": "create entry:buildPreviewerResource task",
        "description": "",
        "type": "log"
      },
      "body": {
        "pid": 27458,
        "tid": "Main Thread",
        "startTime": 2866833580732208
      },
      "additional": {
        "logType": "detail",
        "children": [],
        "durationId": "5e83c488-41c0-435a-99e8-dc863af034ec"
      }
    },
    {
      "head": {
        "id": "72edb661-f9de-4267-aa7f-3c8274c3b239",
        "name": "entry : buildPreviewerResource start {\n  rss: 111804416,\n  heapTotal: 119996416,\n  heapUsed: 99145208,\n  external: 1103896,\n  arrayBuffers: 96326\n}",
        "description": "",
        "type": "log"
      },
      "body": {
        "pid": 27458,
        "tid": "Main Thread",
        "startTime": 2866833580759958
      },
      "additional": {
        "logType": "debug",
        "children": []
      }
    },
    {
      "head": {
        "id": "6d5ddcf2-83ae-43f4-b1eb-f886b1e5fbcc",
        "name": "Executing task :entry:buildPreviewerResource",
        "description": "",
        "type": "log"
      },
      "body": {
        "pid": 27458,
        "tid": "Main Thread",
        "startTime": 2866833580785333
      },
      "additional": {
        "logType": "debug",
        "children": []
      }
    },
    {
      "head": {
        "id": "b02bd2a6-3a84-4b3f-8137-5e5f32dfb6f3",
        "name": "entry : buildPreviewerResource end {\n  rss: 111804416,\n  heapTotal: 119996416,\n  heapUsed: 99169168,\n  external: 1103896,\n  arrayBuffers: 96326\n}",
        "description": "",
        "type": "log"
      },
      "body": {
        "pid": 27458,
        "tid": "Main Thread",
        "startTime": 2866833580810041
      },
      "additional": {
        "logType": "debug",
        "children": []
      }
    },
    {
      "head": {
        "id": "b637ff1e-2176-44d0-aae8-9d1b9a117cfd",
        "name": "runTaskFromQueue task cost before running: 96 ms ",
        "description": "",
        "type": "log"
      },
      "body": {
        "pid": 27458,
        "tid": "Main Thread",
        "startTime": 2866833580835333
      },
      "additional": {
        "logType": "debug",
        "children": []
      }
    },
    {
      "head": {
        "id": "09487602-a8b2-4ccb-a06b-9324ba35df8b",
        "name": "Finished :entry:buildPreviewerResource",
        "description": "Build the preview resources.",
        "type": "log"
      },
      "body": {
        "pid": 27458,
        "tid": "Main Thread",
        "startTime": 2866833580782916,
        "endTime": 2866833580851125
      },
      "additional": {
        "logType": "info",
        "children": [],
        "durationId": "5e83c488-41c0-435a-99e8-dc863af034ec"
      }
    },
    {
      "head": {
        "id": "541069ce-4184-4969-8a3c-a907dafa2781",
        "name": "entry:default@PreviewUpdateAssets",
        "description": "Update main_pages.json and module.json before PreviewBuild.",
        "type": "duration"
      },
      "body": {
        "pid": 27458,
        "tid": "Main Thread",
        "startTime": 2866833581119958,
        "endTime": 2866833581560958
      },
      "additional": {
        "children": [],
        "state": "success",
        "targetName": "default",
        "moduleName": "entry",
        "category": "Config",
        "taskRunReasons": [],
        "detailId": "1aeb117a-1481-4339-953c-dc3c22726fde",
        "logId": "e92164cc-a0f6-4a34-8c15-5aa9b5e93ac9"
      },
      "log": {
        "_logger": {
          "category": "DurationEvent",
          "context": {},
          "callStackSkipIndex": 0
        },
        "_filelogger": {
          "category": "debug-file",
          "context": {},
          "callStackSkipIndex": 0
        }
      }
    },
    {
      "head": {
        "id": "1aeb117a-1481-4339-953c-dc3c22726fde",
        "name": "create entry:default@PreviewUpdateAssets task",
        "description": "",
        "type": "log"
      },
      "body": {
        "pid": 27458,
        "tid": "Main Thread",
        "startTime": 2866833581004083
      },
      "additional": {
        "logType": "detail",
        "children": [],
        "durationId": "541069ce-4184-4969-8a3c-a907dafa2781"
      }
    },
    {
      "head": {
        "id": "fa1515b8-2454-4782-ae93-a8efe5197234",
        "name": "entry : default@PreviewUpdateAssets start {\n  rss: 111820800,\n  heapTotal: 119996416,\n  heapUsed: 99358408,\n  external: 1103896,\n  arrayBuffers: 96326\n}",
        "description": "",
        "type": "log"
      },
      "body": {
        "pid": 27458,
        "tid": "Main Thread",
        "startTime": 2866833581096958
      },
      "additional": {
        "logType": "debug",
        "children": []
      }
    },
    {
      "head": {
        "id": "f637ff95-47d3-4500-80b9-8cf4f25cd681",
        "name": "Executing task :entry:default@PreviewUpdateAssets",
        "description": "",
        "type": "log"
      },
      "body": {
        "pid": 27458,
        "tid": "Main Thread",
        "startTime": 2866833581122541
      },
      "additional": {
        "logType": "debug",
        "children": []
      }
    },
    {
      "head": {
        "id": "a755b019-3c09-4303-b145-37886890a9ee",
        "name": "Incremental task entry:default@PreviewUpdateAssets pre-execution cost: 1 ms .",
        "description": "",
        "type": "log"
      },
      "body": {
        "pid": 27458,
        "tid": "Main Thread",
        "startTime": 2866833581510250
      },
      "additional": {
        "logType": "debug",
        "children": []
      }
    },
    {
      "head": {
        "id": "aae529cc-7485-4e00-9ce3-61a9ccae068e",
        "name": "entry : default@PreviewUpdateAssets end {\n  rss: 111820800,\n  heapTotal: 119996416,\n  heapUsed: 99454472,\n  external: 1046552,\n  arrayBuffers: 112710\n}",
        "description": "",
        "type": "log"
      },
      "body": {
        "pid": 27458,
        "tid": "Main Thread",
        "startTime": 2866833581539875
      },
      "additional": {
        "logType": "debug",
        "children": []
      }
    },
    {
      "head": {
        "id": "e92164cc-a0f6-4a34-8c15-5aa9b5e93ac9",
        "name": "UP-TO-DATE :entry:default@PreviewUpdateAssets",
        "description": "Update main_pages.json and module.json before PreviewBuild.",
        "type": "log"
      },
      "body": {
        "pid": 27458,
        "tid": "Main Thread",
        "startTime": 2866833581119958,
        "endTime": 2866833581560958
      },
      "additional": {
        "logType": "info",
        "children": [],
        "durationId": "541069ce-4184-4969-8a3c-a907dafa2781"
      }
    },
    {
      "head": {
        "id": "ff61bd68-e9ca-4035-8bdb-4c0c25559492",
        "name": "entry:default@PreviewArkTS",
        "description": "Compile ArkTS components on preview in the stage model.",
        "type": "duration"
      },
      "body": {
        "pid": 27458,
        "tid": "Main Thread",
        "startTime": 2866833582892041,
        "endTime": 2866838744383541
      },
      "additional": {
        "children": [
          "4c8b6f1f-1baa-4614-b7bd-086371bd92df"
        ],
        "state": "success",
        "targetName": "default",
        "moduleName": "entry",
        "category": "Generate",
        "taskRunReasons": [
          "The output file '/Users/jepson/Desktop/Harmony/projects/myfirst/entry/.preview/default/intermediates/loader_out/default/ets' does not exist."
        ],
        "detailId": "181c0d9c-a2f4-4c49-8719-75f5355bf31d",
        "logId": "97eeef8b-a920-42b2-b092-589385c8dde4"
      },
      "log": {
        "_logger": {
          "category": "DurationEvent",
          "context": {},
          "callStackSkipIndex": 0
        },
        "_filelogger": {
          "category": "debug-file",
          "context": {},
          "callStackSkipIndex": 0
        }
      }
    },
    {
      "head": {
        "id": "181c0d9c-a2f4-4c49-8719-75f5355bf31d",
        "name": "create entry:default@PreviewArkTS task",
        "description": "",
        "type": "log"
      },
      "body": {
        "pid": 27458,
        "tid": "Main Thread",
        "startTime": 2866833581799375
      },
      "additional": {
        "logType": "detail",
        "children": [],
        "durationId": "ff61bd68-e9ca-4035-8bdb-4c0c25559492"
      }
    },
    {
      "head": {
        "id": "b17870f0-6c7b-4d13-9fb5-83cfb6c912ac",
        "name": "entry : default@PreviewArkTS start {\n  rss: 111837184,\n  heapTotal: 119996416,\n  heapUsed: 99829104,\n  external: 1054744,\n  arrayBuffers: 120902\n}",
        "description": "",
        "type": "log"
      },
      "body": {
        "pid": 27458,
        "tid": "Main Thread",
        "startTime": 2866833582852583
      },
      "additional": {
        "logType": "debug",
        "children": []
      }
    },
    {
      "head": {
        "id": "cfd5470e-16f3-45a7-8ef9-b29aa234f867",
        "name": "Executing task :entry:default@PreviewArkTS",
        "description": "",
        "type": "log"
      },
      "body": {
        "pid": 27458,
        "tid": "Main Thread",
        "startTime": 2866833582894708
      },
      "additional": {
        "logType": "debug",
        "children": []
      }
    },
    {
      "head": {
        "id": "fbfdf731-bfc7-4ae4-b5bf-1e589dd3118f",
        "name": "Obfuscation config only effect in release mode.",
        "description": "",
        "type": "log"
      },
      "body": {
        "pid": 27458,
        "tid": "Main Thread",
        "startTime": 2866833583387583
      },
      "additional": {
        "logType": "debug",
        "children": []
      }
    },
    {
      "head": {
        "id": "8538cde1-bb84-4efb-95fe-2fe2b9ed9556",
        "name": "entry:default@PreviewArkTS is not up-to-date, since the output file '/Users/jepson/Desktop/Harmony/projects/myfirst/entry/.preview/default/intermediates/loader_out/default/ets' does not exist.",
        "description": "",
        "type": "log"
      },
      "body": {
        "pid": 27458,
        "tid": "Main Thread",
        "startTime": 2866833588375166
      },
      "additional": {
        "logType": "debug",
        "children": []
      }
    },
    {
      "head": {
        "id": "f6769925-eb9d-4685-8f96-e63a85e7c400",
        "name": "Incremental task entry:default@PreviewArkTS pre-execution cost: 6 ms .",
        "description": "",
        "type": "log"
      },
      "body": {
        "pid": 27458,
        "tid": "Main Thread",
        "startTime": 2866833588458375
      },
      "additional": {
        "logType": "debug",
        "children": []
      }
    },
    {
      "head": {
        "id": "4c8b6f1f-1baa-4614-b7bd-086371bd92df",
        "name": "entry:default@PreviewArkTS",
        "description": "Compile ArkTS components on preview in the stage model.",
        "type": "duration"
      },
      "body": {
        "pid": 27458,
        "tid": "Worker4",
        "startTime": 2866833590124625,
        "endTime": 2866838743918333
      },
      "additional": {
        "children": [
          "27b78ef7-65a4-4cd2-83f4-0668b7e3da48",
          "ca50962b-058f-4d9a-8dbd-d1f6d6802175",
          "c48b11a4-863f-4cc2-9921-a8f2469ea34d"
        ],
        "state": "success",
        "targetName": "default",
        "moduleName": "entry",
        "category": "",
        "taskRunReasons": [],
        "parent": "ff61bd68-e9ca-4035-8bdb-4c0c25559492",
        "logId": "f1bb3a8c-5151-48b1-affd-8f44f30cade4"
      },
      "log": {
        "_logger": {
          "category": "DurationEvent",
          "context": {},
          "callStackSkipIndex": 0
        },
        "_filelogger": {
          "category": "debug-file",
          "context": {},
          "callStackSkipIndex": 0
        }
      }
    },
    {
      "head": {
        "id": "96fcb065-e9ed-40f2-bf18-de28d70ddf62",
        "name": "entry : default@PreviewArkTS end {\n  rss: 112328704,\n  heapTotal: 119996416,\n  heapUsed: 100586640,\n  external: 1071128,\n  arrayBuffers: 137286\n}",
        "description": "",
        "type": "log"
      },
      "body": {
        "pid": 27458,
        "tid": "Main Thread",
        "startTime": 2866833590187625
      },
      "additional": {
        "logType": "debug",
        "children": []
      }
    },
    {
      "head": {
        "id": "f44435f7-e00a-4929-bc7b-8792749015b2",
        "name": "watch worker: send response to session manager. Response type: WatchStart",
        "description": "",
        "type": "log"
      },
      "body": {
        "pid": 27458,
        "tid": "Main Thread",
        "startTime": 2866834730690458
      },
      "additional": {
        "logType": "debug",
        "children": []
      }
    },
    {
      "head": {
        "id": "459820af-eae4-4868-969d-7330309b589f",
        "name": "watch worker: send response to session manager. Response type: WatchResult",
        "description": "",
        "type": "log"
      },
      "body": {
        "pid": 27458,
        "tid": "Main Thread",
        "startTime": 2866838743488708
      },
      "additional": {
        "logType": "debug",
        "children": []
      }
    },
    {
      "head": {
        "id": "85fa3bf1-e5e5-4fc2-940b-30df1ce1c3fd",
        "name": "watch worker: send response to session manager. Response type: WatchResult",
        "description": "",
        "type": "log"
      },
      "body": {
        "pid": 27458,
        "tid": "Main Thread",
        "startTime": 2866838743619166
      },
      "additional": {
        "logType": "debug",
        "children": []
      }
    },
    {
      "head": {
        "id": "f1bb3a8c-5151-48b1-affd-8f44f30cade4",
        "name": "entry:default@PreviewArkTS",
        "description": "",
        "type": "log"
      },
      "body": {
        "pid": 27458,
        "tid": "Worker4",
        "startTime": 2866833590124625,
        "endTime": 2866838743918333
      },
      "additional": {
        "logType": "info",
        "children": [
          "d0fc6956-f008-4b95-bf56-aa7e6d7fa985",
          "c2887817-ddea-4fde-98de-57c7c281ba45",
          "42e41bfb-1133-4662-ae2f-e35125e17fe4"
        ],
        "durationId": "4c8b6f1f-1baa-4614-b7bd-086371bd92df",
        "parent": "97eeef8b-a920-42b2-b092-589385c8dde4"
      }
    },
    {
      "head": {
        "id": "c48b11a4-863f-4cc2-9921-a8f2469ea34d",
        "name": "compile ArkTS with rollup",
        "description": "",
        "type": "duration"
      },
      "body": {
        "pid": 27458,
        "tid": "Worker4",
        "startTime": 2866834722489416,
        "endTime": 2866838743505250
      },
      "additional": {
        "children": [],
        "state": "success",
        "totalTime": 0,
        "frequency": 0,
        "fromHook": false,
        "parent": "4c8b6f1f-1baa-4614-b7bd-086371bd92df",
        "logId": "42e41bfb-1133-4662-ae2f-e35125e17fe4"
      },
      "log": {
        "_logger": {
          "category": "DurationEvent",
          "context": {},
          "callStackSkipIndex": 0
        },
        "_filelogger": {
          "category": "debug-file",
          "context": {},
          "callStackSkipIndex": 0
        }
      }
    },
    {
      "head": {
        "id": "d0fc6956-f008-4b95-bf56-aa7e6d7fa985",
        "name": "generate configuration information",
        "description": "",
        "type": "log"
      },
      "body": {
        "pid": 27458,
        "tid": "Main Thread",
        "startTime": 2866834249449041,
        "endTime": 2866834713109583
      },
      "additional": {
        "logType": "info",
        "children": [],
        "durationId": "27b78ef7-65a4-4cd2-83f4-0668b7e3da48",
        "parent": "f1bb3a8c-5151-48b1-affd-8f44f30cade4"
      }
    },
    {
      "head": {
        "id": "27b78ef7-65a4-4cd2-83f4-0668b7e3da48",
        "name": "generate configuration information",
        "description": "",
        "type": "duration"
      },
      "body": {
        "pid": 27458,
        "tid": "Worker4",
        "startTime": 2866834249449041,
        "endTime": 2866834713109583
      },
      "additional": {
        "children": [],
        "state": "success",
        "totalTime": 0,
        "frequency": 0,
        "fromHook": false,
        "parent": "4c8b6f1f-1baa-4614-b7bd-086371bd92df",
        "logId": "d0fc6956-f008-4b95-bf56-aa7e6d7fa985"
      },
      "log": {
        "_logger": {
          "category": "DurationEvent",
          "context": {},
          "callStackSkipIndex": 0
        },
        "_filelogger": {
          "category": "debug-file",
          "context": {},
          "callStackSkipIndex": 0
        }
      }
    },
    {
      "head": {
        "id": "c2887817-ddea-4fde-98de-57c7c281ba45",
        "name": "read build package cache",
        "description": "",
        "type": "log"
      },
      "body": {
        "pid": 27458,
        "tid": "Main Thread",
        "startTime": 2866834713190458,
        "endTime": 2866834722450250
      },
      "additional": {
        "logType": "info",
        "children": [],
        "durationId": "ca50962b-058f-4d9a-8dbd-d1f6d6802175",
        "parent": "f1bb3a8c-5151-48b1-affd-8f44f30cade4"
      }
    },
    {
      "head": {
        "id": "ca50962b-058f-4d9a-8dbd-d1f6d6802175",
        "name": "read build package cache",
        "description": "",
        "type": "duration"
      },
      "body": {
        "pid": 27458,
        "tid": "Worker4",
        "startTime": 2866834713190458,
        "endTime": 2866834722450250
      },
      "additional": {
        "children": [],
        "state": "success",
        "totalTime": 0,
        "frequency": 0,
        "fromHook": false,
        "parent": "4c8b6f1f-1baa-4614-b7bd-086371bd92df",
        "logId": "c2887817-ddea-4fde-98de-57c7c281ba45"
      },
      "log": {
        "_logger": {
          "category": "DurationEvent",
          "context": {},
          "callStackSkipIndex": 0
        },
        "_filelogger": {
          "category": "debug-file",
          "context": {},
          "callStackSkipIndex": 0
        }
      }
    },
    {
      "head": {
        "id": "42e41bfb-1133-4662-ae2f-e35125e17fe4",
        "name": "compile ArkTS with rollup",
        "description": "",
        "type": "log"
      },
      "body": {
        "pid": 27458,
        "tid": "Main Thread",
        "startTime": 2866834722489416,
        "endTime": 2866838743505250
      },
      "additional": {
        "logType": "info",
        "children": [],
        "durationId": "c48b11a4-863f-4cc2-9921-a8f2469ea34d",
        "parent": "f1bb3a8c-5151-48b1-affd-8f44f30cade4"
      }
    },
    {
      "head": {
        "id": "c48b11a4-863f-4cc2-9921-a8f2469ea34d",
        "name": "compile ArkTS with rollup",
        "description": "",
        "type": "duration"
      },
      "body": {
        "pid": 27458,
        "tid": "Worker4",
        "startTime": 2866834722489416,
        "endTime": 2866838743505250
      },
      "additional": {
        "children": [],
        "state": "success",
        "totalTime": 0,
        "frequency": 0,
        "fromHook": false,
        "parent": "4c8b6f1f-1baa-4614-b7bd-086371bd92df",
        "logId": "42e41bfb-1133-4662-ae2f-e35125e17fe4"
      },
      "log": {
        "_logger": {
          "category": "DurationEvent",
          "context": {},
          "callStackSkipIndex": 0
        },
        "_filelogger": {
          "category": "debug-file",
          "context": {},
          "callStackSkipIndex": 0
        }
      }
    },
    {
      "head": {
        "id": "97eeef8b-a920-42b2-b092-589385c8dde4",
        "name": "Finished :entry:default@PreviewArkTS",
        "description": "Compile ArkTS components on preview in the stage model.",
        "type": "log"
      },
      "body": {
        "pid": 27458,
        "tid": "Main Thread",
        "startTime": 2866833582892041,
        "endTime": 2866838744383541
      },
      "additional": {
        "logType": "info",
        "children": [
          "f1bb3a8c-5151-48b1-affd-8f44f30cade4"
        ],
        "durationId": "ff61bd68-e9ca-4035-8bdb-4c0c25559492"
      }
    },
    {
      "head": {
        "id": "41066502-7bcd-4f97-8325-fd2ed34e3677",
        "name": "entry:PreviewBuild",
        "description": "Build preview in the stage model.",
        "type": "duration"
      },
      "body": {
        "pid": 27458,
        "tid": "Main Thread",
        "startTime": 2866838745714458,
        "endTime": 2866838745810375
      },
      "additional": {
        "children": [],
        "state": "success",
        "targetName": "",
        "moduleName": "entry",
        "category": "Hook",
        "taskRunReasons": [],
        "detailId": "bdd16ffa-2d0d-43c0-b2bc-76758ba22c1b",
        "logId": "ecfd3135-554e-4540-89f5-2e2ab96e13ea"
      },
      "log": {
        "_logger": {
          "category": "DurationEvent",
          "context": {},
          "callStackSkipIndex": 0
        },
        "_filelogger": {
          "category": "debug-file",
          "context": {},
          "callStackSkipIndex": 0
        }
      }
    },
    {
      "head": {
        "id": "bdd16ffa-2d0d-43c0-b2bc-76758ba22c1b",
        "name": "create entry:PreviewBuild task",
        "description": "",
        "type": "log"
      },
      "body": {
        "pid": 27458,
        "tid": "Main Thread",
        "startTime": 2866838745641041
      },
      "additional": {
        "logType": "detail",
        "children": [],
        "durationId": "41066502-7bcd-4f97-8325-fd2ed34e3677"
      }
    },
    {
      "head": {
        "id": "18db1f8f-821b-4592-aefe-c428a3a8f4ad",
        "name": "entry : PreviewBuild start {\n  rss: 730906624,\n  heapTotal: 115621888,\n  heapUsed: 86944432,\n  external: 996901,\n  arrayBuffers: 63059\n}",
        "description": "",
        "type": "log"
      },
      "body": {
        "pid": 27458,
        "tid": "Main Thread",
        "startTime": 2866838745684791
      },
      "additional": {
        "logType": "debug",
        "children": []
      }
    },
    {
      "head": {
        "id": "639a8eb9-1cbb-4f2a-ba43-f44828116760",
        "name": "Executing task :entry:PreviewBuild",
        "description": "",
        "type": "log"
      },
      "body": {
        "pid": 27458,
        "tid": "Main Thread",
        "startTime": 2866838745718583
      },
      "additional": {
        "logType": "debug",
        "children": []
      }
    },
    {
      "head": {
        "id": "59a10421-9505-473d-b209-5eb02103b42f",
        "name": "entry : PreviewBuild end {\n  rss: 730906624,\n  heapTotal: 115621888,\n  heapUsed: 86968456,\n  external: 996901,\n  arrayBuffers: 63059\n}",
        "description": "",
        "type": "log"
      },
      "body": {
        "pid": 27458,
        "tid": "Main Thread",
        "startTime": 2866838745759541
      },
      "additional": {
        "logType": "debug",
        "children": []
      }
    },
    {
      "head": {
        "id": "b50dc571-55d5-4734-bf22-042a2e0ca899",
        "name": "runTaskFromQueue task cost before running: 5 s 261 ms ",
        "description": "",
        "type": "log"
      },
      "body": {
        "pid": 27458,
        "tid": "Main Thread",
        "startTime": 2866838745792208
      },
      "additional": {
        "logType": "debug",
        "children": []
      }
    },
    {
      "head": {
        "id": "ecfd3135-554e-4540-89f5-2e2ab96e13ea",
        "name": "Finished :entry:PreviewBuild",
        "description": "Build preview in the stage model.",
        "type": "log"
      },
      "body": {
        "pid": 27458,
        "tid": "Main Thread",
        "startTime": 2866838745714458,
        "endTime": 2866838745810375
      },
      "additional": {
        "logType": "info",
        "children": [],
        "durationId": "41066502-7bcd-4f97-8325-fd2ed34e3677"
      }
    },
    {
      "head": {
        "id": "1298a8ca-8ffd-4015-aa49-97913e7fd926",
        "name": "BUILD SUCCESSFUL in 5 s 261 ms ",
        "description": "",
        "type": "log"
      },
      "body": {
        "pid": 27458,
        "tid": "Main Thread",
        "startTime": 2866838745868666
      },
      "additional": {
        "logType": "info",
        "children": []
      }
    },
    {
      "head": {
        "id": "64825e31-276b-4020-965f-cd0002148e2a",
        "name": "PreviewBuild",
        "description": "",
        "type": "mark"
      },
      "body": {
        "pid": 27458,
        "tid": "Main Thread",
        "startTime": 2866833485148208,
        "endTime": 2866838746037083
      },
      "additional": {
        "time": {
          "year": 2024,
          "month": 3,
          "day": 8,
          "hour": 15,
          "minute": 36
        },
        "completeCommand": "{\"mode\":\"module\",\"completeCommand\":\"--mode module -p module=entry@default -p product=default -p pageType=page -p compileResInc=true -p previewMode=true -p buildRoot=.preview PreviewBuild --watch --analyze --parallel --incremental --daemon\",\"watch\":true,\"parallel\":true,\"prop\":[\"module=entry@default\",\"product=default\",\"pageType=page\",\"compileResInc=true\",\"previewMode=true\",\"buildRoot=.preview\"],\"analyze\":true,\"incremental\":true,\"_\":[\"PreviewBuild\"],\"daemon\":true};--mode module -p module=entry@default -p product=default -p pageType=page -p compileResInc=true -p previewMode=true -p buildRoot=.preview PreviewBuild --watch --analyze --parallel --incremental --daemon",
        "hvigorVersion": "4.0.2",
        "markType": "history",
        "category": "build",
        "state": "success"
      }
    },
    {
      "head": {
        "id": "48a89351-82bd-403d-9ad4-cbf79e725cf4",
        "name": "There is no need to refresh cache, since the incremental task entry:default@PreBuild is up-to-date.",
        "description": "",
        "type": "log"
      },
      "body": {
        "pid": 27458,
        "tid": "Main Thread",
        "startTime": 2866838746052875
      },
      "additional": {
        "logType": "debug",
        "children": []
      }
    },
    {
      "head": {
        "id": "7444fe4d-03ed-46c5-aae4-b7ec7ce8015d",
        "name": "There is no need to refresh cache, since the incremental task entry:default@CreateBuildProfile is up-to-date.",
        "description": "",
        "type": "log"
      },
      "body": {
        "pid": 27458,
        "tid": "Main Thread",
        "startTime": 2866838746075875
      },
      "additional": {
        "logType": "debug",
        "children": []
      }
    },
    {
      "head": {
        "id": "f8741896-1b01-4bf2-8005-2cbf55b7bd81",
        "name": "There is no need to refresh cache, since the incremental task entry:default@GenerateLoaderJson is up-to-date.",
        "description": "",
        "type": "log"
      },
      "body": {
        "pid": 27458,
        "tid": "Main Thread",
        "startTime": 2866838746093708
      },
      "additional": {
        "logType": "debug",
        "children": []
      }
    },
    {
      "head": {
        "id": "2db701ba-bc6c-44b4-8517-9b2b30b2b9a0",
        "name": "There is no need to refresh cache, since the incremental task entry:default@MergeProfile is up-to-date.",
        "description": "",
        "type": "log"
      },
      "body": {
        "pid": 27458,
        "tid": "Main Thread",
        "startTime": 2866838746109958
      },
      "additional": {
        "logType": "debug",
        "children": []
      }
    },
    {
      "head": {
        "id": "56d14bbf-4711-4a87-b9e3-f94be223cf21",
        "name": "There is no need to refresh cache, since the incremental task entry:default@ProcessProfile is up-to-date.",
        "description": "",
        "type": "log"
      },
      "body": {
        "pid": 27458,
        "tid": "Main Thread",
        "startTime": 2866838746127208
      },
      "additional": {
        "logType": "debug",
        "children": []
      }
    },
    {
      "head": {
        "id": "2b7be451-09ba-4f1f-99c8-e91da0ab6059",
        "name": "There is no need to refresh cache, since the incremental task entry:default@PreviewCompileResource is up-to-date.",
        "description": "",
        "type": "log"
      },
      "body": {
        "pid": 27458,
        "tid": "Main Thread",
        "startTime": 2866838746149416
      },
      "additional": {
        "logType": "debug",
        "children": []
      }
    },
    {
      "head": {
        "id": "2649f7bb-2d5b-452e-a6b7-831247acde3c",
        "name": "There is no need to refresh cache, since the incremental task entry:default@CopyPreviewProfile is up-to-date.",
        "description": "",
        "type": "log"
      },
      "body": {
        "pid": 27458,
        "tid": "Main Thread",
        "startTime": 2866838746165625
      },
      "additional": {
        "logType": "debug",
        "children": []
      }
    },
    {
      "head": {
        "id": "c1dbdd6a-99db-47f4-91b7-fda6975baef4",
        "name": "There is no need to refresh cache, since the incremental task entry:default@PreviewUpdateAssets is up-to-date.",
        "description": "",
        "type": "log"
      },
      "body": {
        "pid": 27458,
        "tid": "Main Thread",
        "startTime": 2866838746183041
      },
      "additional": {
        "logType": "debug",
        "children": []
      }
    },
    {
      "head": {
        "id": "dadf3c10-0734-4c99-bc80-0b7790e56d43",
        "name": "Update task entry:default@PreviewArkTS input file:/Users/jepson/Desktop/Harmony/projects/myfirst/entry/.preview/default/intermediates/loader/default cache by regenerate.",
        "description": "",
        "type": "log"
      },
      "body": {
        "pid": 27458,
        "tid": "Main Thread",
        "startTime": 2866838746825833
      },
      "additional": {
        "logType": "debug",
        "children": []
      }
    },
    {
      "head": {
        "id": "4ae56ff6-38a3-4777-8050-2a4d0aa0ffdc",
        "name": "Update task entry:default@PreviewArkTS input file:/Users/jepson/Desktop/Harmony/projects/myfirst/entry/.preview/default/intermediates/res/default/ResourceTable.txt cache by regenerate.",
        "description": "",
        "type": "log"
      },
      "body": {
        "pid": 27458,
        "tid": "Main Thread",
        "startTime": 2866838747028291
      },
      "additional": {
        "logType": "debug",
        "children": []
      }
    },
    {
      "head": {
        "id": "01fbc250-2c69-4641-8959-f82aa91898d1",
        "name": "Update task entry:default@PreviewArkTS input file:/Users/jepson/Desktop/Harmony/projects/myfirst/entry/.preview/default/intermediates/res/default/module.json cache by regenerate.",
        "description": "",
        "type": "log"
      },
      "body": {
        "pid": 27458,
        "tid": "Main Thread",
        "startTime": 2866838747078375
      },
      "additional": {
        "logType": "debug",
        "children": []
      }
    },
    {
      "head": {
        "id": "7fdc43c7-b6e2-4eaf-92fa-01ecb40b9676",
        "name": "Update task entry:default@PreviewArkTS input file:/Users/jepson/Desktop/Harmony/projects/myfirst/entry/.preview/default/intermediates/res/default/resources/base/profile cache by regenerate.",
        "description": "",
        "type": "log"
      },
      "body": {
        "pid": 27458,
        "tid": "Main Thread",
        "startTime": 2866838747110958
      },
      "additional": {
        "logType": "debug",
        "children": []
      }
    },
    {
      "head": {
        "id": "7749c262-475e-4883-87c5-8a203f8b264b",
        "name": "Update task entry:default@PreviewArkTS input file:/Users/jepson/Desktop/Harmony/projects/myfirst/entry/src/main/ets cache by regenerate.",
        "description": "",
        "type": "log"
      },
      "body": {
        "pid": 27458,
        "tid": "Main Thread",
        "startTime": 2866838747181500
      },
      "additional": {
        "logType": "debug",
        "children": []
      }
    },
    {
      "head": {
        "id": "8d259c68-0355-4732-bcc5-e5216a4b31dc",
        "name": "Update task entry:default@PreviewArkTS input file:/Users/jepson/Desktop/Harmony/projects/myfirst/entry/.preview/default/generated/profile/default/BuildProfile.ets cache by regenerate.",
        "description": "",
        "type": "log"
      },
      "body": {
        "pid": 27458,
        "tid": "Main Thread",
        "startTime": 2866838747905083
      },
      "additional": {
        "logType": "debug",
        "children": []
      }
    },
    {
      "head": {
        "id": "8ae2cedf-84db-4fe2-b4eb-efb3b8cfcaf2",
        "name": "Update task entry:default@PreviewArkTS output file:/Users/jepson/Desktop/Harmony/projects/myfirst/entry/.preview/default/intermediates/loader_out/default/ets cache.",
        "description": "",
        "type": "log"
      },
      "body": {
        "pid": 27458,
        "tid": "Main Thread",
        "startTime": 2866838747949833
      },
      "additional": {
        "logType": "debug",
        "children": []
      }
    },
    {
      "head": {
        "id": "293d15b2-d689-4442-85c1-031796c1ddfa",
        "name": "Incremental task entry:default@PreviewArkTS post-execution cost:2 ms .",
        "description": "",
        "type": "log"
      },
      "body": {
        "pid": 27458,
        "tid": "Main Thread",
        "startTime": 2866838748085333
      },
      "additional": {
        "logType": "debug",
        "children": []
      }
    }
  ],
  "workLog": []
}