{
  "version": "2.0",
  "events": [
    {
      "head": {
        "id": "d1af3783-ea67-4463-adae-5419c263fa27",
        "name": "hvigor build process will be closed.",
        "description": "",
        "type": "log"
      },
      "body": {
        "pid": 81813,
        "tid": "Main Thread",
        "startTime": 6322299792844500
      },
      "additional": {
        "logType": "debug",
        "children": []
      }
    },
    {
      "head": {
        "id": "bc447ae1-87a7-4472-bab9-2c0f3bf85d10",
        "name": "watch worker: worker is ready to be terminated.",
        "description": "",
        "type": "log"
      },
      "body": {
        "pid": 81813,
        "tid": "Main Thread",
        "startTime": 6322299795833416
      },
      "additional": {
        "logType": "debug",
        "children": []
      }
    },
    {
      "head": {
        "id": "44a80cc3-0a7d-45ab-b8b1-a0fffa75fcc1",
        "name": "Server currently has 0 watch-worker",
        "description": "",
        "type": "log"
      },
      "body": {
        "pid": 81813,
        "tid": "Main Thread",
        "startTime": 6322299795977166
      },
      "additional": {
        "logType": "debug",
        "children": []
      }
    },
    {
      "head": {
        "id": "7bf807f3-76c2-4812-b221-895cd72a881b",
        "name": "watch worker: worker id should be larger than 0. Nothing will be sent to any worker thread.",
        "description": "",
        "type": "log"
      },
      "body": {
        "pid": 81813,
        "tid": "Main Thread",
        "startTime": 6322317900543583
      },
      "additional": {
        "logType": "debug",
        "children": []
      }
    },
    {
      "head": {
        "id": "bfe57d99-ab66-4327-984d-19063dcfaec3",
        "name": "init",
        "description": "Initialize and build task graph.",
        "type": "duration"
      },
      "body": {
        "pid": 81813,
        "tid": "Main Thread",
        "startTime": 6322317901421375,
        "endTime": 6322317962099875
      },
      "additional": {
        "children": [],
        "state": "success",
        "targetName": "",
        "moduleName": "",
        "category": "Init",
        "taskRunReasons": [],
        "logId": "0c7589cc-15b8-4f4d-9efc-ec170cc4125f"
      },
      "log": {
        "_logger": {
          "category": "DurationEvent",
          "context": {},
          "callStackSkipIndex": 0
        },
        "_filelogger": {
          "category": "debug-file",
          "context": {},
          "callStackSkipIndex": 0
        }
      }
    },
    {
      "head": {
        "id": "b4901558-da21-4201-b52a-0dc3712e6be7",
        "name": "Hvigor init with startParameters:{\n  hvigorfileTypeCheck: false,\n  parallelExecution: true,\n  incrementalExecution: true,\n  printStackTrace: false,\n  daemon: true,\n  analyze: 0,\n  logLevel: Level { level: 20000, levelStr: 'INFO', colour: 'green' },\n  enableSignTask: true,\n  skipNativeIncremental: false,\n  poolMaxCoreSize: undefined,\n  poolCacheCapacity: undefined,\n  poolCacheTtl: undefined\n}",
        "description": "",
        "type": "log"
      },
      "body": {
        "pid": 81813,
        "tid": "Main Thread",
        "startTime": 6322317901883083
      },
      "additional": {
        "logType": "debug",
        "children": []
      }
    },
    {
      "head": {
        "id": "4bf4de50-282d-4791-8c27-4211ff1cb3d7",
        "name": "Cache service initialization finished in 2 ms ",
        "description": "",
        "type": "log"
      },
      "body": {
        "pid": 81813,
        "tid": "Main Thread",
        "startTime": 6322317902962125
      },
      "additional": {
        "logType": "debug",
        "children": []
      }
    },
    {
      "head": {
        "id": "d8c8e866-3fb9-4e28-821c-b8cfdb36265d",
        "name": "hvigorfile, resolving /Users/jepson/Desktop/Harmony/projects/Part3Demo/hvigorfile.ts",
        "description": "",
        "type": "log"
      },
      "body": {
        "pid": 81813,
        "tid": "Main Thread",
        "startTime": 6322317903362791
      },
      "additional": {
        "logType": "debug",
        "children": []
      }
    },
    {
      "head": {
        "id": "0bcae98c-c4e9-41db-bc04-e86dce4e964d",
        "name": "hvigorfile, require result:  { default: { system: [Function: appTasks], plugins: [] } }",
        "description": "",
        "type": "log"
      },
      "body": {
        "pid": 81813,
        "tid": "Main Thread",
        "startTime": 6322317909565291
      },
      "additional": {
        "logType": "debug",
        "children": []
      }
    },
    {
      "head": {
        "id": "404a2071-73ae-428d-822b-3230e169fffe",
        "name": "hvigorfile, binding system plugins [Function: appTasks]",
        "description": "",
        "type": "log"
      },
      "body": {
        "pid": 81813,
        "tid": "Main Thread",
        "startTime": 6322317909611958
      },
      "additional": {
        "logType": "debug",
        "children": []
      }
    },
    {
      "head": {
        "id": "161953a8-addc-48f5-be63-d2ff12e761ab",
        "name": "hvigorfile, binding custom plugins []",
        "description": "",
        "type": "log"
      },
      "body": {
        "pid": 81813,
        "tid": "Main Thread",
        "startTime": 6322317910892000
      },
      "additional": {
        "logType": "debug",
        "children": []
      }
    },
    {
      "head": {
        "id": "2584095a-bb5a-4dae-bbf0-c241b729ade6",
        "name": "hvigorfile, no custom plugins were found in /Users/jepson/Desktop/Harmony/projects/Part3Demo/hvigorfile.ts",
        "description": "",
        "type": "log"
      },
      "body": {
        "pid": 81813,
        "tid": "Main Thread",
        "startTime": 6322317910952875
      },
      "additional": {
        "logType": "debug",
        "children": []
      }
    },
    {
      "head": {
        "id": "14b6bd06-d468-4466-ab1a-0f491be48da6",
        "name": "hvigorfile, resolve finished /Users/jepson/Desktop/Harmony/projects/Part3Demo/hvigorfile.ts",
        "description": "",
        "type": "log"
      },
      "body": {
        "pid": 81813,
        "tid": "Main Thread",
        "startTime": 6322317910975833
      },
      "additional": {
        "logType": "debug",
        "children": []
      }
    },
    {
      "head": {
        "id": "a3282823-8491-4452-b3c2-3c2ff9043ed4",
        "name": "hvigorfile, resolving /Users/jepson/Desktop/Harmony/projects/Part3Demo/entry/hvigorfile.ts",
        "description": "",
        "type": "log"
      },
      "body": {
        "pid": 81813,
        "tid": "Main Thread",
        "startTime": 6322317911785833
      },
      "additional": {
        "logType": "debug",
        "children": []
      }
    },
    {
      "head": {
        "id": "8b593865-986e-4dfe-90cf-053c195c0a36",
        "name": "hvigorfile, require result:  { default: { system: [Function: hapTasks], plugins: [] } }",
        "description": "",
        "type": "log"
      },
      "body": {
        "pid": 81813,
        "tid": "Main Thread",
        "startTime": 6322317914859666
      },
      "additional": {
        "logType": "debug",
        "children": []
      }
    },
    {
      "head": {
        "id": "50767b44-fa5d-45be-90bf-359fc78c6350",
        "name": "hvigorfile, binding system plugins [Function: hapTasks]",
        "description": "",
        "type": "log"
      },
      "body": {
        "pid": 81813,
        "tid": "Main Thread",
        "startTime": 6322317914931500
      },
      "additional": {
        "logType": "debug",
        "children": []
      }
    },
    {
      "head": {
        "id": "c700be0b-e8c6-43e7-a5b5-7055edbf5201",
        "name": "Module entry Collected Dependency: ",
        "description": "",
        "type": "log"
      },
      "body": {
        "pid": 81813,
        "tid": "Main Thread",
        "startTime": 6322317916797375
      },
      "additional": {
        "logType": "debug",
        "children": []
      }
    },
    {
      "head": {
        "id": "bff5582c-abf0-465e-800f-62e4a88c3d8e",
        "name": "Module entry's total dependency: 0",
        "description": "",
        "type": "log"
      },
      "body": {
        "pid": 81813,
        "tid": "Main Thread",
        "startTime": 6322317916834333
      },
      "additional": {
        "logType": "debug",
        "children": []
      }
    },
    {
      "head": {
        "id": "48929b34-88c8-40bd-aa82-c7d0bc49e1d7",
        "name": "Start initialize module-target build option map, moduleName=entry, buildMode=debug",
        "description": "",
        "type": "log"
      },
      "body": {
        "pid": 81813,
        "tid": "Main Thread",
        "startTime": 6322317917613375
      },
      "additional": {
        "logType": "debug",
        "children": []
      }
    },
    {
      "head": {
        "id": "4d804419-a8b7-49bd-a5d3-9c26855f2108",
        "name": "Target 'default' config: {}",
        "description": "",
        "type": "log"
      },
      "body": {
        "pid": 81813,
        "tid": "Main Thread",
        "startTime": 6322317917650000
      },
      "additional": {
        "logType": "debug",
        "children": []
      }
    },
    {
      "head": {
        "id": "0edd7703-226e-48a8-9713-b059ca8e02e4",
        "name": "Target 'ohosTest' config: {}",
        "description": "",
        "type": "log"
      },
      "body": {
        "pid": 81813,
        "tid": "Main Thread",
        "startTime": 6322317917698166
      },
      "additional": {
        "logType": "debug",
        "children": []
      }
    },
    {
      "head": {
        "id": "2dc8bac4-b46e-47d3-9878-75a09a94154a",
        "name": "Module 'entry' target 'default' build option: {\n  \"debuggable\": true,\n  \"copyFrom\": \"default\",\n  \"name\": \"debug\"\n}",
        "description": "",
        "type": "log"
      },
      "body": {
        "pid": 81813,
        "tid": "Main Thread",
        "startTime": 6322317917833833
      },
      "additional": {
        "logType": "debug",
        "children": []
      }
    },
    {
      "head": {
        "id": "f56e0f53-c62f-4c46-9c00-92755197c02c",
        "name": "Module 'entry' target 'ohosTest' build option: {\n  \"debuggable\": true,\n  \"name\": \"default\"\n}",
        "description": "",
        "type": "log"
      },
      "body": {
        "pid": 81813,
        "tid": "Main Thread",
        "startTime": 6322317917859416
      },
      "additional": {
        "logType": "debug",
        "children": []
      }
    },
    {
      "head": {
        "id": "81d8a271-5993-484a-81e9-50062dbaf78c",
        "name": "End initialize module-target build option map, moduleName=entry",
        "description": "",
        "type": "log"
      },
      "body": {
        "pid": 81813,
        "tid": "Main Thread",
        "startTime": 6322317917878125
      },
      "additional": {
        "logType": "debug",
        "children": []
      }
    },
    {
      "head": {
        "id": "d50f7161-35e6-44ef-84dc-7d5c20fa5d80",
        "name": "Module 'entry' target 'default' using build option: {\n  \"debuggable\": true,\n  \"copyFrom\": \"default\",\n  \"name\": \"debug\"\n} in this build.",
        "description": "",
        "type": "log"
      },
      "body": {
        "pid": 81813,
        "tid": "Main Thread",
        "startTime": 6322317917903625
      },
      "additional": {
        "logType": "debug",
        "children": []
      }
    },
    {
      "head": {
        "id": "454b227a-7b03-4c90-a3a3-0aeb53fdb0c9",
        "name": "require SDK: toolchains,ArkTS; moduleName=entry",
        "description": "",
        "type": "log"
      },
      "body": {
        "pid": 81813,
        "tid": "Main Thread",
        "startTime": 6322317918076666
      },
      "additional": {
        "logType": "debug",
        "children": []
      }
    },
    {
      "head": {
        "id": "37bb0eae-5e19-40fa-801c-9df8b670cf86",
        "name": "Module entry task initialization takes 1 ms ",
        "description": "",
        "type": "log"
      },
      "body": {
        "pid": 81813,
        "tid": "Main Thread",
        "startTime": 6322317919541208
      },
      "additional": {
        "logType": "debug",
        "children": []
      }
    },
    {
      "head": {
        "id": "6fb4994a-1998-4b82-aaee-7f36879b0e8b",
        "name": "hvigorfile, binding custom plugins []",
        "description": "",
        "type": "log"
      },
      "body": {
        "pid": 81813,
        "tid": "Main Thread",
        "startTime": 6322317919586958
      },
      "additional": {
        "logType": "debug",
        "children": []
      }
    },
    {
      "head": {
        "id": "f85bba79-289a-4370-82ab-64e8723de3a7",
        "name": "hvigorfile, no custom plugins were found in /Users/jepson/Desktop/Harmony/projects/Part3Demo/entry/hvigorfile.ts",
        "description": "",
        "type": "log"
      },
      "body": {
        "pid": 81813,
        "tid": "Main Thread",
        "startTime": 6322317919606625
      },
      "additional": {
        "logType": "debug",
        "children": []
      }
    },
    {
      "head": {
        "id": "cfcf2d51-8712-49c7-8d88-97403a3c1bfe",
        "name": "hvigorfile, resolve finished /Users/jepson/Desktop/Harmony/projects/Part3Demo/entry/hvigorfile.ts",
        "description": "",
        "type": "log"
      },
      "body": {
        "pid": 81813,
        "tid": "Main Thread",
        "startTime": 6322317919622375
      },
      "additional": {
        "logType": "debug",
        "children": []
      }
    },
    {
      "head": {
        "id": "fe515115-ae5b-4dbd-9827-519681069be1",
        "name": "hvigorfile, resolve hvigorfile dependencies in 35 ms ",
        "description": "",
        "type": "log"
      },
      "body": {
        "pid": 81813,
        "tid": "Main Thread",
        "startTime": 6322317954250000
      },
      "additional": {
        "logType": "debug",
        "children": []
      }
    },
    {
      "head": {
        "id": "cb8d79e0-6dc1-4154-9ab8-66d9364802ca",
        "name": "Start initialize project's product build option map with build mode debug.",
        "description": "",
        "type": "log"
      },
      "body": {
        "pid": 81813,
        "tid": "Main Thread",
        "startTime": 6322317954400041
      },
      "additional": {
        "logType": "debug",
        "children": []
      }
    },
    {
      "head": {
        "id": "28113ff3-6d8e-46e7-a404-8266c36b59b0",
        "name": "Picking option from product 'default' with build mode 'debug'.",
        "description": "",
        "type": "log"
      },
      "body": {
        "pid": 81813,
        "tid": "Main Thread",
        "startTime": 6322317954428958
      },
      "additional": {
        "logType": "debug",
        "children": []
      }
    },
    {
      "head": {
        "id": "50fb30d1-eb6f-410c-855a-f94027f63a6a",
        "name": "Product 'default' build option: {}",
        "description": "",
        "type": "log"
      },
      "body": {
        "pid": 81813,
        "tid": "Main Thread",
        "startTime": 6322317954460291
      },
      "additional": {
        "logType": "debug",
        "children": []
      }
    },
    {
      "head": {
        "id": "81b704e8-994f-4d70-887f-a55c04d68918",
        "name": "End initialize project's product build option map with build mode 'debug'.",
        "description": "",
        "type": "log"
      },
      "body": {
        "pid": 81813,
        "tid": "Main Thread",
        "startTime": 6322317954479916
      },
      "additional": {
        "logType": "debug",
        "children": []
      }
    },
    {
      "head": {
        "id": "66a5cd18-6299-4632-be17-89d2c7e4ca3f",
        "name": "Module Part3Demo Collected Dependency: ",
        "description": "",
        "type": "log"
      },
      "body": {
        "pid": 81813,
        "tid": "Main Thread",
        "startTime": 6322317954643375
      },
      "additional": {
        "logType": "debug",
        "children": []
      }
    },
    {
      "head": {
        "id": "3c2bc2e3-4ecb-45f1-9ddb-8b6bab8e0ef0",
        "name": "Module Part3Demo's total dependency: 0",
        "description": "",
        "type": "log"
      },
      "body": {
        "pid": 81813,
        "tid": "Main Thread",
        "startTime": 6322317954661958
      },
      "additional": {
        "logType": "debug",
        "children": []
      }
    },
    {
      "head": {
        "id": "bd79d49f-2dcf-4af4-8810-76beff93c22b",
        "name": "Product 'default' using build option: {\n  \"debuggable\": true\n} in this build.",
        "description": "",
        "type": "log"
      },
      "body": {
        "pid": 81813,
        "tid": "Main Thread",
        "startTime": 6322317954976708
      },
      "additional": {
        "logType": "debug",
        "children": []
      }
    },
    {
      "head": {
        "id": "e1286e9d-8180-42c0-80f9-eddec8d57ef8",
        "name": "Sdk init in 1 ms ",
        "description": "",
        "type": "log"
      },
      "body": {
        "pid": 81813,
        "tid": "Main Thread",
        "startTime": 6322317956240791
      },
      "additional": {
        "logType": "debug",
        "children": []
      }
    },
    {
      "head": {
        "id": "00c88b52-537a-47a9-9717-c71dc3dc7f41",
        "name": "sdkVersion",
        "description": "4.1.0.52",
        "type": "mark"
      },
      "body": {
        "pid": 81813,
        "tid": "Main Thread",
        "startTime": 6322317956283750
      },
      "additional": {
        "time": {
          "year": 2024,
          "month": 4,
          "day": 17,
          "hour": 15,
          "minute": 27
        },
        "markType": "other"
      }
    },
    {
      "head": {
        "id": "6212d7ed-de92-4197-ba4c-16cf0821c06c",
        "name": "Project task initialization takes 5 ms ",
        "description": "",
        "type": "log"
      },
      "body": {
        "pid": 81813,
        "tid": "Main Thread",
        "startTime": 6322317960508208
      },
      "additional": {
        "logType": "debug",
        "children": []
      }
    },
    {
      "head": {
        "id": "f1bcf6fc-19b8-4d04-a8f3-34c8e0691ae7",
        "name": "Sdk init in 1 ms ",
        "description": "",
        "type": "log"
      },
      "body": {
        "pid": 81813,
        "tid": "Main Thread",
        "startTime": 6322317961100500
      },
      "additional": {
        "logType": "debug",
        "children": []
      }
    },
    {
      "head": {
        "id": "a9e31adc-8716-4300-bc64-b8fd38fe2c30",
        "name": "project has submodules:entry",
        "description": "",
        "type": "log"
      },
      "body": {
        "pid": 81813,
        "tid": "Main Thread",
        "startTime": 6322317961593833
      },
      "additional": {
        "logType": "debug",
        "children": []
      }
    },
    {
      "head": {
        "id": "559dcd06-0c4f-4ed2-a597-3782864d5f0c",
        "name": "Configuration phase cost:59 ms ",
        "description": "",
        "type": "log"
      },
      "body": {
        "pid": 81813,
        "tid": "Main Thread",
        "startTime": 6322317961830416
      },
      "additional": {
        "logType": "debug",
        "children": []
      }
    },
    {
      "head": {
        "id": "0c7589cc-15b8-4f4d-9efc-ec170cc4125f",
        "name": "init",
        "description": "",
        "type": "log"
      },
      "body": {
        "pid": 81813,
        "tid": "Main Thread",
        "startTime": 6322317901421375,
        "endTime": 6322317962099875
      },
      "additional": {
        "logType": "info",
        "children": [],
        "durationId": "bfe57d99-ab66-4327-984d-19063dcfaec3"
      }
    },
    {
      "head": {
        "id": "df48d8ac-2f78-492b-af6c-bddd91f91160",
        "name": "Configuration task cost before running: 61 ms ",
        "description": "",
        "type": "log"
      },
      "body": {
        "pid": 81813,
        "tid": "Main Thread",
        "startTime": 6322317962152250
      },
      "additional": {
        "logType": "debug",
        "children": []
      }
    },
    {
      "head": {
        "id": "dc0e606e-5392-43e2-a63d-ad29430d82e2",
        "name": "entry:default@PreBuild",
        "description": "Pre-build in the stage model.",
        "type": "duration"
      },
      "body": {
        "pid": 81813,
        "tid": "Main Thread",
        "startTime": 6322317963153875,
        "endTime": 6322317963823125
      },
      "additional": {
        "children": [],
        "state": "success",
        "targetName": "default",
        "moduleName": "entry",
        "category": "Verification",
        "taskRunReasons": [],
        "detailId": "a4b9fe8c-3c08-41b6-a7bb-f7ad8b4b4831",
        "logId": "078a0421-21df-434e-8b8a-cbd42ae135b7"
      },
      "log": {
        "_logger": {
          "category": "DurationEvent",
          "context": {},
          "callStackSkipIndex": 0
        },
        "_filelogger": {
          "category": "debug-file",
          "context": {},
          "callStackSkipIndex": 0
        }
      }
    },
    {
      "head": {
        "id": "a4b9fe8c-3c08-41b6-a7bb-f7ad8b4b4831",
        "name": "create entry:default@PreBuild task",
        "description": "",
        "type": "log"
      },
      "body": {
        "pid": 81813,
        "tid": "Main Thread",
        "startTime": 6322317962348541
      },
      "additional": {
        "logType": "detail",
        "children": [],
        "durationId": "dc0e606e-5392-43e2-a63d-ad29430d82e2"
      }
    },
    {
      "head": {
        "id": "68709d36-ce7d-4b01-8133-d0ed078613cc",
        "name": "entry : default@PreBuild start {\n  rss: 374194176,\n  heapTotal: 112476160,\n  heapUsed: 93048848,\n  external: 1038785,\n  arrayBuffers: 104943\n}",
        "description": "",
        "type": "log"
      },
      "body": {
        "pid": 81813,
        "tid": "Main Thread",
        "startTime": 6322317963123708
      },
      "additional": {
        "logType": "debug",
        "children": []
      }
    },
    {
      "head": {
        "id": "13861851-b438-457a-901c-a36f0e93875c",
        "name": "Executing task :entry:default@PreBuild",
        "description": "",
        "type": "log"
      },
      "body": {
        "pid": 81813,
        "tid": "Main Thread",
        "startTime": 6322317963157708
      },
      "additional": {
        "logType": "debug",
        "children": []
      }
    },
    {
      "head": {
        "id": "c810e9fc-e08e-47bd-9003-422c1fa2bae4",
        "name": "Incremental task entry:default@PreBuild pre-execution cost: 1 ms .",
        "description": "",
        "type": "log"
      },
      "body": {
        "pid": 81813,
        "tid": "Main Thread",
        "startTime": 6322317963755666
      },
      "additional": {
        "logType": "debug",
        "children": []
      }
    },
    {
      "head": {
        "id": "90b0089f-d938-4f3f-85df-7c7e703250cb",
        "name": "entry : default@PreBuild end {\n  rss: 374194176,\n  heapTotal: 112476160,\n  heapUsed: 93183016,\n  external: 1038785,\n  arrayBuffers: 104943\n}",
        "description": "",
        "type": "log"
      },
      "body": {
        "pid": 81813,
        "tid": "Main Thread",
        "startTime": 6322317963797541
      },
      "additional": {
        "logType": "debug",
        "children": []
      }
    },
    {
      "head": {
        "id": "078a0421-21df-434e-8b8a-cbd42ae135b7",
        "name": "UP-TO-DATE :entry:default@PreBuild",
        "description": "Pre-build in the stage model.",
        "type": "log"
      },
      "body": {
        "pid": 81813,
        "tid": "Main Thread",
        "startTime": 6322317963153875,
        "endTime": 6322317963823125
      },
      "additional": {
        "logType": "info",
        "children": [],
        "durationId": "dc0e606e-5392-43e2-a63d-ad29430d82e2"
      }
    },
    {
      "head": {
        "id": "e5fe7625-1b60-4291-b7a8-eac0f2284ee2",
        "name": "entry:default@CreateBuildProfile",
        "description": "Create the BuildProfile.ets file for the HAP/HSP package.",
        "type": "duration"
      },
      "body": {
        "pid": 81813,
        "tid": "Main Thread",
        "startTime": 6322317964429708,
        "endTime": 6322317965094166
      },
      "additional": {
        "children": [],
        "state": "success",
        "targetName": "default",
        "moduleName": "entry",
        "category": "Generate",
        "taskRunReasons": [],
        "detailId": "02133b1a-6857-4de8-95dc-d202144b5ee9",
        "logId": "96c371d3-2311-43b3-923c-d8840c2a1d8e"
      },
      "log": {
        "_logger": {
          "category": "DurationEvent",
          "context": {},
          "callStackSkipIndex": 0
        },
        "_filelogger": {
          "category": "debug-file",
          "context": {},
          "callStackSkipIndex": 0
        }
      }
    },
    {
      "head": {
        "id": "02133b1a-6857-4de8-95dc-d202144b5ee9",
        "name": "create entry:default@CreateBuildProfile task",
        "description": "",
        "type": "log"
      },
      "body": {
        "pid": 81813,
        "tid": "Main Thread",
        "startTime": 6322317964186791
      },
      "additional": {
        "logType": "detail",
        "children": [],
        "durationId": "e5fe7625-1b60-4291-b7a8-eac0f2284ee2"
      }
    },
    {
      "head": {
        "id": "ba7b576f-02da-48d1-a42f-c10417cbb691",
        "name": "entry : default@CreateBuildProfile start {\n  rss: 374210560,\n  heapTotal: 112476160,\n  heapUsed: 93362320,\n  external: 1038785,\n  arrayBuffers: 104943\n}",
        "description": "",
        "type": "log"
      },
      "body": {
        "pid": 81813,
        "tid": "Main Thread",
        "startTime": 6322317964376250
      },
      "additional": {
        "logType": "debug",
        "children": []
      }
    },
    {
      "head": {
        "id": "043f371e-b855-4d5a-acbc-c06b5aa411b2",
        "name": "Executing task :entry:default@CreateBuildProfile",
        "description": "",
        "type": "log"
      },
      "body": {
        "pid": 81813,
        "tid": "Main Thread",
        "startTime": 6322317964434000
      },
      "additional": {
        "logType": "debug",
        "children": []
      }
    },
    {
      "head": {
        "id": "a371eebd-4bea-4645-8b66-955fba8697cd",
        "name": "Incremental task entry:default@CreateBuildProfile pre-execution cost: 1 ms .",
        "description": "",
        "type": "log"
      },
      "body": {
        "pid": 81813,
        "tid": "Main Thread",
        "startTime": 6322317965032000
      },
      "additional": {
        "logType": "debug",
        "children": []
      }
    },
    {
      "head": {
        "id": "ea87bf3c-718d-47e2-ac5a-d753bccd9e7d",
        "name": "entry : default@CreateBuildProfile end {\n  rss: 374210560,\n  heapTotal: 112476160,\n  heapUsed: 93474928,\n  external: 1038785,\n  arrayBuffers: 104943\n}",
        "description": "",
        "type": "log"
      },
      "body": {
        "pid": 81813,
        "tid": "Main Thread",
        "startTime": 6322317965068958
      },
      "additional": {
        "logType": "debug",
        "children": []
      }
    },
    {
      "head": {
        "id": "96c371d3-2311-43b3-923c-d8840c2a1d8e",
        "name": "UP-TO-DATE :entry:default@CreateBuildProfile",
        "description": "Create the BuildProfile.ets file for the HAP/HSP package.",
        "type": "log"
      },
      "body": {
        "pid": 81813,
        "tid": "Main Thread",
        "startTime": 6322317964429708,
        "endTime": 6322317965094166
      },
      "additional": {
        "logType": "info",
        "children": [],
        "durationId": "e5fe7625-1b60-4291-b7a8-eac0f2284ee2"
      }
    },
    {
      "head": {
        "id": "e821d0bc-7063-40ee-90da-aa5dc2061444",
        "name": "entry:default@GenerateLoaderJson",
        "description": "Generate loader.json in the stage model.",
        "type": "duration"
      },
      "body": {
        "pid": 81813,
        "tid": "Main Thread",
        "startTime": 6322317966173916,
        "endTime": 6322317966435541
      },
      "additional": {
        "children": [],
        "state": "success",
        "targetName": "default",
        "moduleName": "entry",
        "category": "Generate",
        "taskRunReasons": [],
        "detailId": "2c9b93c8-3854-423b-9df5-1ef20b000053",
        "logId": "65207199-56f4-4461-aba6-5e4c044065a4"
      },
      "log": {
        "_logger": {
          "category": "DurationEvent",
          "context": {},
          "callStackSkipIndex": 0
        },
        "_filelogger": {
          "category": "debug-file",
          "context": {},
          "callStackSkipIndex": 0
        }
      }
    },
    {
      "head": {
        "id": "2c9b93c8-3854-423b-9df5-1ef20b000053",
        "name": "create entry:default@GenerateLoaderJson task",
        "description": "",
        "type": "log"
      },
      "body": {
        "pid": 81813,
        "tid": "Main Thread",
        "startTime": 6322317965411208
      },
      "additional": {
        "logType": "detail",
        "children": [],
        "durationId": "e821d0bc-7063-40ee-90da-aa5dc2061444"
      }
    },
    {
      "head": {
        "id": "cd9ac6ba-dd94-44d1-bbb5-6769ac24a081",
        "name": "entry : default@GenerateLoaderJson start {\n  rss: 374210560,\n  heapTotal: 112476160,\n  heapUsed: 93786312,\n  external: 1046977,\n  arrayBuffers: 113135\n}",
        "description": "",
        "type": "log"
      },
      "body": {
        "pid": 81813,
        "tid": "Main Thread",
        "startTime": 6322317966143916
      },
      "additional": {
        "logType": "debug",
        "children": []
      }
    },
    {
      "head": {
        "id": "92a57990-e346-41d7-9fca-24bfd452e7ce",
        "name": "Executing task :entry:default@GenerateLoaderJson",
        "description": "",
        "type": "log"
      },
      "body": {
        "pid": 81813,
        "tid": "Main Thread",
        "startTime": 6322317966176833
      },
      "additional": {
        "logType": "debug",
        "children": []
      }
    },
    {
      "head": {
        "id": "fb8cca4a-db40-4794-b701-58b8fbb24a25",
        "name": "Incremental task entry:default@GenerateLoaderJson pre-execution cost: 1 ms .",
        "description": "",
        "type": "log"
      },
      "body": {
        "pid": 81813,
        "tid": "Main Thread",
        "startTime": 6322317966385000
      },
      "additional": {
        "logType": "debug",
        "children": []
      }
    },
    {
      "head": {
        "id": "55c2b330-7240-4435-b3a4-c3a0deab67b9",
        "name": "entry : default@GenerateLoaderJson end {\n  rss: 374210560,\n  heapTotal: 112476160,\n  heapUsed: 93854016,\n  external: 1046977,\n  arrayBuffers: 113135\n}",
        "description": "",
        "type": "log"
      },
      "body": {
        "pid": 81813,
        "tid": "Main Thread",
        "startTime": 6322317966414375
      },
      "additional": {
        "logType": "debug",
        "children": []
      }
    },
    {
      "head": {
        "id": "65207199-56f4-4461-aba6-5e4c044065a4",
        "name": "UP-TO-DATE :entry:default@GenerateLoaderJson",
        "description": "Generate loader.json in the stage model.",
        "type": "log"
      },
      "body": {
        "pid": 81813,
        "tid": "Main Thread",
        "startTime": 6322317966173916,
        "endTime": 6322317966435541
      },
      "additional": {
        "logType": "info",
        "children": [],
        "durationId": "e821d0bc-7063-40ee-90da-aa5dc2061444"
      }
    },
    {
      "head": {
        "id": "aad9d12e-8c21-463a-a6c0-ddaf50fcd64c",
        "name": "entry:default@MergeProfile",
        "description": "Merge app config manifest files in the stage model.",
        "type": "duration"
      },
      "body": {
        "pid": 81813,
        "tid": "Main Thread",
        "startTime": 6322317966904875,
        "endTime": 6322317967272833
      },
      "additional": {
        "children": [],
        "state": "success",
        "targetName": "default",
        "moduleName": "entry",
        "category": "Config",
        "taskRunReasons": [],
        "detailId": "7f23b4f7-5168-4e1b-828f-6d4af5974e7f",
        "logId": "18525c86-97bf-46cf-adab-2fd804f3540d"
      },
      "log": {
        "_logger": {
          "category": "DurationEvent",
          "context": {},
          "callStackSkipIndex": 0
        },
        "_filelogger": {
          "category": "debug-file",
          "context": {},
          "callStackSkipIndex": 0
        }
      }
    },
    {
      "head": {
        "id": "7f23b4f7-5168-4e1b-828f-6d4af5974e7f",
        "name": "create entry:default@MergeProfile task",
        "description": "",
        "type": "log"
      },
      "body": {
        "pid": 81813,
        "tid": "Main Thread",
        "startTime": 6322317966609625
      },
      "additional": {
        "logType": "detail",
        "children": [],
        "durationId": "aad9d12e-8c21-463a-a6c0-ddaf50fcd64c"
      }
    },
    {
      "head": {
        "id": "7472b5d3-3fd9-4137-a572-2d6ed51b4916",
        "name": "entry : default@MergeProfile start {\n  rss: 374210560,\n  heapTotal: 112476160,\n  heapUsed: 94022936,\n  external: 1055169,\n  arrayBuffers: 121327\n}",
        "description": "",
        "type": "log"
      },
      "body": {
        "pid": 81813,
        "tid": "Main Thread",
        "startTime": 6322317966879958
      },
      "additional": {
        "logType": "debug",
        "children": []
      }
    },
    {
      "head": {
        "id": "7c3445ef-34ad-4691-9a9d-7b1f05141156",
        "name": "Executing task :entry:default@MergeProfile",
        "description": "",
        "type": "log"
      },
      "body": {
        "pid": 81813,
        "tid": "Main Thread",
        "startTime": 6322317966907333
      },
      "additional": {
        "logType": "debug",
        "children": []
      }
    },
    {
      "head": {
        "id": "6962dd5b-9a63-4bdc-8a1a-2be00bb4b14e",
        "name": "Incremental task entry:default@MergeProfile pre-execution cost: 1 ms .",
        "description": "",
        "type": "log"
      },
      "body": {
        "pid": 81813,
        "tid": "Main Thread",
        "startTime": 6322317967224000
      },
      "additional": {
        "logType": "debug",
        "children": []
      }
    },
    {
      "head": {
        "id": "c7f62610-59db-4f72-bc38-b2f76badf0cc",
        "name": "entry : default@MergeProfile end {\n  rss: 374276096,\n  heapTotal: 112738304,\n  heapUsed: 94342320,\n  external: 1055169,\n  arrayBuffers: 121327\n}",
        "description": "",
        "type": "log"
      },
      "body": {
        "pid": 81813,
        "tid": "Main Thread",
        "startTime": 6322317967252541
      },
      "additional": {
        "logType": "debug",
        "children": []
      }
    },
    {
      "head": {
        "id": "18525c86-97bf-46cf-adab-2fd804f3540d",
        "name": "UP-TO-DATE :entry:default@MergeProfile",
        "description": "Merge app config manifest files in the stage model.",
        "type": "log"
      },
      "body": {
        "pid": 81813,
        "tid": "Main Thread",
        "startTime": 6322317966904875,
        "endTime": 6322317967272833
      },
      "additional": {
        "logType": "info",
        "children": [],
        "durationId": "aad9d12e-8c21-463a-a6c0-ddaf50fcd64c"
      }
    },
    {
      "head": {
        "id": "59f963ad-2c12-4440-8e1d-81616357b925",
        "name": "entry:default@ProcessProfile",
        "description": "Process app config manifest files in the stage model.",
        "type": "duration"
      },
      "body": {
        "pid": 81813,
        "tid": "Main Thread",
        "startTime": 6322317967818166,
        "endTime": 6322317967996083
      },
      "additional": {
        "children": [],
        "state": "success",
        "targetName": "default",
        "moduleName": "entry",
        "category": "Config",
        "taskRunReasons": [],
        "detailId": "0cf2f1b5-567a-4ed9-abac-7a97ff8848a0",
        "logId": "25fcbad8-ab38-47c9-8da7-dc03a579eee8"
      },
      "log": {
        "_logger": {
          "category": "DurationEvent",
          "context": {},
          "callStackSkipIndex": 0
        },
        "_filelogger": {
          "category": "debug-file",
          "context": {},
          "callStackSkipIndex": 0
        }
      }
    },
    {
      "head": {
        "id": "0cf2f1b5-567a-4ed9-abac-7a97ff8848a0",
        "name": "create entry:default@ProcessProfile task",
        "description": "",
        "type": "log"
      },
      "body": {
        "pid": 81813,
        "tid": "Main Thread",
        "startTime": 6322317967425416
      },
      "additional": {
        "logType": "detail",
        "children": [],
        "durationId": "59f963ad-2c12-4440-8e1d-81616357b925"
      }
    },
    {
      "head": {
        "id": "83ff4f7f-6a07-49ca-af20-6a8e0260bea5",
        "name": "entry : default@ProcessProfile start {\n  rss: 374276096,\n  heapTotal: 112738304,\n  heapUsed: 94525424,\n  external: 1055169,\n  arrayBuffers: 121327\n}",
        "description": "",
        "type": "log"
      },
      "body": {
        "pid": 81813,
        "tid": "Main Thread",
        "startTime": 6322317967790875
      },
      "additional": {
        "logType": "debug",
        "children": []
      }
    },
    {
      "head": {
        "id": "0d19d3a9-a14e-4814-9f33-c4d8ddce6040",
        "name": "Executing task :entry:default@ProcessProfile",
        "description": "",
        "type": "log"
      },
      "body": {
        "pid": 81813,
        "tid": "Main Thread",
        "startTime": 6322317967820833
      },
      "additional": {
        "logType": "debug",
        "children": []
      }
    },
    {
      "head": {
        "id": "206ec6d3-32ec-409d-a3df-4cd2dcf30eab",
        "name": "Incremental task entry:default@ProcessProfile pre-execution cost: 1 ms .",
        "description": "",
        "type": "log"
      },
      "body": {
        "pid": 81813,
        "tid": "Main Thread",
        "startTime": 6322317967952666
      },
      "additional": {
        "logType": "debug",
        "children": []
      }
    },
    {
      "head": {
        "id": "f33a2e33-627e-4ffc-96ca-575717ee646e",
        "name": "entry : default@ProcessProfile end {\n  rss: 374276096,\n  heapTotal: 112738304,\n  heapUsed: 94584712,\n  external: 1055169,\n  arrayBuffers: 121327\n}",
        "description": "",
        "type": "log"
      },
      "body": {
        "pid": 81813,
        "tid": "Main Thread",
        "startTime": 6322317967976583
      },
      "additional": {
        "logType": "debug",
        "children": []
      }
    },
    {
      "head": {
        "id": "25fcbad8-ab38-47c9-8da7-dc03a579eee8",
        "name": "UP-TO-DATE :entry:default@ProcessProfile",
        "description": "Process app config manifest files in the stage model.",
        "type": "log"
      },
      "body": {
        "pid": 81813,
        "tid": "Main Thread",
        "startTime": 6322317967818166,
        "endTime": 6322317967996083
      },
      "additional": {
        "logType": "info",
        "children": [],
        "durationId": "59f963ad-2c12-4440-8e1d-81616357b925"
      }
    },
    {
      "head": {
        "id": "a921022c-98d1-462b-b967-b5a32fbbe4a8",
        "name": "entry:default@PreviewProcessResource",
        "description": "Process preview resources incrementally in the stage model.",
        "type": "duration"
      },
      "body": {
        "pid": 81813,
        "tid": "Main Thread",
        "startTime": 6322317968901750,
        "endTime": 6322317969932416
      },
      "additional": {
        "children": [],
        "state": "success",
        "targetName": "default",
        "moduleName": "entry",
        "category": "Resources",
        "taskRunReasons": [],
        "detailId": "b614364f-4189-425a-84bd-f8bbc8c81376",
        "logId": "d07b6067-2c8b-4ba8-977f-2373ad7fc8e4"
      },
      "log": {
        "_logger": {
          "category": "DurationEvent",
          "context": {},
          "callStackSkipIndex": 0
        },
        "_filelogger": {
          "category": "debug-file",
          "context": {},
          "callStackSkipIndex": 0
        }
      }
    },
    {
      "head": {
        "id": "b614364f-4189-425a-84bd-f8bbc8c81376",
        "name": "create entry:default@PreviewProcessResource task",
        "description": "",
        "type": "log"
      },
      "body": {
        "pid": 81813,
        "tid": "Main Thread",
        "startTime": 6322317968137958
      },
      "additional": {
        "logType": "detail",
        "children": [],
        "durationId": "a921022c-98d1-462b-b967-b5a32fbbe4a8"
      }
    },
    {
      "head": {
        "id": "40ddff26-b59f-4366-bd87-23d35aeeabc4",
        "name": "restool module names: entry; moduleName=entry, taskName=default@PreviewProcessResource",
        "description": "",
        "type": "log"
      },
      "body": {
        "pid": 81813,
        "tid": "Main Thread",
        "startTime": 6322317968413708
      },
      "additional": {
        "logType": "debug",
        "children": []
      }
    },
    {
      "head": {
        "id": "cdeff031-da94-4dbb-a78f-bed08aa969a9",
        "name": "entry : default@PreviewProcessResource start {\n  rss: 374276096,\n  heapTotal: 112738304,\n  heapUsed: 94811304,\n  external: 1063361,\n  arrayBuffers: 129519\n}",
        "description": "",
        "type": "log"
      },
      "body": {
        "pid": 81813,
        "tid": "Main Thread",
        "startTime": 6322317968858375
      },
      "additional": {
        "logType": "debug",
        "children": []
      }
    },
    {
      "head": {
        "id": "8840acab-0db9-4d2f-8908-99e50322ce52",
        "name": "Executing task :entry:default@PreviewProcessResource",
        "description": "",
        "type": "log"
      },
      "body": {
        "pid": 81813,
        "tid": "Main Thread",
        "startTime": 6322317969417333
      },
      "additional": {
        "logType": "debug",
        "children": []
      }
    },
    {
      "head": {
        "id": "5f905891-df88-413d-bb06-e240ea433d64",
        "name": "entry : default@PreviewProcessResource end {\n  rss: 374308864,\n  heapTotal: 112738304,\n  heapUsed: 94910288,\n  external: 1063361,\n  arrayBuffers: 129519\n}",
        "description": "",
        "type": "log"
      },
      "body": {
        "pid": 81813,
        "tid": "Main Thread",
        "startTime": 6322317969495458
      },
      "additional": {
        "logType": "debug",
        "children": []
      }
    },
    {
      "head": {
        "id": "77b8daf2-692f-4951-b430-85c2fa334e6c",
        "name": "runTaskFromQueue task cost before running: 69 ms ",
        "description": "",
        "type": "log"
      },
      "body": {
        "pid": 81813,
        "tid": "Main Thread",
        "startTime": 6322317969907125
      },
      "additional": {
        "logType": "debug",
        "children": []
      }
    },
    {
      "head": {
        "id": "d07b6067-2c8b-4ba8-977f-2373ad7fc8e4",
        "name": "Finished :entry:default@PreviewProcessResource",
        "description": "Process preview resources incrementally in the stage model.",
        "type": "log"
      },
      "body": {
        "pid": 81813,
        "tid": "Main Thread",
        "startTime": 6322317968901750,
        "endTime": 6322317969932416
      },
      "additional": {
        "logType": "info",
        "children": [],
        "durationId": "a921022c-98d1-462b-b967-b5a32fbbe4a8"
      }
    },
    {
      "head": {
        "id": "a5f33e30-8703-4714-b763-12c7bdd59c9c",
        "name": "entry:default@PreviewCompileResource",
        "description": "Use Preview to compile project resources in the stage model.",
        "type": "duration"
      },
      "body": {
        "pid": 81813,
        "tid": "Main Thread",
        "startTime": 6322317971162333,
        "endTime": 6322317973092000
      },
      "additional": {
        "children": [],
        "state": "success",
        "targetName": "default",
        "moduleName": "entry",
        "category": "Resources",
        "taskRunReasons": [],
        "detailId": "d39af04d-f4d6-40bf-815b-936f60bb78f1",
        "logId": "9f6262b3-2f8a-4d14-a213-d3f19e62b1a3"
      },
      "log": {
        "_logger": {
          "category": "DurationEvent",
          "context": {},
          "callStackSkipIndex": 0
        },
        "_filelogger": {
          "category": "debug-file",
          "context": {},
          "callStackSkipIndex": 0
        }
      }
    },
    {
      "head": {
        "id": "d39af04d-f4d6-40bf-815b-936f60bb78f1",
        "name": "create entry:default@PreviewCompileResource task",
        "description": "",
        "type": "log"
      },
      "body": {
        "pid": 81813,
        "tid": "Main Thread",
        "startTime": 6322317970502583
      },
      "additional": {
        "logType": "detail",
        "children": [],
        "durationId": "a5f33e30-8703-4714-b763-12c7bdd59c9c"
      }
    },
    {
      "head": {
        "id": "839edfa9-f75e-4d9f-a691-0fa64a2a9a37",
        "name": "restool module names: entry; moduleName=entry, taskName=default@PreviewCompileResource",
        "description": "",
        "type": "log"
      },
      "body": {
        "pid": 81813,
        "tid": "Main Thread",
        "startTime": 6322317970789666
      },
      "additional": {
        "logType": "debug",
        "children": []
      }
    },
    {
      "head": {
        "id": "b1792a77-86b0-4649-9a69-e6c5ce7b8717",
        "name": "entry : default@PreviewCompileResource start {\n  rss: 374734848,\n  heapTotal: 112738304,\n  heapUsed: 95331912,\n  external: 1079745,\n  arrayBuffers: 145903\n}",
        "description": "",
        "type": "log"
      },
      "body": {
        "pid": 81813,
        "tid": "Main Thread",
        "startTime": 6322317971134875
      },
      "additional": {
        "logType": "debug",
        "children": []
      }
    },
    {
      "head": {
        "id": "ad3dad26-db44-4dfc-82a1-f1269dea59cd",
        "name": "Executing task :entry:default@PreviewCompileResource",
        "description": "",
        "type": "log"
      },
      "body": {
        "pid": 81813,
        "tid": "Main Thread",
        "startTime": 6322317971172416
      },
      "additional": {
        "logType": "debug",
        "children": []
      }
    },
    {
      "head": {
        "id": "1144eb2f-fb93-40ba-a3c0-7e2ba73e359f",
        "name": "Incremental task entry:default@PreviewCompileResource pre-execution cost: 2 ms .",
        "description": "",
        "type": "log"
      },
      "body": {
        "pid": 81813,
        "tid": "Main Thread",
        "startTime": 6322317973020500
      },
      "additional": {
        "logType": "debug",
        "children": []
      }
    },
    {
      "head": {
        "id": "8620140a-9f2e-4577-bc41-4dfaae0316e0",
        "name": "entry : default@PreviewCompileResource end {\n  rss: 375209984,\n  heapTotal: 112738304,\n  heapUsed: 95785344,\n  external: 1079745,\n  arrayBuffers: 145903\n}",
        "description": "",
        "type": "log"
      },
      "body": {
        "pid": 81813,
        "tid": "Main Thread",
        "startTime": 6322317973062916
      },
      "additional": {
        "logType": "debug",
        "children": []
      }
    },
    {
      "head": {
        "id": "9f6262b3-2f8a-4d14-a213-d3f19e62b1a3",
        "name": "UP-TO-DATE :entry:default@PreviewCompileResource",
        "description": "Use Preview to compile project resources in the stage model.",
        "type": "log"
      },
      "body": {
        "pid": 81813,
        "tid": "Main Thread",
        "startTime": 6322317971162333,
        "endTime": 6322317973092000
      },
      "additional": {
        "logType": "info",
        "children": [],
        "durationId": "a5f33e30-8703-4714-b763-12c7bdd59c9c"
      }
    },
    {
      "head": {
        "id": "a470ac0e-2896-496a-829c-dbc8127a4da3",
        "name": "entry:default@PreviewHookCompileResource",
        "description": "Add a hook task for compiling preview resources.",
        "type": "duration"
      },
      "body": {
        "pid": 81813,
        "tid": "Main Thread",
        "startTime": 6322317973484583,
        "endTime": 6322317973565916
      },
      "additional": {
        "children": [],
        "state": "success",
        "targetName": "default",
        "moduleName": "entry",
        "category": "Hook",
        "taskRunReasons": [],
        "detailId": "ee45b560-791c-4cac-a3ea-68439f5eaf74",
        "logId": "e757ceca-6add-447b-8e0b-8e55b0a47416"
      },
      "log": {
        "_logger": {
          "category": "DurationEvent",
          "context": {},
          "callStackSkipIndex": 0
        },
        "_filelogger": {
          "category": "debug-file",
          "context": {},
          "callStackSkipIndex": 0
        }
      }
    },
    {
      "head": {
        "id": "ee45b560-791c-4cac-a3ea-68439f5eaf74",
        "name": "create entry:default@PreviewHookCompileResource task",
        "description": "",
        "type": "log"
      },
      "body": {
        "pid": 81813,
        "tid": "Main Thread",
        "startTime": 6322317973408750
      },
      "additional": {
        "logType": "detail",
        "children": [],
        "durationId": "a470ac0e-2896-496a-829c-dbc8127a4da3"
      }
    },
    {
      "head": {
        "id": "327b7b0e-af2c-4d48-8de1-dc5e67bf0f3a",
        "name": "entry : default@PreviewHookCompileResource start {\n  rss: 375357440,\n  heapTotal: 112738304,\n  heapUsed: 95930872,\n  external: 1079745,\n  arrayBuffers: 145903\n}",
        "description": "",
        "type": "log"
      },
      "body": {
        "pid": 81813,
        "tid": "Main Thread",
        "startTime": 6322317973459000
      },
      "additional": {
        "logType": "debug",
        "children": []
      }
    },
    {
      "head": {
        "id": "ffb39840-37d3-4f52-a356-265a860bdc4e",
        "name": "Executing task :entry:default@PreviewHookCompileResource",
        "description": "",
        "type": "log"
      },
      "body": {
        "pid": 81813,
        "tid": "Main Thread",
        "startTime": 6322317973486333
      },
      "additional": {
        "logType": "debug",
        "children": []
      }
    },
    {
      "head": {
        "id": "d04eb9eb-cd04-4200-adb3-fccde08711c0",
        "name": "entry : default@PreviewHookCompileResource end {\n  rss: 375373824,\n  heapTotal: 112738304,\n  heapUsed: 95956848,\n  external: 1079745,\n  arrayBuffers: 145903\n}",
        "description": "",
        "type": "log"
      },
      "body": {
        "pid": 81813,
        "tid": "Main Thread",
        "startTime": 6322317973523250
      },
      "additional": {
        "logType": "debug",
        "children": []
      }
    },
    {
      "head": {
        "id": "c02d0a04-23d1-47ad-a8f7-c2ce313a4901",
        "name": "runTaskFromQueue task cost before running: 73 ms ",
        "description": "",
        "type": "log"
      },
      "body": {
        "pid": 81813,
        "tid": "Main Thread",
        "startTime": 6322317973548875
      },
      "additional": {
        "logType": "debug",
        "children": []
      }
    },
    {
      "head": {
        "id": "e757ceca-6add-447b-8e0b-8e55b0a47416",
        "name": "Finished :entry:default@PreviewHookCompileResource",
        "description": "Add a hook task for compiling preview resources.",
        "type": "log"
      },
      "body": {
        "pid": 81813,
        "tid": "Main Thread",
        "startTime": 6322317973484583,
        "endTime": 6322317973565916
      },
      "additional": {
        "logType": "info",
        "children": [],
        "durationId": "a470ac0e-2896-496a-829c-dbc8127a4da3"
      }
    },
    {
      "head": {
        "id": "511bdee4-fa39-4445-a9e7-48e240bc35a4",
        "name": "entry:default@CopyPreviewProfile",
        "description": "Copy preview profile.",
        "type": "duration"
      },
      "body": {
        "pid": 81813,
        "tid": "Main Thread",
        "startTime": 6322317973912041,
        "endTime": 6322317974202583
      },
      "additional": {
        "children": [],
        "state": "success",
        "targetName": "default",
        "moduleName": "entry",
        "category": "Other",
        "taskRunReasons": [],
        "detailId": "1e3bca6d-1447-4755-91b3-11717906c914",
        "logId": "cffd846c-860f-4f76-9e2e-04bbe2616bbc"
      },
      "log": {
        "_logger": {
          "category": "DurationEvent",
          "context": {},
          "callStackSkipIndex": 0
        },
        "_filelogger": {
          "category": "debug-file",
          "context": {},
          "callStackSkipIndex": 0
        }
      }
    },
    {
      "head": {
        "id": "1e3bca6d-1447-4755-91b3-11717906c914",
        "name": "create entry:default@CopyPreviewProfile task",
        "description": "",
        "type": "log"
      },
      "body": {
        "pid": 81813,
        "tid": "Main Thread",
        "startTime": 6322317973720916
      },
      "additional": {
        "logType": "detail",
        "children": [],
        "durationId": "511bdee4-fa39-4445-a9e7-48e240bc35a4"
      }
    },
    {
      "head": {
        "id": "f7e365d9-ad54-45d4-8e52-57ee249ef50c",
        "name": "entry : default@CopyPreviewProfile start {\n  rss: 375537664,\n  heapTotal: 112738304,\n  heapUsed: 96119432,\n  external: 1079745,\n  arrayBuffers: 145903\n}",
        "description": "",
        "type": "log"
      },
      "body": {
        "pid": 81813,
        "tid": "Main Thread",
        "startTime": 6322317973890291
      },
      "additional": {
        "logType": "debug",
        "children": []
      }
    },
    {
      "head": {
        "id": "a96301c3-b2cd-46e1-85ea-1dfec699080a",
        "name": "Executing task :entry:default@CopyPreviewProfile",
        "description": "",
        "type": "log"
      },
      "body": {
        "pid": 81813,
        "tid": "Main Thread",
        "startTime": 6322317973914750
      },
      "additional": {
        "logType": "debug",
        "children": []
      }
    },
    {
      "head": {
        "id": "3d030335-9783-45be-9745-850292c5c577",
        "name": "Incremental task entry:default@CopyPreviewProfile pre-execution cost: 1 ms .",
        "description": "",
        "type": "log"
      },
      "body": {
        "pid": 81813,
        "tid": "Main Thread",
        "startTime": 6322317974151125
      },
      "additional": {
        "logType": "debug",
        "children": []
      }
    },
    {
      "head": {
        "id": "742e84d6-5c9a-49b5-9a37-e5420ec874e0",
        "name": "entry : default@CopyPreviewProfile end {\n  rss: 375603200,\n  heapTotal: 112738304,\n  heapUsed: 96187264,\n  external: 1079745,\n  arrayBuffers: 145903\n}",
        "description": "",
        "type": "log"
      },
      "body": {
        "pid": 81813,
        "tid": "Main Thread",
        "startTime": 6322317974180041
      },
      "additional": {
        "logType": "debug",
        "children": []
      }
    },
    {
      "head": {
        "id": "cffd846c-860f-4f76-9e2e-04bbe2616bbc",
        "name": "UP-TO-DATE :entry:default@CopyPreviewProfile",
        "description": "Copy preview profile.",
        "type": "log"
      },
      "body": {
        "pid": 81813,
        "tid": "Main Thread",
        "startTime": 6322317973912041,
        "endTime": 6322317974202583
      },
      "additional": {
        "logType": "info",
        "children": [],
        "durationId": "511bdee4-fa39-4445-a9e7-48e240bc35a4"
      }
    },
    {
      "head": {
        "id": "84096cac-4cf4-4cd5-bf86-55687b86fc40",
        "name": "entry:default@ReplacePreviewerPage",
        "description": "Accept previewer arguments, then use them to replace the ones in the page file.",
        "type": "duration"
      },
      "body": {
        "pid": 81813,
        "tid": "Main Thread",
        "startTime": 6322317974468541,
        "endTime": 6322317974685625
      },
      "additional": {
        "children": [],
        "state": "success",
        "targetName": "default",
        "moduleName": "entry",
        "category": "Other",
        "taskRunReasons": [],
        "detailId": "7d6ee81c-c2a0-4c43-8048-b43531c6648e",
        "logId": "39defbed-550a-434b-ace5-cd51768f545c"
      },
      "log": {
        "_logger": {
          "category": "DurationEvent",
          "context": {},
          "callStackSkipIndex": 0
        },
        "_filelogger": {
          "category": "debug-file",
          "context": {},
          "callStackSkipIndex": 0
        }
      }
    },
    {
      "head": {
        "id": "7d6ee81c-c2a0-4c43-8048-b43531c6648e",
        "name": "create entry:default@ReplacePreviewerPage task",
        "description": "",
        "type": "log"
      },
      "body": {
        "pid": 81813,
        "tid": "Main Thread",
        "startTime": 6322317974361250
      },
      "additional": {
        "logType": "detail",
        "children": [],
        "durationId": "84096cac-4cf4-4cd5-bf86-55687b86fc40"
      }
    },
    {
      "head": {
        "id": "7aeffca0-b923-4955-a3ed-7ecbce276801",
        "name": "entry : default@ReplacePreviewerPage start {\n  rss: 375767040,\n  heapTotal: 112738304,\n  heapUsed: 96359320,\n  external: 1079745,\n  arrayBuffers: 145903\n}",
        "description": "",
        "type": "log"
      },
      "body": {
        "pid": 81813,
        "tid": "Main Thread",
        "startTime": 6322317974445083
      },
      "additional": {
        "logType": "debug",
        "children": []
      }
    },
    {
      "head": {
        "id": "e6d3ebd0-d0ba-4dc5-bb2b-2a3053123fd7",
        "name": "Executing task :entry:default@ReplacePreviewerPage",
        "description": "",
        "type": "log"
      },
      "body": {
        "pid": 81813,
        "tid": "Main Thread",
        "startTime": 6322317974470916
      },
      "additional": {
        "logType": "debug",
        "children": []
      }
    },
    {
      "head": {
        "id": "1435747f-a4e1-47b3-95a8-884b621993e9",
        "name": "entry : default@ReplacePreviewerPage end {\n  rss: 375816192,\n  heapTotal: 112738304,\n  heapUsed: 96407552,\n  external: 1087937,\n  arrayBuffers: 154095\n}",
        "description": "",
        "type": "log"
      },
      "body": {
        "pid": 81813,
        "tid": "Main Thread",
        "startTime": 6322317974637041
      },
      "additional": {
        "logType": "debug",
        "children": []
      }
    },
    {
      "head": {
        "id": "95a1568f-e1fe-4c23-a44b-8aeae0ada2ee",
        "name": "runTaskFromQueue task cost before running: 74 ms ",
        "description": "",
        "type": "log"
      },
      "body": {
        "pid": 81813,
        "tid": "Main Thread",
        "startTime": 6322317974665083
      },
      "additional": {
        "logType": "debug",
        "children": []
      }
    },
    {
      "head": {
        "id": "39defbed-550a-434b-ace5-cd51768f545c",
        "name": "Finished :entry:default@ReplacePreviewerPage",
        "description": "Accept previewer arguments, then use them to replace the ones in the page file.",
        "type": "log"
      },
      "body": {
        "pid": 81813,
        "tid": "Main Thread",
        "startTime": 6322317974468541,
        "endTime": 6322317974685625
      },
      "additional": {
        "logType": "info",
        "children": [],
        "durationId": "84096cac-4cf4-4cd5-bf86-55687b86fc40"
      }
    },
    {
      "head": {
        "id": "10f39d0e-a74b-4db8-96cc-efecc6740c5d",
        "name": "entry:buildPreviewerResource",
        "description": "Build the preview resources.",
        "type": "duration"
      },
      "body": {
        "pid": 81813,
        "tid": "Main Thread",
        "startTime": 6322317974868166,
        "endTime": 6322317974934625
      },
      "additional": {
        "children": [],
        "state": "success",
        "targetName": "",
        "moduleName": "entry",
        "category": "Hook",
        "taskRunReasons": [],
        "detailId": "490c70f4-8a06-41fd-bf9e-bb0c96c3ece2",
        "logId": "ec8311db-a2d4-43c6-84c6-cd8f4f3ecb7a"
      },
      "log": {
        "_logger": {
          "category": "DurationEvent",
          "context": {},
          "callStackSkipIndex": 0
        },
        "_filelogger": {
          "category": "debug-file",
          "context": {},
          "callStackSkipIndex": 0
        }
      }
    },
    {
      "head": {
        "id": "490c70f4-8a06-41fd-bf9e-bb0c96c3ece2",
        "name": "create entry:buildPreviewerResource task",
        "description": "",
        "type": "log"
      },
      "body": {
        "pid": 81813,
        "tid": "Main Thread",
        "startTime": 6322317974833000
      },
      "additional": {
        "logType": "detail",
        "children": [],
        "durationId": "10f39d0e-a74b-4db8-96cc-efecc6740c5d"
      }
    },
    {
      "head": {
        "id": "39458d3d-b4a3-4c8d-814b-4f7474a018bc",
        "name": "entry : buildPreviewerResource start {\n  rss: 375963648,\n  heapTotal: 112738304,\n  heapUsed: 96549752,\n  external: 1087937,\n  arrayBuffers: 154095\n}",
        "description": "",
        "type": "log"
      },
      "body": {
        "pid": 81813,
        "tid": "Main Thread",
        "startTime": 6322317974846791
      },
      "additional": {
        "logType": "debug",
        "children": []
      }
    },
    {
      "head": {
        "id": "e0c59bd0-72f1-490a-af4b-91b1544da351",
        "name": "Executing task :entry:buildPreviewerResource",
        "description": "",
        "type": "log"
      },
      "body": {
        "pid": 81813,
        "tid": "Main Thread",
        "startTime": 6322317974870458
      },
      "additional": {
        "logType": "debug",
        "children": []
      }
    },
    {
      "head": {
        "id": "573635bc-2a3f-46be-8483-b4e43f3c67c7",
        "name": "entry : buildPreviewerResource end {\n  rss: 375996416,\n  heapTotal: 112738304,\n  heapUsed: 96573944,\n  external: 1087937,\n  arrayBuffers: 154095\n}",
        "description": "",
        "type": "log"
      },
      "body": {
        "pid": 81813,
        "tid": "Main Thread",
        "startTime": 6322317974895583
      },
      "additional": {
        "logType": "debug",
        "children": []
      }
    },
    {
      "head": {
        "id": "dedd794e-aa37-4b7d-bd78-857f93834dcb",
        "name": "runTaskFromQueue task cost before running: 74 ms ",
        "description": "",
        "type": "log"
      },
      "body": {
        "pid": 81813,
        "tid": "Main Thread",
        "startTime": 6322317974919750
      },
      "additional": {
        "logType": "debug",
        "children": []
      }
    },
    {
      "head": {
        "id": "ec8311db-a2d4-43c6-84c6-cd8f4f3ecb7a",
        "name": "Finished :entry:buildPreviewerResource",
        "description": "Build the preview resources.",
        "type": "log"
      },
      "body": {
        "pid": 81813,
        "tid": "Main Thread",
        "startTime": 6322317974868166,
        "endTime": 6322317974934625
      },
      "additional": {
        "logType": "info",
        "children": [],
        "durationId": "10f39d0e-a74b-4db8-96cc-efecc6740c5d"
      }
    },
    {
      "head": {
        "id": "da6f74ef-57f4-4d00-9047-aac2ee4b5c71",
        "name": "entry:default@PreviewUpdateAssets",
        "description": "Update main_pages.json and module.json before PreviewBuild.",
        "type": "duration"
      },
      "body": {
        "pid": 81813,
        "tid": "Main Thread",
        "startTime": 6322317975194125,
        "endTime": 6322317975663625
      },
      "additional": {
        "children": [],
        "state": "success",
        "targetName": "default",
        "moduleName": "entry",
        "category": "Config",
        "taskRunReasons": [],
        "detailId": "531b3627-459c-40c4-96fb-755d12136a1e",
        "logId": "443878e5-dfbe-4438-9955-7038deb9413b"
      },
      "log": {
        "_logger": {
          "category": "DurationEvent",
          "context": {},
          "callStackSkipIndex": 0
        },
        "_filelogger": {
          "category": "debug-file",
          "context": {},
          "callStackSkipIndex": 0
        }
      }
    },
    {
      "head": {
        "id": "531b3627-459c-40c4-96fb-755d12136a1e",
        "name": "create entry:default@PreviewUpdateAssets task",
        "description": "",
        "type": "log"
      },
      "body": {
        "pid": 81813,
        "tid": "Main Thread",
        "startTime": 6322317975080875
      },
      "additional": {
        "logType": "detail",
        "children": [],
        "durationId": "da6f74ef-57f4-4d00-9047-aac2ee4b5c71"
      }
    },
    {
      "head": {
        "id": "2614f995-8144-4617-9571-55d53714b9b4",
        "name": "entry : default@PreviewUpdateAssets start {\n  rss: 376160256,\n  heapTotal: 112738304,\n  heapUsed: 96763672,\n  external: 1087937,\n  arrayBuffers: 154095\n}",
        "description": "",
        "type": "log"
      },
      "body": {
        "pid": 81813,
        "tid": "Main Thread",
        "startTime": 6322317975171916
      },
      "additional": {
        "logType": "debug",
        "children": []
      }
    },
    {
      "head": {
        "id": "a6216c51-85b7-43d3-a510-9312dcee64d2",
        "name": "Executing task :entry:default@PreviewUpdateAssets",
        "description": "",
        "type": "log"
      },
      "body": {
        "pid": 81813,
        "tid": "Main Thread",
        "startTime": 6322317975195750
      },
      "additional": {
        "logType": "debug",
        "children": []
      }
    },
    {
      "head": {
        "id": "2d61663e-d1a7-471c-91ee-21f4d867575f",
        "name": "Incremental task entry:default@PreviewUpdateAssets pre-execution cost: 1 ms .",
        "description": "",
        "type": "log"
      },
      "body": {
        "pid": 81813,
        "tid": "Main Thread",
        "startTime": 6322317975610708
      },
      "additional": {
        "logType": "debug",
        "children": []
      }
    },
    {
      "head": {
        "id": "7003189a-323e-4bc1-b6d9-af46010d216c",
        "name": "entry : default@PreviewUpdateAssets end {\n  rss: 376258560,\n  heapTotal: 112738304,\n  heapUsed: 96859632,\n  external: 1096129,\n  arrayBuffers: 162287\n}",
        "description": "",
        "type": "log"
      },
      "body": {
        "pid": 81813,
        "tid": "Main Thread",
        "startTime": 6322317975643583
      },
      "additional": {
        "logType": "debug",
        "children": []
      }
    },
    {
      "head": {
        "id": "443878e5-dfbe-4438-9955-7038deb9413b",
        "name": "UP-TO-DATE :entry:default@PreviewUpdateAssets",
        "description": "Update main_pages.json and module.json before PreviewBuild.",
        "type": "log"
      },
      "body": {
        "pid": 81813,
        "tid": "Main Thread",
        "startTime": 6322317975194125,
        "endTime": 6322317975663625
      },
      "additional": {
        "logType": "info",
        "children": [],
        "durationId": "da6f74ef-57f4-4d00-9047-aac2ee4b5c71"
      }
    },
    {
      "head": {
        "id": "7f64e27d-d1f8-40fc-82ca-4f95f1c0f593",
        "name": "entry:default@PreviewArkTS",
        "description": "Compile ArkTS components on preview in the stage model.",
        "type": "duration"
      },
      "body": {
        "pid": 81813,
        "tid": "Main Thread",
        "startTime": 6322317976972208,
        "endTime": 6322322946430500
      },
      "additional": {
        "children": [
          "8932e2b0-16fa-4744-8f00-3e16945936d5"
        ],
        "state": "success",
        "targetName": "default",
        "moduleName": "entry",
        "category": "Generate",
        "taskRunReasons": [
          "The input file '/Users/jepson/Desktop/Harmony/projects/Part3Demo/entry/src/main/ets' has been changed."
        ],
        "detailId": "9248426b-5d25-45ca-acb1-136e721479d8",
        "logId": "8b338310-08ac-447b-b0d4-4e6438940ced"
      },
      "log": {
        "_logger": {
          "category": "DurationEvent",
          "context": {},
          "callStackSkipIndex": 0
        },
        "_filelogger": {
          "category": "debug-file",
          "context": {},
          "callStackSkipIndex": 0
        }
      }
    },
    {
      "head": {
        "id": "9248426b-5d25-45ca-acb1-136e721479d8",
        "name": "create entry:default@PreviewArkTS task",
        "description": "",
        "type": "log"
      },
      "body": {
        "pid": 81813,
        "tid": "Main Thread",
        "startTime": 6322317975899041
      },
      "additional": {
        "logType": "detail",
        "children": [],
        "durationId": "7f64e27d-d1f8-40fc-82ca-4f95f1c0f593"
      }
    },
    {
      "head": {
        "id": "d6de8090-8e32-46a8-ba3d-e616648c7cb6",
        "name": "entry : default@PreviewArkTS start {\n  rss: 376635392,\n  heapTotal: 112738304,\n  heapUsed: 97234816,\n  external: 1104321,\n  arrayBuffers: 170479\n}",
        "description": "",
        "type": "log"
      },
      "body": {
        "pid": 81813,
        "tid": "Main Thread",
        "startTime": 6322317976943125
      },
      "additional": {
        "logType": "debug",
        "children": []
      }
    },
    {
      "head": {
        "id": "e03d232e-08b2-448c-a60a-fc697ae289cc",
        "name": "Executing task :entry:default@PreviewArkTS",
        "description": "",
        "type": "log"
      },
      "body": {
        "pid": 81813,
        "tid": "Main Thread",
        "startTime": 6322317976975500
      },
      "additional": {
        "logType": "debug",
        "children": []
      }
    },
    {
      "head": {
        "id": "b76fc7e0-fd06-4d3d-ba7b-08c086d9b49c",
        "name": "Obfuscation config only effect in release mode.",
        "description": "",
        "type": "log"
      },
      "body": {
        "pid": 81813,
        "tid": "Main Thread",
        "startTime": 6322317977489500
      },
      "additional": {
        "logType": "debug",
        "children": []
      }
    },
    {
      "head": {
        "id": "561839ff-e01f-4400-a671-8ecf3d685258",
        "name": "entry:default@PreviewArkTS is not up-to-date, since the input file '/Users/jepson/Desktop/Harmony/projects/Part3Demo/entry/src/main/ets' has been changed.",
        "description": "",
        "type": "log"
      },
      "body": {
        "pid": 81813,
        "tid": "Main Thread",
        "startTime": 6322317979003375
      },
      "additional": {
        "logType": "debug",
        "children": []
      }
    },
    {
      "head": {
        "id": "e8fdefca-b550-49d4-949e-4683eeb34318",
        "name": "Incremental task entry:default@PreviewArkTS pre-execution cost: 2 ms .",
        "description": "",
        "type": "log"
      },
      "body": {
        "pid": 81813,
        "tid": "Main Thread",
        "startTime": 6322317979085208
      },
      "additional": {
        "logType": "debug",
        "children": []
      }
    },
    {
      "head": {
        "id": "8932e2b0-16fa-4744-8f00-3e16945936d5",
        "name": "entry:default@PreviewArkTS",
        "description": "Compile ArkTS components on preview in the stage model.",
        "type": "duration"
      },
      "body": {
        "pid": 81813,
        "tid": "Worker4",
        "startTime": 6322317980240541,
        "endTime": 6322322945847916
      },
      "additional": {
        "children": [
          "6eeed8c6-cc73-4bf8-bfc8-62591e3bf348",
          "f0fe8c84-f984-442e-9354-3c8a52cc3f5c",
          "39eae0b3-f37f-43e9-bdff-abda9cee70bc"
        ],
        "state": "success",
        "targetName": "default",
        "moduleName": "entry",
        "category": "",
        "taskRunReasons": [],
        "parent": "7f64e27d-d1f8-40fc-82ca-4f95f1c0f593",
        "logId": "749e34d4-cff8-4709-b204-2ab38a6c609c"
      },
      "log": {
        "_logger": {
          "category": "DurationEvent",
          "context": {},
          "callStackSkipIndex": 0
        },
        "_filelogger": {
          "category": "debug-file",
          "context": {},
          "callStackSkipIndex": 0
        }
      }
    },
    {
      "head": {
        "id": "743ecd70-4aab-4540-a920-851f7657a247",
        "name": "entry : default@PreviewArkTS end {\n  rss: 377241600,\n  heapTotal: 112738304,\n  heapUsed: 97819520,\n  external: 1120705,\n  arrayBuffers: 186863\n}",
        "description": "",
        "type": "log"
      },
      "body": {
        "pid": 81813,
        "tid": "Main Thread",
        "startTime": 6322317980293000
      },
      "additional": {
        "logType": "debug",
        "children": []
      }
    },
    {
      "head": {
        "id": "0e581a16-7f40-477c-99a2-b67f94d0f054",
        "name": "watch worker: send response to session manager. Response type: WatchStart",
        "description": "",
        "type": "log"
      },
      "body": {
        "pid": 81813,
        "tid": "Main Thread",
        "startTime": 6322318781116458
      },
      "additional": {
        "logType": "debug",
        "children": []
      }
    },
    {
      "head": {
        "id": "1f1ab530-e3aa-405f-9554-0c2d0e3a08c3",
        "name": "watch worker: send response to session manager. Response type: WatchResult",
        "description": "",
        "type": "log"
      },
      "body": {
        "pid": 81813,
        "tid": "Main Thread",
        "startTime": 6322322945448000
      },
      "additional": {
        "logType": "debug",
        "children": []
      }
    },
    {
      "head": {
        "id": "ca69069c-a634-4cf9-8c39-95b8461a841f",
        "name": "watch worker: send response to session manager. Response type: WatchResult",
        "description": "",
        "type": "log"
      },
      "body": {
        "pid": 81813,
        "tid": "Main Thread",
        "startTime": 6322322945567458
      },
      "additional": {
        "logType": "debug",
        "children": []
      }
    },
    {
      "head": {
        "id": "749e34d4-cff8-4709-b204-2ab38a6c609c",
        "name": "entry:default@PreviewArkTS",
        "description": "",
        "type": "log"
      },
      "body": {
        "pid": 81813,
        "tid": "Worker4",
        "startTime": 6322317980240541,
        "endTime": 6322322945847916
      },
      "additional": {
        "logType": "info",
        "children": [
          "bd31289c-fa25-4673-8708-b717d87eebbe",
          "28766626-a598-4275-808f-027063a714c3",
          "10a7084e-c3b4-479a-8e10-40c40c0241a5"
        ],
        "durationId": "8932e2b0-16fa-4744-8f00-3e16945936d5",
        "parent": "8b338310-08ac-447b-b0d4-4e6438940ced"
      }
    },
    {
      "head": {
        "id": "39eae0b3-f37f-43e9-bdff-abda9cee70bc",
        "name": "compile ArkTS with rollup",
        "description": "",
        "type": "duration"
      },
      "body": {
        "pid": 81813,
        "tid": "Worker4",
        "startTime": 6322318775535166,
        "endTime": 6322322945436541
      },
      "additional": {
        "children": [],
        "state": "success",
        "totalTime": 0,
        "frequency": 0,
        "fromHook": false,
        "parent": "8932e2b0-16fa-4744-8f00-3e16945936d5",
        "logId": "10a7084e-c3b4-479a-8e10-40c40c0241a5"
      },
      "log": {
        "_logger": {
          "category": "DurationEvent",
          "context": {},
          "callStackSkipIndex": 0
        },
        "_filelogger": {
          "category": "debug-file",
          "context": {},
          "callStackSkipIndex": 0
        }
      }
    },
    {
      "head": {
        "id": "bd31289c-fa25-4673-8708-b717d87eebbe",
        "name": "generate configuration information",
        "description": "",
        "type": "log"
      },
      "body": {
        "pid": 81813,
        "tid": "Main Thread",
        "startTime": 6322318424884333,
        "endTime": 6322318775400916
      },
      "additional": {
        "logType": "info",
        "children": [],
        "durationId": "6eeed8c6-cc73-4bf8-bfc8-62591e3bf348",
        "parent": "749e34d4-cff8-4709-b204-2ab38a6c609c"
      }
    },
    {
      "head": {
        "id": "6eeed8c6-cc73-4bf8-bfc8-62591e3bf348",
        "name": "generate configuration information",
        "description": "",
        "type": "duration"
      },
      "body": {
        "pid": 81813,
        "tid": "Worker4",
        "startTime": 6322318424884333,
        "endTime": 6322318775400916
      },
      "additional": {
        "children": [],
        "state": "success",
        "totalTime": 0,
        "frequency": 0,
        "fromHook": false,
        "parent": "8932e2b0-16fa-4744-8f00-3e16945936d5",
        "logId": "bd31289c-fa25-4673-8708-b717d87eebbe"
      },
      "log": {
        "_logger": {
          "category": "DurationEvent",
          "context": {},
          "callStackSkipIndex": 0
        },
        "_filelogger": {
          "category": "debug-file",
          "context": {},
          "callStackSkipIndex": 0
        }
      }
    },
    {
      "head": {
        "id": "28766626-a598-4275-808f-027063a714c3",
        "name": "read build package cache",
        "description": "",
        "type": "log"
      },
      "body": {
        "pid": 81813,
        "tid": "Main Thread",
        "startTime": 6322318775477916,
        "endTime": 6322318775517500
      },
      "additional": {
        "logType": "info",
        "children": [],
        "durationId": "f0fe8c84-f984-442e-9354-3c8a52cc3f5c",
        "parent": "749e34d4-cff8-4709-b204-2ab38a6c609c"
      }
    },
    {
      "head": {
        "id": "f0fe8c84-f984-442e-9354-3c8a52cc3f5c",
        "name": "read build package cache",
        "description": "",
        "type": "duration"
      },
      "body": {
        "pid": 81813,
        "tid": "Worker4",
        "startTime": 6322318775477916,
        "endTime": 6322318775517500
      },
      "additional": {
        "children": [],
        "state": "success",
        "totalTime": 0,
        "frequency": 0,
        "fromHook": false,
        "parent": "8932e2b0-16fa-4744-8f00-3e16945936d5",
        "logId": "28766626-a598-4275-808f-027063a714c3"
      },
      "log": {
        "_logger": {
          "category": "DurationEvent",
          "context": {},
          "callStackSkipIndex": 0
        },
        "_filelogger": {
          "category": "debug-file",
          "context": {},
          "callStackSkipIndex": 0
        }
      }
    },
    {
      "head": {
        "id": "10a7084e-c3b4-479a-8e10-40c40c0241a5",
        "name": "compile ArkTS with rollup",
        "description": "",
        "type": "log"
      },
      "body": {
        "pid": 81813,
        "tid": "Main Thread",
        "startTime": 6322318775535166,
        "endTime": 6322322945436541
      },
      "additional": {
        "logType": "info",
        "children": [],
        "durationId": "39eae0b3-f37f-43e9-bdff-abda9cee70bc",
        "parent": "749e34d4-cff8-4709-b204-2ab38a6c609c"
      }
    },
    {
      "head": {
        "id": "39eae0b3-f37f-43e9-bdff-abda9cee70bc",
        "name": "compile ArkTS with rollup",
        "description": "",
        "type": "duration"
      },
      "body": {
        "pid": 81813,
        "tid": "Worker4",
        "startTime": 6322318775535166,
        "endTime": 6322322945436541
      },
      "additional": {
        "children": [],
        "state": "success",
        "totalTime": 0,
        "frequency": 0,
        "fromHook": false,
        "parent": "8932e2b0-16fa-4744-8f00-3e16945936d5",
        "logId": "10a7084e-c3b4-479a-8e10-40c40c0241a5"
      },
      "log": {
        "_logger": {
          "category": "DurationEvent",
          "context": {},
          "callStackSkipIndex": 0
        },
        "_filelogger": {
          "category": "debug-file",
          "context": {},
          "callStackSkipIndex": 0
        }
      }
    },
    {
      "head": {
        "id": "8b338310-08ac-447b-b0d4-4e6438940ced",
        "name": "Finished :entry:default@PreviewArkTS",
        "description": "Compile ArkTS components on preview in the stage model.",
        "type": "log"
      },
      "body": {
        "pid": 81813,
        "tid": "Main Thread",
        "startTime": 6322317976972208,
        "endTime": 6322322946430500
      },
      "additional": {
        "logType": "info",
        "children": [
          "749e34d4-cff8-4709-b204-2ab38a6c609c"
        ],
        "durationId": "7f64e27d-d1f8-40fc-82ca-4f95f1c0f593"
      }
    },
    {
      "head": {
        "id": "365a948f-44aa-482d-ba91-73f80a82174f",
        "name": "entry:PreviewBuild",
        "description": "Build preview in the stage model.",
        "type": "duration"
      },
      "body": {
        "pid": 81813,
        "tid": "Main Thread",
        "startTime": 6322322947622541,
        "endTime": 6322322947715833
      },
      "additional": {
        "children": [],
        "state": "success",
        "targetName": "",
        "moduleName": "entry",
        "category": "Hook",
        "taskRunReasons": [],
        "detailId": "0e98262e-4125-4bb3-a74b-82dc226bf34e",
        "logId": "c46d18b5-a3fd-4e26-a70e-df8d4689ec18"
      },
      "log": {
        "_logger": {
          "category": "DurationEvent",
          "context": {},
          "callStackSkipIndex": 0
        },
        "_filelogger": {
          "category": "debug-file",
          "context": {},
          "callStackSkipIndex": 0
        }
      }
    },
    {
      "head": {
        "id": "0e98262e-4125-4bb3-a74b-82dc226bf34e",
        "name": "create entry:PreviewBuild task",
        "description": "",
        "type": "log"
      },
      "body": {
        "pid": 81813,
        "tid": "Main Thread",
        "startTime": 6322322947537791
      },
      "additional": {
        "logType": "detail",
        "children": [],
        "durationId": "365a948f-44aa-482d-ba91-73f80a82174f"
      }
    },
    {
      "head": {
        "id": "6c5abb14-b6d3-4449-9fba-f93906c8b9e1",
        "name": "entry : PreviewBuild start {\n  rss: 853131264,\n  heapTotal: 111689728,\n  heapUsed: 83948120,\n  external: 996901,\n  arrayBuffers: 63059\n}",
        "description": "",
        "type": "log"
      },
      "body": {
        "pid": 81813,
        "tid": "Main Thread",
        "startTime": 6322322947585666
      },
      "additional": {
        "logType": "debug",
        "children": []
      }
    },
    {
      "head": {
        "id": "c94dc879-af17-41eb-afcf-97e7dbf1a423",
        "name": "Executing task :entry:PreviewBuild",
        "description": "",
        "type": "log"
      },
      "body": {
        "pid": 81813,
        "tid": "Main Thread",
        "startTime": 6322322947626291
      },
      "additional": {
        "logType": "debug",
        "children": []
      }
    },
    {
      "head": {
        "id": "c864e9c2-facc-428b-9cad-ba05cdb727f0",
        "name": "entry : PreviewBuild end {\n  rss: 853131264,\n  heapTotal: 111689728,\n  heapUsed: 83972368,\n  external: 996901,\n  arrayBuffers: 63059\n}",
        "description": "",
        "type": "log"
      },
      "body": {
        "pid": 81813,
        "tid": "Main Thread",
        "startTime": 6322322947663625
      },
      "additional": {
        "logType": "debug",
        "children": []
      }
    },
    {
      "head": {
        "id": "431fd88a-95af-4193-b157-87d1a7724e3d",
        "name": "runTaskFromQueue task cost before running: 5 s 47 ms ",
        "description": "",
        "type": "log"
      },
      "body": {
        "pid": 81813,
        "tid": "Main Thread",
        "startTime": 6322322947697416
      },
      "additional": {
        "logType": "debug",
        "children": []
      }
    },
    {
      "head": {
        "id": "c46d18b5-a3fd-4e26-a70e-df8d4689ec18",
        "name": "Finished :entry:PreviewBuild",
        "description": "Build preview in the stage model.",
        "type": "log"
      },
      "body": {
        "pid": 81813,
        "tid": "Main Thread",
        "startTime": 6322322947622541,
        "endTime": 6322322947715833
      },
      "additional": {
        "logType": "info",
        "children": [],
        "durationId": "365a948f-44aa-482d-ba91-73f80a82174f"
      }
    },
    {
      "head": {
        "id": "fae60d4d-68a8-4308-b915-488a4a7c5d2d",
        "name": "BUILD SUCCESSFUL in 5 s 47 ms ",
        "description": "",
        "type": "log"
      },
      "body": {
        "pid": 81813,
        "tid": "Main Thread",
        "startTime": 6322322947777833
      },
      "additional": {
        "logType": "info",
        "children": []
      }
    },
    {
      "head": {
        "id": "db1d1f8d-6074-497f-b482-d1019e7fbb2c",
        "name": "PreviewBuild",
        "description": "",
        "type": "mark"
      },
      "body": {
        "pid": 81813,
        "tid": "Main Thread",
        "startTime": 6322317901346916,
        "endTime": 6322322947862875
      },
      "additional": {
        "time": {
          "year": 2024,
          "month": 4,
          "day": 17,
          "hour": 15,
          "minute": 27
        },
        "completeCommand": "{\"mode\":\"module\",\"completeCommand\":\"--mode module -p module=entry@default -p product=default -p pageType=page -p compileResInc=true -p previewMode=true -p buildRoot=.preview PreviewBuild --watch --analyze --parallel --incremental --daemon\",\"watch\":true,\"parallel\":true,\"prop\":[\"module=entry@default\",\"product=default\",\"pageType=page\",\"compileResInc=true\",\"previewMode=true\",\"buildRoot=.preview\"],\"analyze\":true,\"incremental\":true,\"_\":[\"PreviewBuild\"],\"daemon\":true};--mode module -p module=entry@default -p product=default -p pageType=page -p compileResInc=true -p previewMode=true -p buildRoot=.preview PreviewBuild --watch --analyze --parallel --incremental --daemon",
        "hvigorVersion": "4.0.2",
        "markType": "history",
        "category": "build",
        "state": "success"
      }
    },
    {
      "head": {
        "id": "e72b44c1-4bd4-45ae-b521-d69c270d67ca",
        "name": "There is no need to refresh cache, since the incremental task entry:default@PreBuild is up-to-date.",
        "description": "",
        "type": "log"
      },
      "body": {
        "pid": 81813,
        "tid": "Main Thread",
        "startTime": 6322322947876625
      },
      "additional": {
        "logType": "debug",
        "children": []
      }
    },
    {
      "head": {
        "id": "016de7c0-866b-478f-b16c-943369b5f359",
        "name": "There is no need to refresh cache, since the incremental task entry:default@CreateBuildProfile is up-to-date.",
        "description": "",
        "type": "log"
      },
      "body": {
        "pid": 81813,
        "tid": "Main Thread",
        "startTime": 6322322947898208
      },
      "additional": {
        "logType": "debug",
        "children": []
      }
    },
    {
      "head": {
        "id": "e97357f2-77f8-413a-807e-16c243813cc0",
        "name": "There is no need to refresh cache, since the incremental task entry:default@GenerateLoaderJson is up-to-date.",
        "description": "",
        "type": "log"
      },
      "body": {
        "pid": 81813,
        "tid": "Main Thread",
        "startTime": 6322322947918750
      },
      "additional": {
        "logType": "debug",
        "children": []
      }
    },
    {
      "head": {
        "id": "122217fd-3a51-4e28-be32-7a4437df1cf9",
        "name": "There is no need to refresh cache, since the incremental task entry:default@MergeProfile is up-to-date.",
        "description": "",
        "type": "log"
      },
      "body": {
        "pid": 81813,
        "tid": "Main Thread",
        "startTime": 6322322947936541
      },
      "additional": {
        "logType": "debug",
        "children": []
      }
    },
    {
      "head": {
        "id": "4d483e20-6cc3-41be-a7f2-5928ec0678c2",
        "name": "There is no need to refresh cache, since the incremental task entry:default@ProcessProfile is up-to-date.",
        "description": "",
        "type": "log"
      },
      "body": {
        "pid": 81813,
        "tid": "Main Thread",
        "startTime": 6322322947954125
      },
      "additional": {
        "logType": "debug",
        "children": []
      }
    },
    {
      "head": {
        "id": "2a5318d3-3c60-4c8d-aaa7-cd98448e2abc",
        "name": "There is no need to refresh cache, since the incremental task entry:default@PreviewCompileResource is up-to-date.",
        "description": "",
        "type": "log"
      },
      "body": {
        "pid": 81813,
        "tid": "Main Thread",
        "startTime": 6322322947972000
      },
      "additional": {
        "logType": "debug",
        "children": []
      }
    },
    {
      "head": {
        "id": "644c0bd3-0288-4bfb-8af7-03a0906f8495",
        "name": "There is no need to refresh cache, since the incremental task entry:default@CopyPreviewProfile is up-to-date.",
        "description": "",
        "type": "log"
      },
      "body": {
        "pid": 81813,
        "tid": "Main Thread",
        "startTime": 6322322947989041
      },
      "additional": {
        "logType": "debug",
        "children": []
      }
    },
    {
      "head": {
        "id": "0147887f-cd94-4055-90e4-bbdaaf521819",
        "name": "There is no need to refresh cache, since the incremental task entry:default@PreviewUpdateAssets is up-to-date.",
        "description": "",
        "type": "log"
      },
      "body": {
        "pid": 81813,
        "tid": "Main Thread",
        "startTime": 6322322948005625
      },
      "additional": {
        "logType": "debug",
        "children": []
      }
    },
    {
      "head": {
        "id": "2b76a0f7-7648-4f86-ada7-464f1ba6c400",
        "name": "Update task entry:default@PreviewArkTS input file:/Users/jepson/Desktop/Harmony/projects/Part3Demo/entry/.preview/default/intermediates/loader/default cache by regenerate.",
        "description": "",
        "type": "log"
      },
      "body": {
        "pid": 81813,
        "tid": "Main Thread",
        "startTime": 6322322948540041
      },
      "additional": {
        "logType": "debug",
        "children": []
      }
    },
    {
      "head": {
        "id": "5fd0403f-9e7a-40e5-be08-f243520dfe07",
        "name": "Update task entry:default@PreviewArkTS input file:/Users/jepson/Desktop/Harmony/projects/Part3Demo/entry/.preview/default/intermediates/res/default/ResourceTable.txt cache by regenerate.",
        "description": "",
        "type": "log"
      },
      "body": {
        "pid": 81813,
        "tid": "Main Thread",
        "startTime": 6322322948721500
      },
      "additional": {
        "logType": "debug",
        "children": []
      }
    },
    {
      "head": {
        "id": "5846d1c8-3283-4fdc-808d-b2025fdeb89e",
        "name": "Update task entry:default@PreviewArkTS input file:/Users/jepson/Desktop/Harmony/projects/Part3Demo/entry/.preview/default/intermediates/res/default/module.json cache by regenerate.",
        "description": "",
        "type": "log"
      },
      "body": {
        "pid": 81813,
        "tid": "Main Thread",
        "startTime": 6322322948758041
      },
      "additional": {
        "logType": "debug",
        "children": []
      }
    },
    {
      "head": {
        "id": "76a546f3-797e-445c-b969-0f4e7650f5e2",
        "name": "Update task entry:default@PreviewArkTS input file:/Users/jepson/Desktop/Harmony/projects/Part3Demo/entry/.preview/default/intermediates/res/default/resources/base/profile cache by regenerate.",
        "description": "",
        "type": "log"
      },
      "body": {
        "pid": 81813,
        "tid": "Main Thread",
        "startTime": 6322322948790000
      },
      "additional": {
        "logType": "debug",
        "children": []
      }
    },
    {
      "head": {
        "id": "123fb39e-7ddd-4fa1-9186-bfa3a3ead62e",
        "name": "Update task entry:default@PreviewArkTS input file:/Users/jepson/Desktop/Harmony/projects/Part3Demo/entry/src/main/ets cache from map.",
        "description": "",
        "type": "log"
      },
      "body": {
        "pid": 81813,
        "tid": "Main Thread",
        "startTime": 6322322948870250
      },
      "additional": {
        "logType": "debug",
        "children": []
      }
    },
    {
      "head": {
        "id": "662e70f1-79a2-4a14-a5e0-7aa98f9ae60f",
        "name": "Update task entry:default@PreviewArkTS input file:/Users/jepson/Desktop/Harmony/projects/Part3Demo/entry/.preview/default/generated/profile/default/BuildProfile.ets cache by regenerate.",
        "description": "",
        "type": "log"
      },
      "body": {
        "pid": 81813,
        "tid": "Main Thread",
        "startTime": 6322322948889666
      },
      "additional": {
        "logType": "debug",
        "children": []
      }
    },
    {
      "head": {
        "id": "1c737813-2e62-495e-9708-8babcaa8a32f",
        "name": "Update task entry:default@PreviewArkTS output file:/Users/jepson/Desktop/Harmony/projects/Part3Demo/entry/.preview/default/intermediates/loader_out/default/ets cache.",
        "description": "",
        "type": "log"
      },
      "body": {
        "pid": 81813,
        "tid": "Main Thread",
        "startTime": 6322322948929833
      },
      "additional": {
        "logType": "debug",
        "children": []
      }
    },
    {
      "head": {
        "id": "f7d36ea1-584f-4708-9e7e-241bd4924a65",
        "name": "Incremental task entry:default@PreviewArkTS post-execution cost:2 ms .",
        "description": "",
        "type": "log"
      },
      "body": {
        "pid": 81813,
        "tid": "Main Thread",
        "startTime": 6322322949366541
      },
      "additional": {
        "logType": "debug",
        "children": []
      }
    }
  ],
  "workLog": []
}