{
  "version": "2.0",
  "events": [
    {
      "head": {
        "id": "ebb0201a-4a4d-4db5-a8fd-02f96af9e3a5",
        "name": "hvigor build process will be closed.",
        "description": "",
        "type": "log"
      },
      "body": {
        "pid": 83297,
        "tid": "Main Thread",
        "startTime": 6322403502283750
      },
      "additional": {
        "logType": "debug",
        "children": []
      }
    },
    {
      "head": {
        "id": "8eb2759d-4232-4199-9a21-0a3742cbb81e",
        "name": "watch worker: worker is ready to be terminated.",
        "description": "",
        "type": "log"
      },
      "body": {
        "pid": 83297,
        "tid": "Main Thread",
        "startTime": 6322403510427291
      },
      "additional": {
        "logType": "debug",
        "children": []
      }
    },
    {
      "head": {
        "id": "10ba8030-f914-47a2-9850-af878030723f",
        "name": "Server currently has 0 watch-worker",
        "description": "",
        "type": "log"
      },
      "body": {
        "pid": 83297,
        "tid": "Main Thread",
        "startTime": 6322403510747333
      },
      "additional": {
        "logType": "debug",
        "children": []
      }
    },
    {
      "head": {
        "id": "823bf8cb-7f48-46f1-8f0d-2604915e8a85",
        "name": "watch worker: worker id should be larger than 0. Nothing will be sent to any worker thread.",
        "description": "",
        "type": "log"
      },
      "body": {
        "pid": 83297,
        "tid": "Main Thread",
        "startTime": 6322429365133000
      },
      "additional": {
        "logType": "debug",
        "children": []
      }
    },
    {
      "head": {
        "id": "7ff23695-5969-4a4f-9a3d-ea7b34dbdbe3",
        "name": "init",
        "description": "Initialize and build task graph.",
        "type": "duration"
      },
      "body": {
        "pid": 83297,
        "tid": "Main Thread",
        "startTime": 6322429366016416,
        "endTime": 6322429427220083
      },
      "additional": {
        "children": [],
        "state": "success",
        "targetName": "",
        "moduleName": "",
        "category": "Init",
        "taskRunReasons": [],
        "logId": "8421bb1d-57bd-4352-87d5-82df65b02d62"
      },
      "log": {
        "_logger": {
          "category": "DurationEvent",
          "context": {},
          "callStackSkipIndex": 0
        },
        "_filelogger": {
          "category": "debug-file",
          "context": {},
          "callStackSkipIndex": 0
        }
      }
    },
    {
      "head": {
        "id": "338c4533-e282-4980-bb5a-79d40ab63bbd",
        "name": "Hvigor init with startParameters:{\n  hvigorfileTypeCheck: false,\n  parallelExecution: true,\n  incrementalExecution: true,\n  printStackTrace: false,\n  daemon: true,\n  analyze: 0,\n  logLevel: Level { level: 20000, levelStr: 'INFO', colour: 'green' },\n  enableSignTask: true,\n  skipNativeIncremental: false,\n  poolMaxCoreSize: undefined,\n  poolCacheCapacity: undefined,\n  poolCacheTtl: undefined\n}",
        "description": "",
        "type": "log"
      },
      "body": {
        "pid": 83297,
        "tid": "Main Thread",
        "startTime": 6322429366565250
      },
      "additional": {
        "logType": "debug",
        "children": []
      }
    },
    {
      "head": {
        "id": "25c04c1f-1e49-4d6c-abdf-88691e68a9cc",
        "name": "Cache service initialization finished in 2 ms ",
        "description": "",
        "type": "log"
      },
      "body": {
        "pid": 83297,
        "tid": "Main Thread",
        "startTime": 6322429367894416
      },
      "additional": {
        "logType": "debug",
        "children": []
      }
    },
    {
      "head": {
        "id": "72768413-f1e0-4fe0-af9b-ed251c6b41e7",
        "name": "hvigorfile, resolving /Users/jepson/Desktop/Harmony/projects/Part3Demo/hvigorfile.ts",
        "description": "",
        "type": "log"
      },
      "body": {
        "pid": 83297,
        "tid": "Main Thread",
        "startTime": 6322429368367083
      },
      "additional": {
        "logType": "debug",
        "children": []
      }
    },
    {
      "head": {
        "id": "d43376db-1385-403f-8df4-65f9db65c8eb",
        "name": "hvigorfile, require result:  { default: { system: [Function: appTasks], plugins: [] } }",
        "description": "",
        "type": "log"
      },
      "body": {
        "pid": 83297,
        "tid": "Main Thread",
        "startTime": 6322429372404625
      },
      "additional": {
        "logType": "debug",
        "children": []
      }
    },
    {
      "head": {
        "id": "3d1bedbe-a020-413d-a963-c18ad83c060d",
        "name": "hvigorfile, binding system plugins [Function: appTasks]",
        "description": "",
        "type": "log"
      },
      "body": {
        "pid": 83297,
        "tid": "Main Thread",
        "startTime": 6322429372473500
      },
      "additional": {
        "logType": "debug",
        "children": []
      }
    },
    {
      "head": {
        "id": "0e863946-2e4b-4ac4-8379-6f94e67ae9ee",
        "name": "hvigorfile, binding custom plugins []",
        "description": "",
        "type": "log"
      },
      "body": {
        "pid": 83297,
        "tid": "Main Thread",
        "startTime": 6322429373677041
      },
      "additional": {
        "logType": "debug",
        "children": []
      }
    },
    {
      "head": {
        "id": "be957696-e3a8-4d6a-8863-07e8ac827126",
        "name": "hvigorfile, no custom plugins were found in /Users/jepson/Desktop/Harmony/projects/Part3Demo/hvigorfile.ts",
        "description": "",
        "type": "log"
      },
      "body": {
        "pid": 83297,
        "tid": "Main Thread",
        "startTime": 6322429373729875
      },
      "additional": {
        "logType": "debug",
        "children": []
      }
    },
    {
      "head": {
        "id": "0f150458-23bd-48f0-bb20-a05d4546a94a",
        "name": "hvigorfile, resolve finished /Users/jepson/Desktop/Harmony/projects/Part3Demo/hvigorfile.ts",
        "description": "",
        "type": "log"
      },
      "body": {
        "pid": 83297,
        "tid": "Main Thread",
        "startTime": 6322429373751000
      },
      "additional": {
        "logType": "debug",
        "children": []
      }
    },
    {
      "head": {
        "id": "f779a36e-c7f1-40f6-b244-1c4f825dffc5",
        "name": "hvigorfile, resolving /Users/jepson/Desktop/Harmony/projects/Part3Demo/entry/hvigorfile.ts",
        "description": "",
        "type": "log"
      },
      "body": {
        "pid": 83297,
        "tid": "Main Thread",
        "startTime": 6322429374223833
      },
      "additional": {
        "logType": "debug",
        "children": []
      }
    },
    {
      "head": {
        "id": "c84f7d4d-23b8-4141-b5db-46258b360fd3",
        "name": "hvigorfile, require result:  { default: { system: [Function: hapTasks], plugins: [] } }",
        "description": "",
        "type": "log"
      },
      "body": {
        "pid": 83297,
        "tid": "Main Thread",
        "startTime": 6322429376707041
      },
      "additional": {
        "logType": "debug",
        "children": []
      }
    },
    {
      "head": {
        "id": "162ebf68-fc19-44a1-b379-6ed51f31bad4",
        "name": "hvigorfile, binding system plugins [Function: hapTasks]",
        "description": "",
        "type": "log"
      },
      "body": {
        "pid": 83297,
        "tid": "Main Thread",
        "startTime": 6322429376774583
      },
      "additional": {
        "logType": "debug",
        "children": []
      }
    },
    {
      "head": {
        "id": "8e1c0e57-6422-488f-b3ae-ba07dc7ad7b9",
        "name": "Module entry Collected Dependency: ",
        "description": "",
        "type": "log"
      },
      "body": {
        "pid": 83297,
        "tid": "Main Thread",
        "startTime": 6322429378335875
      },
      "additional": {
        "logType": "debug",
        "children": []
      }
    },
    {
      "head": {
        "id": "ff888f6d-3d91-49f9-8857-d281717c9751",
        "name": "Module entry's total dependency: 0",
        "description": "",
        "type": "log"
      },
      "body": {
        "pid": 83297,
        "tid": "Main Thread",
        "startTime": 6322429378388500
      },
      "additional": {
        "logType": "debug",
        "children": []
      }
    },
    {
      "head": {
        "id": "6d72b282-3f79-4cc9-bae2-20ef7b5a8346",
        "name": "Start initialize module-target build option map, moduleName=entry, buildMode=debug",
        "description": "",
        "type": "log"
      },
      "body": {
        "pid": 83297,
        "tid": "Main Thread",
        "startTime": 6322429379851291
      },
      "additional": {
        "logType": "debug",
        "children": []
      }
    },
    {
      "head": {
        "id": "ad97ce35-cfca-4253-b50e-58006cd3a27b",
        "name": "Target 'default' config: {}",
        "description": "",
        "type": "log"
      },
      "body": {
        "pid": 83297,
        "tid": "Main Thread",
        "startTime": 6322429379956625
      },
      "additional": {
        "logType": "debug",
        "children": []
      }
    },
    {
      "head": {
        "id": "ef51de45-08a9-44fd-888d-211da7d403dd",
        "name": "Target 'ohosTest' config: {}",
        "description": "",
        "type": "log"
      },
      "body": {
        "pid": 83297,
        "tid": "Main Thread",
        "startTime": 6322429380037916
      },
      "additional": {
        "logType": "debug",
        "children": []
      }
    },
    {
      "head": {
        "id": "147f4223-08db-4b1b-b6d1-c865480fb00a",
        "name": "Module 'entry' target 'default' build option: {\n  \"debuggable\": true,\n  \"copyFrom\": \"default\",\n  \"name\": \"debug\"\n}",
        "description": "",
        "type": "log"
      },
      "body": {
        "pid": 83297,
        "tid": "Main Thread",
        "startTime": 6322429380073833
      },
      "additional": {
        "logType": "debug",
        "children": []
      }
    },
    {
      "head": {
        "id": "dabe2617-71b4-46a4-9893-5fe50a3e12ce",
        "name": "Module 'entry' target 'ohosTest' build option: {\n  \"debuggable\": true,\n  \"name\": \"default\"\n}",
        "description": "",
        "type": "log"
      },
      "body": {
        "pid": 83297,
        "tid": "Main Thread",
        "startTime": 6322429380097833
      },
      "additional": {
        "logType": "debug",
        "children": []
      }
    },
    {
      "head": {
        "id": "928d5571-b9c4-467c-8e4d-11935d1f3636",
        "name": "End initialize module-target build option map, moduleName=entry",
        "description": "",
        "type": "log"
      },
      "body": {
        "pid": 83297,
        "tid": "Main Thread",
        "startTime": 6322429380118416
      },
      "additional": {
        "logType": "debug",
        "children": []
      }
    },
    {
      "head": {
        "id": "f88fb3e4-627c-4077-b0fb-e91051365b38",
        "name": "Module 'entry' target 'default' using build option: {\n  \"debuggable\": true,\n  \"copyFrom\": \"default\",\n  \"name\": \"debug\"\n} in this build.",
        "description": "",
        "type": "log"
      },
      "body": {
        "pid": 83297,
        "tid": "Main Thread",
        "startTime": 6322429380266833
      },
      "additional": {
        "logType": "debug",
        "children": []
      }
    },
    {
      "head": {
        "id": "b8b4dd32-a3ed-42fd-8e2b-897b7436d6f1",
        "name": "require SDK: toolchains,ArkTS; moduleName=entry",
        "description": "",
        "type": "log"
      },
      "body": {
        "pid": 83297,
        "tid": "Main Thread",
        "startTime": 6322429380695333
      },
      "additional": {
        "logType": "debug",
        "children": []
      }
    },
    {
      "head": {
        "id": "5d2a3588-b825-4396-8e33-9ba14db558b2",
        "name": "Module entry task initialization takes 1 ms ",
        "description": "",
        "type": "log"
      },
      "body": {
        "pid": 83297,
        "tid": "Main Thread",
        "startTime": 6322429382038291
      },
      "additional": {
        "logType": "debug",
        "children": []
      }
    },
    {
      "head": {
        "id": "e0c9deae-f6eb-4eef-8844-5525b64d8a75",
        "name": "hvigorfile, binding custom plugins []",
        "description": "",
        "type": "log"
      },
      "body": {
        "pid": 83297,
        "tid": "Main Thread",
        "startTime": 6322429382109041
      },
      "additional": {
        "logType": "debug",
        "children": []
      }
    },
    {
      "head": {
        "id": "2cc86ba3-09a2-445f-ad4e-9d3087082feb",
        "name": "hvigorfile, no custom plugins were found in /Users/jepson/Desktop/Harmony/projects/Part3Demo/entry/hvigorfile.ts",
        "description": "",
        "type": "log"
      },
      "body": {
        "pid": 83297,
        "tid": "Main Thread",
        "startTime": 6322429382135250
      },
      "additional": {
        "logType": "debug",
        "children": []
      }
    },
    {
      "head": {
        "id": "47dcaaf4-9907-47cd-abf6-60d985b2fdd9",
        "name": "hvigorfile, resolve finished /Users/jepson/Desktop/Harmony/projects/Part3Demo/entry/hvigorfile.ts",
        "description": "",
        "type": "log"
      },
      "body": {
        "pid": 83297,
        "tid": "Main Thread",
        "startTime": 6322429382155958
      },
      "additional": {
        "logType": "debug",
        "children": []
      }
    },
    {
      "head": {
        "id": "033b9a41-fbb9-4919-8c6d-c78dc30129bf",
        "name": "hvigorfile, resolve hvigorfile dependencies in 38 ms ",
        "description": "",
        "type": "log"
      },
      "body": {
        "pid": 83297,
        "tid": "Main Thread",
        "startTime": 6322429419925000
      },
      "additional": {
        "logType": "debug",
        "children": []
      }
    },
    {
      "head": {
        "id": "ec537d2b-dc69-49bb-812d-abe95a9ce45e",
        "name": "Start initialize project's product build option map with build mode debug.",
        "description": "",
        "type": "log"
      },
      "body": {
        "pid": 83297,
        "tid": "Main Thread",
        "startTime": 6322429420093500
      },
      "additional": {
        "logType": "debug",
        "children": []
      }
    },
    {
      "head": {
        "id": "133f65b0-fc72-4472-b130-1d9ed822325b",
        "name": "Picking option from product 'default' with build mode 'debug'.",
        "description": "",
        "type": "log"
      },
      "body": {
        "pid": 83297,
        "tid": "Main Thread",
        "startTime": 6322429420124875
      },
      "additional": {
        "logType": "debug",
        "children": []
      }
    },
    {
      "head": {
        "id": "3d82051f-09a1-4cfc-8178-c499c4b7e8af",
        "name": "Product 'default' build option: {}",
        "description": "",
        "type": "log"
      },
      "body": {
        "pid": 83297,
        "tid": "Main Thread",
        "startTime": 6322429420160166
      },
      "additional": {
        "logType": "debug",
        "children": []
      }
    },
    {
      "head": {
        "id": "e59dfed6-6f00-4fe4-8132-981eae407fac",
        "name": "End initialize project's product build option map with build mode 'debug'.",
        "description": "",
        "type": "log"
      },
      "body": {
        "pid": 83297,
        "tid": "Main Thread",
        "startTime": 6322429420178833
      },
      "additional": {
        "logType": "debug",
        "children": []
      }
    },
    {
      "head": {
        "id": "a34701e0-5e85-4c48-9701-d90d6d9606a7",
        "name": "Module Part3Demo Collected Dependency: ",
        "description": "",
        "type": "log"
      },
      "body": {
        "pid": 83297,
        "tid": "Main Thread",
        "startTime": 6322429420353458
      },
      "additional": {
        "logType": "debug",
        "children": []
      }
    },
    {
      "head": {
        "id": "fad4fabe-dd9b-47ef-99fe-540d48ca816d",
        "name": "Module Part3Demo's total dependency: 0",
        "description": "",
        "type": "log"
      },
      "body": {
        "pid": 83297,
        "tid": "Main Thread",
        "startTime": 6322429420374500
      },
      "additional": {
        "logType": "debug",
        "children": []
      }
    },
    {
      "head": {
        "id": "bb7216da-333a-43dc-b3b5-29a1b428f7ad",
        "name": "Product 'default' using build option: {\n  \"debuggable\": true\n} in this build.",
        "description": "",
        "type": "log"
      },
      "body": {
        "pid": 83297,
        "tid": "Main Thread",
        "startTime": 6322429420704833
      },
      "additional": {
        "logType": "debug",
        "children": []
      }
    },
    {
      "head": {
        "id": "fac718c4-7f12-4b9f-8c38-f3eec6ff5cdc",
        "name": "Sdk init in 1 ms ",
        "description": "",
        "type": "log"
      },
      "body": {
        "pid": 83297,
        "tid": "Main Thread",
        "startTime": 6322429422374625
      },
      "additional": {
        "logType": "debug",
        "children": []
      }
    },
    {
      "head": {
        "id": "c977235c-d996-4e33-8692-5ef4d329856e",
        "name": "sdkVersion",
        "description": "4.1.0.52",
        "type": "mark"
      },
      "body": {
        "pid": 83297,
        "tid": "Main Thread",
        "startTime": 6322429422431166
      },
      "additional": {
        "time": {
          "year": 2024,
          "month": 4,
          "day": 17,
          "hour": 15,
          "minute": 29
        },
        "markType": "other"
      }
    },
    {
      "head": {
        "id": "326b5be7-f854-4ddc-a6ca-7817e3480138",
        "name": "Project task initialization takes 4 ms ",
        "description": "",
        "type": "log"
      },
      "body": {
        "pid": 83297,
        "tid": "Main Thread",
        "startTime": 6322429425691833
      },
      "additional": {
        "logType": "debug",
        "children": []
      }
    },
    {
      "head": {
        "id": "fdb5300a-88f7-415b-9769-d76358832a48",
        "name": "Sdk init in 1 ms ",
        "description": "",
        "type": "log"
      },
      "body": {
        "pid": 83297,
        "tid": "Main Thread",
        "startTime": 6322429426308041
      },
      "additional": {
        "logType": "debug",
        "children": []
      }
    },
    {
      "head": {
        "id": "9e5fe37f-0b9c-4a72-96b6-362fa1b5b1d8",
        "name": "project has submodules:entry",
        "description": "",
        "type": "log"
      },
      "body": {
        "pid": 83297,
        "tid": "Main Thread",
        "startTime": 6322429426698541
      },
      "additional": {
        "logType": "debug",
        "children": []
      }
    },
    {
      "head": {
        "id": "b3c2567b-3890-462d-b15d-8d75e2c423be",
        "name": "Configuration phase cost:60 ms ",
        "description": "",
        "type": "log"
      },
      "body": {
        "pid": 83297,
        "tid": "Main Thread",
        "startTime": 6322429426946083
      },
      "additional": {
        "logType": "debug",
        "children": []
      }
    },
    {
      "head": {
        "id": "8421bb1d-57bd-4352-87d5-82df65b02d62",
        "name": "init",
        "description": "",
        "type": "log"
      },
      "body": {
        "pid": 83297,
        "tid": "Main Thread",
        "startTime": 6322429366016416,
        "endTime": 6322429427220083
      },
      "additional": {
        "logType": "info",
        "children": [],
        "durationId": "7ff23695-5969-4a4f-9a3d-ea7b34dbdbe3"
      }
    },
    {
      "head": {
        "id": "d6c4129f-874a-45ac-ba64-42cbcca930c2",
        "name": "Configuration task cost before running: 62 ms ",
        "description": "",
        "type": "log"
      },
      "body": {
        "pid": 83297,
        "tid": "Main Thread",
        "startTime": 6322429427286291
      },
      "additional": {
        "logType": "debug",
        "children": []
      }
    },
    {
      "head": {
        "id": "2a5351d3-cad4-461e-b7c0-33665d4694ff",
        "name": "entry:default@PreBuild",
        "description": "Pre-build in the stage model.",
        "type": "duration"
      },
      "body": {
        "pid": 83297,
        "tid": "Main Thread",
        "startTime": 6322429428335416,
        "endTime": 6322429429041750
      },
      "additional": {
        "children": [],
        "state": "success",
        "targetName": "default",
        "moduleName": "entry",
        "category": "Verification",
        "taskRunReasons": [],
        "detailId": "30c71540-1870-4b5a-8415-1f8365b07857",
        "logId": "a570fb46-3f6f-4718-b010-6a47b3c2ad4e"
      },
      "log": {
        "_logger": {
          "category": "DurationEvent",
          "context": {},
          "callStackSkipIndex": 0
        },
        "_filelogger": {
          "category": "debug-file",
          "context": {},
          "callStackSkipIndex": 0
        }
      }
    },
    {
      "head": {
        "id": "30c71540-1870-4b5a-8415-1f8365b07857",
        "name": "create entry:default@PreBuild task",
        "description": "",
        "type": "log"
      },
      "body": {
        "pid": 83297,
        "tid": "Main Thread",
        "startTime": 6322429427476041
      },
      "additional": {
        "logType": "detail",
        "children": [],
        "durationId": "2a5351d3-cad4-461e-b7c0-33665d4694ff"
      }
    },
    {
      "head": {
        "id": "ef29cf65-83fb-41ef-b2e4-f0d4f7f6085f",
        "name": "entry : default@PreBuild start {\n  rss: 302333952,\n  heapTotal: 117178368,\n  heapUsed: 100522112,\n  external: 1054744,\n  arrayBuffers: 120902\n}",
        "description": "",
        "type": "log"
      },
      "body": {
        "pid": 83297,
        "tid": "Main Thread",
        "startTime": 6322429428301541
      },
      "additional": {
        "logType": "debug",
        "children": []
      }
    },
    {
      "head": {
        "id": "792602e6-728c-4c3d-8e05-4702a1bf54c5",
        "name": "Executing task :entry:default@PreBuild",
        "description": "",
        "type": "log"
      },
      "body": {
        "pid": 83297,
        "tid": "Main Thread",
        "startTime": 6322429428340583
      },
      "additional": {
        "logType": "debug",
        "children": []
      }
    },
    {
      "head": {
        "id": "7429a334-c5d7-479e-8533-da378eabf245",
        "name": "Incremental task entry:default@PreBuild pre-execution cost: 1 ms .",
        "description": "",
        "type": "log"
      },
      "body": {
        "pid": 83297,
        "tid": "Main Thread",
        "startTime": 6322429428956375
      },
      "additional": {
        "logType": "debug",
        "children": []
      }
    },
    {
      "head": {
        "id": "b48ad106-34c0-40db-b6bf-737f57e9ef23",
        "name": "entry : default@PreBuild end {\n  rss: 302481408,\n  heapTotal: 117178368,\n  heapUsed: 100662576,\n  external: 1054744,\n  arrayBuffers: 120902\n}",
        "description": "",
        "type": "log"
      },
      "body": {
        "pid": 83297,
        "tid": "Main Thread",
        "startTime": 6322429429012625
      },
      "additional": {
        "logType": "debug",
        "children": []
      }
    },
    {
      "head": {
        "id": "a570fb46-3f6f-4718-b010-6a47b3c2ad4e",
        "name": "UP-TO-DATE :entry:default@PreBuild",
        "description": "Pre-build in the stage model.",
        "type": "log"
      },
      "body": {
        "pid": 83297,
        "tid": "Main Thread",
        "startTime": 6322429428335416,
        "endTime": 6322429429041750
      },
      "additional": {
        "logType": "info",
        "children": [],
        "durationId": "2a5351d3-cad4-461e-b7c0-33665d4694ff"
      }
    },
    {
      "head": {
        "id": "411f004e-e896-4fc8-b447-f15d404661a4",
        "name": "entry:default@CreateBuildProfile",
        "description": "Create the BuildProfile.ets file for the HAP/HSP package.",
        "type": "duration"
      },
      "body": {
        "pid": 83297,
        "tid": "Main Thread",
        "startTime": 6322429429437166,
        "endTime": 6322429430116708
      },
      "additional": {
        "children": [],
        "state": "success",
        "targetName": "default",
        "moduleName": "entry",
        "category": "Generate",
        "taskRunReasons": [],
        "detailId": "2661e474-d5c0-40b9-b878-02b5a49d54e5",
        "logId": "f3181ddd-c9c4-432a-820a-e1b62fa3a92a"
      },
      "log": {
        "_logger": {
          "category": "DurationEvent",
          "context": {},
          "callStackSkipIndex": 0
        },
        "_filelogger": {
          "category": "debug-file",
          "context": {},
          "callStackSkipIndex": 0
        }
      }
    },
    {
      "head": {
        "id": "2661e474-d5c0-40b9-b878-02b5a49d54e5",
        "name": "create entry:default@CreateBuildProfile task",
        "description": "",
        "type": "log"
      },
      "body": {
        "pid": 83297,
        "tid": "Main Thread",
        "startTime": 6322429429276416
      },
      "additional": {
        "logType": "detail",
        "children": [],
        "durationId": "411f004e-e896-4fc8-b447-f15d404661a4"
      }
    },
    {
      "head": {
        "id": "15c459b1-f7db-42e7-b9ff-2553a9e1320c",
        "name": "entry : default@CreateBuildProfile start {\n  rss: 302628864,\n  heapTotal: 117178368,\n  heapUsed: 100836704,\n  external: 1054744,\n  arrayBuffers: 120902\n}",
        "description": "",
        "type": "log"
      },
      "body": {
        "pid": 83297,
        "tid": "Main Thread",
        "startTime": 6322429429408666
      },
      "additional": {
        "logType": "debug",
        "children": []
      }
    },
    {
      "head": {
        "id": "8ed27673-6f9a-414e-9643-c4a818b7a866",
        "name": "Executing task :entry:default@CreateBuildProfile",
        "description": "",
        "type": "log"
      },
      "body": {
        "pid": 83297,
        "tid": "Main Thread",
        "startTime": 6322429429441541
      },
      "additional": {
        "logType": "debug",
        "children": []
      }
    },
    {
      "head": {
        "id": "fbf1726b-69a1-4b09-a0a6-db4e581b0e79",
        "name": "Incremental task entry:default@CreateBuildProfile pre-execution cost: 1 ms .",
        "description": "",
        "type": "log"
      },
      "body": {
        "pid": 83297,
        "tid": "Main Thread",
        "startTime": 6322429430039666
      },
      "additional": {
        "logType": "debug",
        "children": []
      }
    },
    {
      "head": {
        "id": "cb149d58-f50e-4930-81a9-0284c34a7087",
        "name": "entry : default@CreateBuildProfile end {\n  rss: 302759936,\n  heapTotal: 117178368,\n  heapUsed: 100953160,\n  external: 1054744,\n  arrayBuffers: 120902\n}",
        "description": "",
        "type": "log"
      },
      "body": {
        "pid": 83297,
        "tid": "Main Thread",
        "startTime": 6322429430090458
      },
      "additional": {
        "logType": "debug",
        "children": []
      }
    },
    {
      "head": {
        "id": "f3181ddd-c9c4-432a-820a-e1b62fa3a92a",
        "name": "UP-TO-DATE :entry:default@CreateBuildProfile",
        "description": "Create the BuildProfile.ets file for the HAP/HSP package.",
        "type": "log"
      },
      "body": {
        "pid": 83297,
        "tid": "Main Thread",
        "startTime": 6322429429437166,
        "endTime": 6322429430116708
      },
      "additional": {
        "logType": "info",
        "children": [],
        "durationId": "411f004e-e896-4fc8-b447-f15d404661a4"
      }
    },
    {
      "head": {
        "id": "87aa2ba7-cb91-4115-8ba0-8228bce609f4",
        "name": "entry:default@GenerateLoaderJson",
        "description": "Generate loader.json in the stage model.",
        "type": "duration"
      },
      "body": {
        "pid": 83297,
        "tid": "Main Thread",
        "startTime": 6322429431412041,
        "endTime": 6322429431756000
      },
      "additional": {
        "children": [],
        "state": "success",
        "targetName": "default",
        "moduleName": "entry",
        "category": "Generate",
        "taskRunReasons": [],
        "detailId": "0d563180-eca5-4dca-a746-becf434ac979",
        "logId": "9bfa65dd-37e4-4609-9d8d-11fbe14789a5"
      },
      "log": {
        "_logger": {
          "category": "DurationEvent",
          "context": {},
          "callStackSkipIndex": 0
        },
        "_filelogger": {
          "category": "debug-file",
          "context": {},
          "callStackSkipIndex": 0
        }
      }
    },
    {
      "head": {
        "id": "0d563180-eca5-4dca-a746-becf434ac979",
        "name": "create entry:default@GenerateLoaderJson task",
        "description": "",
        "type": "log"
      },
      "body": {
        "pid": 83297,
        "tid": "Main Thread",
        "startTime": 6322429430479791
      },
      "additional": {
        "logType": "detail",
        "children": [],
        "durationId": "87aa2ba7-cb91-4115-8ba0-8228bce609f4"
      }
    },
    {
      "head": {
        "id": "ab0a00b3-b245-4a63-93bd-b58622b622a1",
        "name": "entry : default@GenerateLoaderJson start {\n  rss: 303071232,\n  heapTotal: 117178368,\n  heapUsed: 101264480,\n  external: 1062936,\n  arrayBuffers: 129094\n}",
        "description": "",
        "type": "log"
      },
      "body": {
        "pid": 83297,
        "tid": "Main Thread",
        "startTime": 6322429431379333
      },
      "additional": {
        "logType": "debug",
        "children": []
      }
    },
    {
      "head": {
        "id": "8552c0d4-5fd0-443c-a651-5ab98c2afe4c",
        "name": "Executing task :entry:default@GenerateLoaderJson",
        "description": "",
        "type": "log"
      },
      "body": {
        "pid": 83297,
        "tid": "Main Thread",
        "startTime": 6322429431415708
      },
      "additional": {
        "logType": "debug",
        "children": []
      }
    },
    {
      "head": {
        "id": "f27ff102-7feb-42b9-b3c1-18f50c4d4df7",
        "name": "Incremental task entry:default@GenerateLoaderJson pre-execution cost: 1 ms .",
        "description": "",
        "type": "log"
      },
      "body": {
        "pid": 83297,
        "tid": "Main Thread",
        "startTime": 6322429431692541
      },
      "additional": {
        "logType": "debug",
        "children": []
      }
    },
    {
      "head": {
        "id": "b68d0f2d-04be-46ee-8985-1436e2a9e70c",
        "name": "entry : default@GenerateLoaderJson end {\n  rss: 303136768,\n  heapTotal: 117178368,\n  heapUsed: 101334840,\n  external: 1062936,\n  arrayBuffers: 129094\n}",
        "description": "",
        "type": "log"
      },
      "body": {
        "pid": 83297,
        "tid": "Main Thread",
        "startTime": 6322429431729583
      },
      "additional": {
        "logType": "debug",
        "children": []
      }
    },
    {
      "head": {
        "id": "9bfa65dd-37e4-4609-9d8d-11fbe14789a5",
        "name": "UP-TO-DATE :entry:default@GenerateLoaderJson",
        "description": "Generate loader.json in the stage model.",
        "type": "log"
      },
      "body": {
        "pid": 83297,
        "tid": "Main Thread",
        "startTime": 6322429431412041,
        "endTime": 6322429431756000
      },
      "additional": {
        "logType": "info",
        "children": [],
        "durationId": "87aa2ba7-cb91-4115-8ba0-8228bce609f4"
      }
    },
    {
      "head": {
        "id": "a0c32e2a-55de-412c-a748-5b5c7d0605f9",
        "name": "entry:default@MergeProfile",
        "description": "Merge app config manifest files in the stage model.",
        "type": "duration"
      },
      "body": {
        "pid": 83297,
        "tid": "Main Thread",
        "startTime": 6322429432507625,
        "endTime": 6322429432916166
      },
      "additional": {
        "children": [],
        "state": "success",
        "targetName": "default",
        "moduleName": "entry",
        "category": "Config",
        "taskRunReasons": [],
        "detailId": "7cdd7042-1956-44e6-bdab-4555c9cf6ce1",
        "logId": "18d33bce-c5d3-44a1-824d-6e781bf1c303"
      },
      "log": {
        "_logger": {
          "category": "DurationEvent",
          "context": {},
          "callStackSkipIndex": 0
        },
        "_filelogger": {
          "category": "debug-file",
          "context": {},
          "callStackSkipIndex": 0
        }
      }
    },
    {
      "head": {
        "id": "7cdd7042-1956-44e6-bdab-4555c9cf6ce1",
        "name": "create entry:default@MergeProfile task",
        "description": "",
        "type": "log"
      },
      "body": {
        "pid": 83297,
        "tid": "Main Thread",
        "startTime": 6322429431979833
      },
      "additional": {
        "logType": "detail",
        "children": [],
        "durationId": "a0c32e2a-55de-412c-a748-5b5c7d0605f9"
      }
    },
    {
      "head": {
        "id": "25c05e93-7375-46ca-98f0-ce0895c2b08d",
        "name": "entry : default@MergeProfile start {\n  rss: 303316992,\n  heapTotal: 117178368,\n  heapUsed: 101502832,\n  external: 1071128,\n  arrayBuffers: 137286\n}",
        "description": "",
        "type": "log"
      },
      "body": {
        "pid": 83297,
        "tid": "Main Thread",
        "startTime": 6322429432446958
      },
      "additional": {
        "logType": "debug",
        "children": []
      }
    },
    {
      "head": {
        "id": "8de9f0a0-0e30-4ae0-8f7e-0c2a67bd4d41",
        "name": "Executing task :entry:default@MergeProfile",
        "description": "",
        "type": "log"
      },
      "body": {
        "pid": 83297,
        "tid": "Main Thread",
        "startTime": 6322429432512125
      },
      "additional": {
        "logType": "debug",
        "children": []
      }
    },
    {
      "head": {
        "id": "09f2f1d6-713b-44cc-9b4a-5f4c686a85c2",
        "name": "Incremental task entry:default@MergeProfile pre-execution cost: 1 ms .",
        "description": "",
        "type": "log"
      },
      "body": {
        "pid": 83297,
        "tid": "Main Thread",
        "startTime": 6322429432836666
      },
      "additional": {
        "logType": "debug",
        "children": []
      }
    },
    {
      "head": {
        "id": "4ecb2c57-65e2-46f9-81e8-05d0e8c45caa",
        "name": "entry : default@MergeProfile end {\n  rss: 303398912,\n  heapTotal: 117178368,\n  heapUsed: 101582464,\n  external: 1071128,\n  arrayBuffers: 137286\n}",
        "description": "",
        "type": "log"
      },
      "body": {
        "pid": 83297,
        "tid": "Main Thread",
        "startTime": 6322429432883875
      },
      "additional": {
        "logType": "debug",
        "children": []
      }
    },
    {
      "head": {
        "id": "18d33bce-c5d3-44a1-824d-6e781bf1c303",
        "name": "UP-TO-DATE :entry:default@MergeProfile",
        "description": "Merge app config manifest files in the stage model.",
        "type": "log"
      },
      "body": {
        "pid": 83297,
        "tid": "Main Thread",
        "startTime": 6322429432507625,
        "endTime": 6322429432916166
      },
      "additional": {
        "logType": "info",
        "children": [],
        "durationId": "a0c32e2a-55de-412c-a748-5b5c7d0605f9"
      }
    },
    {
      "head": {
        "id": "0c6f5117-4699-4470-85a0-39524ccb3cdf",
        "name": "entry:default@ProcessProfile",
        "description": "Process app config manifest files in the stage model.",
        "type": "duration"
      },
      "body": {
        "pid": 83297,
        "tid": "Main Thread",
        "startTime": 6322429433919708,
        "endTime": 6322429434362125
      },
      "additional": {
        "children": [],
        "state": "success",
        "targetName": "default",
        "moduleName": "entry",
        "category": "Config",
        "taskRunReasons": [],
        "detailId": "ba20d512-943e-49f6-b8ba-633d529791e8",
        "logId": "2783a2ec-3206-48b0-b91b-5511f8c39941"
      },
      "log": {
        "_logger": {
          "category": "DurationEvent",
          "context": {},
          "callStackSkipIndex": 0
        },
        "_filelogger": {
          "category": "debug-file",
          "context": {},
          "callStackSkipIndex": 0
        }
      }
    },
    {
      "head": {
        "id": "ba20d512-943e-49f6-b8ba-633d529791e8",
        "name": "create entry:default@ProcessProfile task",
        "description": "",
        "type": "log"
      },
      "body": {
        "pid": 83297,
        "tid": "Main Thread",
        "startTime": 6322429433297083
      },
      "additional": {
        "logType": "detail",
        "children": [],
        "durationId": "0c6f5117-4699-4470-85a0-39524ccb3cdf"
      }
    },
    {
      "head": {
        "id": "440c95a3-d810-4b25-a8c4-0e5ad9dfc166",
        "name": "entry : default@ProcessProfile start {\n  rss: 303562752,\n  heapTotal: 117178368,\n  heapUsed: 101764488,\n  external: 1071128,\n  arrayBuffers: 137286\n}",
        "description": "",
        "type": "log"
      },
      "body": {
        "pid": 83297,
        "tid": "Main Thread",
        "startTime": 6322429433820708
      },
      "additional": {
        "logType": "debug",
        "children": []
      }
    },
    {
      "head": {
        "id": "a31c0101-d657-447a-9f81-66a5ba328321",
        "name": "Executing task :entry:default@ProcessProfile",
        "description": "",
        "type": "log"
      },
      "body": {
        "pid": 83297,
        "tid": "Main Thread",
        "startTime": 6322429433926750
      },
      "additional": {
        "logType": "debug",
        "children": []
      }
    },
    {
      "head": {
        "id": "d93c5e38-d8f5-4996-81ea-5d81f6970c70",
        "name": "Incremental task entry:default@ProcessProfile pre-execution cost: 1 ms .",
        "description": "",
        "type": "log"
      },
      "body": {
        "pid": 83297,
        "tid": "Main Thread",
        "startTime": 6322429434244291
      },
      "additional": {
        "logType": "debug",
        "children": []
      }
    },
    {
      "head": {
        "id": "6e8d771d-0dac-4293-b077-b1140939db5a",
        "name": "entry : default@ProcessProfile end {\n  rss: 303628288,\n  heapTotal: 117178368,\n  heapUsed: 101826312,\n  external: 1071128,\n  arrayBuffers: 137286\n}",
        "description": "",
        "type": "log"
      },
      "body": {
        "pid": 83297,
        "tid": "Main Thread",
        "startTime": 6322429434294958
      },
      "additional": {
        "logType": "debug",
        "children": []
      }
    },
    {
      "head": {
        "id": "2783a2ec-3206-48b0-b91b-5511f8c39941",
        "name": "UP-TO-DATE :entry:default@ProcessProfile",
        "description": "Process app config manifest files in the stage model.",
        "type": "log"
      },
      "body": {
        "pid": 83297,
        "tid": "Main Thread",
        "startTime": 6322429433919708,
        "endTime": 6322429434362125
      },
      "additional": {
        "logType": "info",
        "children": [],
        "durationId": "0c6f5117-4699-4470-85a0-39524ccb3cdf"
      }
    },
    {
      "head": {
        "id": "dddec856-039f-4a9c-9d5b-8d6e75d75906",
        "name": "entry:default@PreviewProcessResource",
        "description": "Process preview resources incrementally in the stage model.",
        "type": "duration"
      },
      "body": {
        "pid": 83297,
        "tid": "Main Thread",
        "startTime": 6322429435556250,
        "endTime": 6322429436460833
      },
      "additional": {
        "children": [],
        "state": "success",
        "targetName": "default",
        "moduleName": "entry",
        "category": "Resources",
        "taskRunReasons": [],
        "detailId": "00b2a2c6-a9ad-4b10-9093-c715e9b51a45",
        "logId": "b1b0d63a-34f9-47ee-8a7a-0d67d9febe49"
      },
      "log": {
        "_logger": {
          "category": "DurationEvent",
          "context": {},
          "callStackSkipIndex": 0
        },
        "_filelogger": {
          "category": "debug-file",
          "context": {},
          "callStackSkipIndex": 0
        }
      }
    },
    {
      "head": {
        "id": "00b2a2c6-a9ad-4b10-9093-c715e9b51a45",
        "name": "create entry:default@PreviewProcessResource task",
        "description": "",
        "type": "log"
      },
      "body": {
        "pid": 83297,
        "tid": "Main Thread",
        "startTime": 6322429434754791
      },
      "additional": {
        "logType": "detail",
        "children": [],
        "durationId": "dddec856-039f-4a9c-9d5b-8d6e75d75906"
      }
    },
    {
      "head": {
        "id": "e1609bf4-5d79-490b-a261-c948e552cce0",
        "name": "restool module names: entry; moduleName=entry, taskName=default@PreviewProcessResource",
        "description": "",
        "type": "log"
      },
      "body": {
        "pid": 83297,
        "tid": "Main Thread",
        "startTime": 6322429435115708
      },
      "additional": {
        "logType": "debug",
        "children": []
      }
    },
    {
      "head": {
        "id": "ec0edc85-b852-420f-bb73-ca28345e71c0",
        "name": "entry : default@PreviewProcessResource start {\n  rss: 303857664,\n  heapTotal: 117178368,\n  heapUsed: 102069256,\n  external: 1079320,\n  arrayBuffers: 145478\n}",
        "description": "",
        "type": "log"
      },
      "body": {
        "pid": 83297,
        "tid": "Main Thread",
        "startTime": 6322429435525416
      },
      "additional": {
        "logType": "debug",
        "children": []
      }
    },
    {
      "head": {
        "id": "36c409a9-e3c3-4f82-a0c1-4f3c93cb9e11",
        "name": "Executing task :entry:default@PreviewProcessResource",
        "description": "",
        "type": "log"
      },
      "body": {
        "pid": 83297,
        "tid": "Main Thread",
        "startTime": 6322429435958791
      },
      "additional": {
        "logType": "debug",
        "children": []
      }
    },
    {
      "head": {
        "id": "7cc5cb62-e74c-4b01-8f5d-3a4ca72a522e",
        "name": "entry : default@PreviewProcessResource end {\n  rss: 303955968,\n  heapTotal: 117178368,\n  heapUsed: 102169032,\n  external: 1079320,\n  arrayBuffers: 145478\n}",
        "description": "",
        "type": "log"
      },
      "body": {
        "pid": 83297,
        "tid": "Main Thread",
        "startTime": 6322429436018083
      },
      "additional": {
        "logType": "debug",
        "children": []
      }
    },
    {
      "head": {
        "id": "54bd7230-7b8f-45b3-b2f8-ccfd96209f67",
        "name": "runTaskFromQueue task cost before running: 71 ms ",
        "description": "",
        "type": "log"
      },
      "body": {
        "pid": 83297,
        "tid": "Main Thread",
        "startTime": 6322429436435666
      },
      "additional": {
        "logType": "debug",
        "children": []
      }
    },
    {
      "head": {
        "id": "b1b0d63a-34f9-47ee-8a7a-0d67d9febe49",
        "name": "Finished :entry:default@PreviewProcessResource",
        "description": "Process preview resources incrementally in the stage model.",
        "type": "log"
      },
      "body": {
        "pid": 83297,
        "tid": "Main Thread",
        "startTime": 6322429435556250,
        "endTime": 6322429436460833
      },
      "additional": {
        "logType": "info",
        "children": [],
        "durationId": "dddec856-039f-4a9c-9d5b-8d6e75d75906"
      }
    },
    {
      "head": {
        "id": "1735bb37-e936-4cd5-8954-78aa4240b23e",
        "name": "entry:default@PreviewCompileResource",
        "description": "Use Preview to compile project resources in the stage model.",
        "type": "duration"
      },
      "body": {
        "pid": 83297,
        "tid": "Main Thread",
        "startTime": 6322429437633750,
        "endTime": 6322429439772250
      },
      "additional": {
        "children": [],
        "state": "success",
        "targetName": "default",
        "moduleName": "entry",
        "category": "Resources",
        "taskRunReasons": [],
        "detailId": "99c8008f-95dd-4882-86f4-35b1628e85db",
        "logId": "1c20c2c8-2e0d-40f6-94bd-783b37b4dc4d"
      },
      "log": {
        "_logger": {
          "category": "DurationEvent",
          "context": {},
          "callStackSkipIndex": 0
        },
        "_filelogger": {
          "category": "debug-file",
          "context": {},
          "callStackSkipIndex": 0
        }
      }
    },
    {
      "head": {
        "id": "99c8008f-95dd-4882-86f4-35b1628e85db",
        "name": "create entry:default@PreviewCompileResource task",
        "description": "",
        "type": "log"
      },
      "body": {
        "pid": 83297,
        "tid": "Main Thread",
        "startTime": 6322429437010583
      },
      "additional": {
        "logType": "detail",
        "children": [],
        "durationId": "1735bb37-e936-4cd5-8954-78aa4240b23e"
      }
    },
    {
      "head": {
        "id": "d7ce6a30-cea5-4efa-a421-b946ebb88a09",
        "name": "restool module names: entry; moduleName=entry, taskName=default@PreviewCompileResource",
        "description": "",
        "type": "log"
      },
      "body": {
        "pid": 83297,
        "tid": "Main Thread",
        "startTime": 6322429437281791
      },
      "additional": {
        "logType": "debug",
        "children": []
      }
    },
    {
      "head": {
        "id": "51091f2e-c842-4ac4-8ab1-413d5316e1d4",
        "name": "entry : default@PreviewCompileResource start {\n  rss: 304349184,\n  heapTotal: 117178368,\n  heapUsed: 102800384,\n  external: 1095704,\n  arrayBuffers: 161862\n}",
        "description": "",
        "type": "log"
      },
      "body": {
        "pid": 83297,
        "tid": "Main Thread",
        "startTime": 6322429437607208
      },
      "additional": {
        "logType": "debug",
        "children": []
      }
    },
    {
      "head": {
        "id": "7a4f6c5a-9b20-4256-b90e-40cd80b3b80d",
        "name": "Executing task :entry:default@PreviewCompileResource",
        "description": "",
        "type": "log"
      },
      "body": {
        "pid": 83297,
        "tid": "Main Thread",
        "startTime": 6322429437643958
      },
      "additional": {
        "logType": "debug",
        "children": []
      }
    },
    {
      "head": {
        "id": "4cb7624a-92eb-4804-abc2-c6d4ccd9d1bd",
        "name": "Incremental task entry:default@PreviewCompileResource pre-execution cost: 2 ms .",
        "description": "",
        "type": "log"
      },
      "body": {
        "pid": 83297,
        "tid": "Main Thread",
        "startTime": 6322429439696250
      },
      "additional": {
        "logType": "debug",
        "children": []
      }
    },
    {
      "head": {
        "id": "d3026bc2-99cb-46dd-bdb7-d8bbe3753f77",
        "name": "entry : default@PreviewCompileResource end {\n  rss: 304873472,\n  heapTotal: 117178368,\n  heapUsed: 103320248,\n  external: 1095704,\n  arrayBuffers: 161862\n}",
        "description": "",
        "type": "log"
      },
      "body": {
        "pid": 83297,
        "tid": "Main Thread",
        "startTime": 6322429439742083
      },
      "additional": {
        "logType": "debug",
        "children": []
      }
    },
    {
      "head": {
        "id": "1c20c2c8-2e0d-40f6-94bd-783b37b4dc4d",
        "name": "UP-TO-DATE :entry:default@PreviewCompileResource",
        "description": "Use Preview to compile project resources in the stage model.",
        "type": "log"
      },
      "body": {
        "pid": 83297,
        "tid": "Main Thread",
        "startTime": 6322429437633750,
        "endTime": 6322429439772250
      },
      "additional": {
        "logType": "info",
        "children": [],
        "durationId": "1735bb37-e936-4cd5-8954-78aa4240b23e"
      }
    },
    {
      "head": {
        "id": "cc6da070-9a46-49b8-a109-f94bf2e6edc7",
        "name": "entry:default@PreviewHookCompileResource",
        "description": "Add a hook task for compiling preview resources.",
        "type": "duration"
      },
      "body": {
        "pid": 83297,
        "tid": "Main Thread",
        "startTime": 6322429440195083,
        "endTime": 6322429440370000
      },
      "additional": {
        "children": [],
        "state": "success",
        "targetName": "default",
        "moduleName": "entry",
        "category": "Hook",
        "taskRunReasons": [],
        "detailId": "a421f22c-4300-40d4-9f5e-30ba9161523d",
        "logId": "a3fd102b-af26-4f34-a68a-4e67a110c7e3"
      },
      "log": {
        "_logger": {
          "category": "DurationEvent",
          "context": {},
          "callStackSkipIndex": 0
        },
        "_filelogger": {
          "category": "debug-file",
          "context": {},
          "callStackSkipIndex": 0
        }
      }
    },
    {
      "head": {
        "id": "a421f22c-4300-40d4-9f5e-30ba9161523d",
        "name": "create entry:default@PreviewHookCompileResource task",
        "description": "",
        "type": "log"
      },
      "body": {
        "pid": 83297,
        "tid": "Main Thread",
        "startTime": 6322429440111166
      },
      "additional": {
        "logType": "detail",
        "children": [],
        "durationId": "cc6da070-9a46-49b8-a109-f94bf2e6edc7"
      }
    },
    {
      "head": {
        "id": "7e6bc4c4-3869-44ee-aa3f-d39e186364a5",
        "name": "entry : default@PreviewHookCompileResource start {\n  rss: 305020928,\n  heapTotal: 117178368,\n  heapUsed: 103464640,\n  external: 1095704,\n  arrayBuffers: 161862\n}",
        "description": "",
        "type": "log"
      },
      "body": {
        "pid": 83297,
        "tid": "Main Thread",
        "startTime": 6322429440168916
      },
      "additional": {
        "logType": "debug",
        "children": []
      }
    },
    {
      "head": {
        "id": "a0445ad1-72e4-447c-a6c8-f743d03b4331",
        "name": "Executing task :entry:default@PreviewHookCompileResource",
        "description": "",
        "type": "log"
      },
      "body": {
        "pid": 83297,
        "tid": "Main Thread",
        "startTime": 6322429440197833
      },
      "additional": {
        "logType": "debug",
        "children": []
      }
    },
    {
      "head": {
        "id": "bf02f3fb-dfcb-4f45-9fc5-213e9997f3e5",
        "name": "entry : default@PreviewHookCompileResource end {\n  rss: 305053696,\n  heapTotal: 117178368,\n  heapUsed: 103491128,\n  external: 1095704,\n  arrayBuffers: 161862\n}",
        "description": "",
        "type": "log"
      },
      "body": {
        "pid": 83297,
        "tid": "Main Thread",
        "startTime": 6322429440319875
      },
      "additional": {
        "logType": "debug",
        "children": []
      }
    },
    {
      "head": {
        "id": "d12cca1f-ccd1-4c6b-aadb-f68c3d70d5b8",
        "name": "runTaskFromQueue task cost before running: 75 ms ",
        "description": "",
        "type": "log"
      },
      "body": {
        "pid": 83297,
        "tid": "Main Thread",
        "startTime": 6322429440350916
      },
      "additional": {
        "logType": "debug",
        "children": []
      }
    },
    {
      "head": {
        "id": "a3fd102b-af26-4f34-a68a-4e67a110c7e3",
        "name": "Finished :entry:default@PreviewHookCompileResource",
        "description": "Add a hook task for compiling preview resources.",
        "type": "log"
      },
      "body": {
        "pid": 83297,
        "tid": "Main Thread",
        "startTime": 6322429440195083,
        "endTime": 6322429440370000
      },
      "additional": {
        "logType": "info",
        "children": [],
        "durationId": "cc6da070-9a46-49b8-a109-f94bf2e6edc7"
      }
    },
    {
      "head": {
        "id": "1cb47616-cf47-41f9-a38f-51dea3faf0d8",
        "name": "entry:default@CopyPreviewProfile",
        "description": "Copy preview profile.",
        "type": "duration"
      },
      "body": {
        "pid": 83297,
        "tid": "Main Thread",
        "startTime": 6322429440727000,
        "endTime": 6322429441004666
      },
      "additional": {
        "children": [],
        "state": "success",
        "targetName": "default",
        "moduleName": "entry",
        "category": "Other",
        "taskRunReasons": [],
        "detailId": "e5130542-ef62-4103-beb2-4276e2d7fa67",
        "logId": "4d82f505-f2b0-4b28-8dca-e07b47ad066a"
      },
      "log": {
        "_logger": {
          "category": "DurationEvent",
          "context": {},
          "callStackSkipIndex": 0
        },
        "_filelogger": {
          "category": "debug-file",
          "context": {},
          "callStackSkipIndex": 0
        }
      }
    },
    {
      "head": {
        "id": "e5130542-ef62-4103-beb2-4276e2d7fa67",
        "name": "create entry:default@CopyPreviewProfile task",
        "description": "",
        "type": "log"
      },
      "body": {
        "pid": 83297,
        "tid": "Main Thread",
        "startTime": 6322429440538416
      },
      "additional": {
        "logType": "detail",
        "children": [],
        "durationId": "1cb47616-cf47-41f9-a38f-51dea3faf0d8"
      }
    },
    {
      "head": {
        "id": "7393af15-622c-41cb-9072-68b8b53ab413",
        "name": "entry : default@CopyPreviewProfile start {\n  rss: 305201152,\n  heapTotal: 117178368,\n  heapUsed: 103652696,\n  external: 1095704,\n  arrayBuffers: 161862\n}",
        "description": "",
        "type": "log"
      },
      "body": {
        "pid": 83297,
        "tid": "Main Thread",
        "startTime": 6322429440703375
      },
      "additional": {
        "logType": "debug",
        "children": []
      }
    },
    {
      "head": {
        "id": "374d767d-8bb9-45fa-9fc1-11a6f59d837a",
        "name": "Executing task :entry:default@CopyPreviewProfile",
        "description": "",
        "type": "log"
      },
      "body": {
        "pid": 83297,
        "tid": "Main Thread",
        "startTime": 6322429440729958
      },
      "additional": {
        "logType": "debug",
        "children": []
      }
    },
    {
      "head": {
        "id": "1d4b456b-c4d9-441e-ab84-4d45831f5d97",
        "name": "Incremental task entry:default@CopyPreviewProfile pre-execution cost: 1 ms .",
        "description": "",
        "type": "log"
      },
      "body": {
        "pid": 83297,
        "tid": "Main Thread",
        "startTime": 6322429440954000
      },
      "additional": {
        "logType": "debug",
        "children": []
      }
    },
    {
      "head": {
        "id": "08681129-35f3-4abf-a8dc-e3566d3dfd77",
        "name": "entry : default@CopyPreviewProfile end {\n  rss: 305283072,\n  heapTotal: 117178368,\n  heapUsed: 103724688,\n  external: 1095704,\n  arrayBuffers: 161862\n}",
        "description": "",
        "type": "log"
      },
      "body": {
        "pid": 83297,
        "tid": "Main Thread",
        "startTime": 6322429440983791
      },
      "additional": {
        "logType": "debug",
        "children": []
      }
    },
    {
      "head": {
        "id": "4d82f505-f2b0-4b28-8dca-e07b47ad066a",
        "name": "UP-TO-DATE :entry:default@CopyPreviewProfile",
        "description": "Copy preview profile.",
        "type": "log"
      },
      "body": {
        "pid": 83297,
        "tid": "Main Thread",
        "startTime": 6322429440727000,
        "endTime": 6322429441004666
      },
      "additional": {
        "logType": "info",
        "children": [],
        "durationId": "1cb47616-cf47-41f9-a38f-51dea3faf0d8"
      }
    },
    {
      "head": {
        "id": "727da495-2c27-48b8-9056-e09b5f1cf53b",
        "name": "entry:default@ReplacePreviewerPage",
        "description": "Accept previewer arguments, then use them to replace the ones in the page file.",
        "type": "duration"
      },
      "body": {
        "pid": 83297,
        "tid": "Main Thread",
        "startTime": 6322429441291791,
        "endTime": 6322429441586083
      },
      "additional": {
        "children": [],
        "state": "success",
        "targetName": "default",
        "moduleName": "entry",
        "category": "Other",
        "taskRunReasons": [],
        "detailId": "e9cf247e-803a-4d3b-9ed6-28e50262ec25",
        "logId": "cfc473f0-cea6-4b05-839e-364f90bb4f05"
      },
      "log": {
        "_logger": {
          "category": "DurationEvent",
          "context": {},
          "callStackSkipIndex": 0
        },
        "_filelogger": {
          "category": "debug-file",
          "context": {},
          "callStackSkipIndex": 0
        }
      }
    },
    {
      "head": {
        "id": "e9cf247e-803a-4d3b-9ed6-28e50262ec25",
        "name": "create entry:default@ReplacePreviewerPage task",
        "description": "",
        "type": "log"
      },
      "body": {
        "pid": 83297,
        "tid": "Main Thread",
        "startTime": 6322429441182791
      },
      "additional": {
        "logType": "detail",
        "children": [],
        "durationId": "727da495-2c27-48b8-9056-e09b5f1cf53b"
      }
    },
    {
      "head": {
        "id": "cdeff13a-dc37-45f1-b386-aef8eceb75ab",
        "name": "entry : default@ReplacePreviewerPage start {\n  rss: 305430528,\n  heapTotal: 117178368,\n  heapUsed: 103894872,\n  external: 1095704,\n  arrayBuffers: 161862\n}",
        "description": "",
        "type": "log"
      },
      "body": {
        "pid": 83297,
        "tid": "Main Thread",
        "startTime": 6322429441269291
      },
      "additional": {
        "logType": "debug",
        "children": []
      }
    },
    {
      "head": {
        "id": "a2e93060-ee68-491a-9040-a7c2441307d1",
        "name": "Executing task :entry:default@ReplacePreviewerPage",
        "description": "",
        "type": "log"
      },
      "body": {
        "pid": 83297,
        "tid": "Main Thread",
        "startTime": 6322429441294250
      },
      "additional": {
        "logType": "debug",
        "children": []
      }
    },
    {
      "head": {
        "id": "8187b0ed-7577-490f-babd-75193f383b92",
        "name": "entry : default@ReplacePreviewerPage end {\n  rss: 305479680,\n  heapTotal: 117178368,\n  heapUsed: 103943696,\n  external: 1103896,\n  arrayBuffers: 170054\n}",
        "description": "",
        "type": "log"
      },
      "body": {
        "pid": 83297,
        "tid": "Main Thread",
        "startTime": 6322429441535583
      },
      "additional": {
        "logType": "debug",
        "children": []
      }
    },
    {
      "head": {
        "id": "39df34f9-a57c-4c33-a80a-21b8f9cb3156",
        "name": "runTaskFromQueue task cost before running: 76 ms ",
        "description": "",
        "type": "log"
      },
      "body": {
        "pid": 83297,
        "tid": "Main Thread",
        "startTime": 6322429441567333
      },
      "additional": {
        "logType": "debug",
        "children": []
      }
    },
    {
      "head": {
        "id": "cfc473f0-cea6-4b05-839e-364f90bb4f05",
        "name": "Finished :entry:default@ReplacePreviewerPage",
        "description": "Accept previewer arguments, then use them to replace the ones in the page file.",
        "type": "log"
      },
      "body": {
        "pid": 83297,
        "tid": "Main Thread",
        "startTime": 6322429441291791,
        "endTime": 6322429441586083
      },
      "additional": {
        "logType": "info",
        "children": [],
        "durationId": "727da495-2c27-48b8-9056-e09b5f1cf53b"
      }
    },
    {
      "head": {
        "id": "d2a2382d-fa7d-426d-aa1a-1b8c6a7f3242",
        "name": "entry:buildPreviewerResource",
        "description": "Build the preview resources.",
        "type": "duration"
      },
      "body": {
        "pid": 83297,
        "tid": "Main Thread",
        "startTime": 6322429442919083,
        "endTime": 6322429443023958
      },
      "additional": {
        "children": [],
        "state": "success",
        "targetName": "",
        "moduleName": "entry",
        "category": "Hook",
        "taskRunReasons": [],
        "detailId": "b883aab3-a58c-4551-83e3-ce1571c088e5",
        "logId": "1b68502f-2f1f-48ad-a376-68f67aea59a8"
      },
      "log": {
        "_logger": {
          "category": "DurationEvent",
          "context": {},
          "callStackSkipIndex": 0
        },
        "_filelogger": {
          "category": "debug-file",
          "context": {},
          "callStackSkipIndex": 0
        }
      }
    },
    {
      "head": {
        "id": "b883aab3-a58c-4551-83e3-ce1571c088e5",
        "name": "create entry:buildPreviewerResource task",
        "description": "",
        "type": "log"
      },
      "body": {
        "pid": 83297,
        "tid": "Main Thread",
        "startTime": 6322429442827750
      },
      "additional": {
        "logType": "detail",
        "children": [],
        "durationId": "d2a2382d-fa7d-426d-aa1a-1b8c6a7f3242"
      }
    },
    {
      "head": {
        "id": "8c9de457-b897-495e-8285-b6d15fdb547e",
        "name": "entry : buildPreviewerResource start {\n  rss: 307347456,\n  heapTotal: 119275520,\n  heapUsed: 98261768,\n  external: 1103896,\n  arrayBuffers: 88134\n}",
        "description": "",
        "type": "log"
      },
      "body": {
        "pid": 83297,
        "tid": "Main Thread",
        "startTime": 6322429442868708
      },
      "additional": {
        "logType": "debug",
        "children": []
      }
    },
    {
      "head": {
        "id": "da960984-2fe7-4049-a682-e5b22bd7f060",
        "name": "Executing task :entry:buildPreviewerResource",
        "description": "",
        "type": "log"
      },
      "body": {
        "pid": 83297,
        "tid": "Main Thread",
        "startTime": 6322429442923041
      },
      "additional": {
        "logType": "debug",
        "children": []
      }
    },
    {
      "head": {
        "id": "14c0e103-f998-45b2-abd2-e5bf551da0a7",
        "name": "entry : buildPreviewerResource end {\n  rss: 307347456,\n  heapTotal: 119275520,\n  heapUsed: 98286120,\n  external: 1103896,\n  arrayBuffers: 88134\n}",
        "description": "",
        "type": "log"
      },
      "body": {
        "pid": 83297,
        "tid": "Main Thread",
        "startTime": 6322429442962916
      },
      "additional": {
        "logType": "debug",
        "children": []
      }
    },
    {
      "head": {
        "id": "66abc528-7418-480a-980e-6ee4bb826a02",
        "name": "runTaskFromQueue task cost before running: 78 ms ",
        "description": "",
        "type": "log"
      },
      "body": {
        "pid": 83297,
        "tid": "Main Thread",
        "startTime": 6322429443004708
      },
      "additional": {
        "logType": "debug",
        "children": []
      }
    },
    {
      "head": {
        "id": "1b68502f-2f1f-48ad-a376-68f67aea59a8",
        "name": "Finished :entry:buildPreviewerResource",
        "description": "Build the preview resources.",
        "type": "log"
      },
      "body": {
        "pid": 83297,
        "tid": "Main Thread",
        "startTime": 6322429442919083,
        "endTime": 6322429443023958
      },
      "additional": {
        "logType": "info",
        "children": [],
        "durationId": "d2a2382d-fa7d-426d-aa1a-1b8c6a7f3242"
      }
    },
    {
      "head": {
        "id": "ba37fcfe-d075-45eb-9ef8-f4074ead94ed",
        "name": "entry:default@PreviewUpdateAssets",
        "description": "Update main_pages.json and module.json before PreviewBuild.",
        "type": "duration"
      },
      "body": {
        "pid": 83297,
        "tid": "Main Thread",
        "startTime": 6322429443376166,
        "endTime": 6322429444038166
      },
      "additional": {
        "children": [],
        "state": "success",
        "targetName": "default",
        "moduleName": "entry",
        "category": "Config",
        "taskRunReasons": [],
        "detailId": "dd38f12c-7c3d-43c3-946e-9353ba1f5a55",
        "logId": "bbad79b0-c2d8-467d-b528-ee60299195d7"
      },
      "log": {
        "_logger": {
          "category": "DurationEvent",
          "context": {},
          "callStackSkipIndex": 0
        },
        "_filelogger": {
          "category": "debug-file",
          "context": {},
          "callStackSkipIndex": 0
        }
      }
    },
    {
      "head": {
        "id": "dd38f12c-7c3d-43c3-946e-9353ba1f5a55",
        "name": "create entry:default@PreviewUpdateAssets task",
        "description": "",
        "type": "log"
      },
      "body": {
        "pid": 83297,
        "tid": "Main Thread",
        "startTime": 6322429443223666
      },
      "additional": {
        "logType": "detail",
        "children": [],
        "durationId": "ba37fcfe-d075-45eb-9ef8-f4074ead94ed"
      }
    },
    {
      "head": {
        "id": "675f3c3c-7bcb-409b-8247-d50dd8b0e56f",
        "name": "entry : default@PreviewUpdateAssets start {\n  rss: 307347456,\n  heapTotal: 119275520,\n  heapUsed: 98473792,\n  external: 1103896,\n  arrayBuffers: 88134\n}",
        "description": "",
        "type": "log"
      },
      "body": {
        "pid": 83297,
        "tid": "Main Thread",
        "startTime": 6322429443351041
      },
      "additional": {
        "logType": "debug",
        "children": []
      }
    },
    {
      "head": {
        "id": "a72565f4-2939-4869-a811-6b4bd727c9b7",
        "name": "Executing task :entry:default@PreviewUpdateAssets",
        "description": "",
        "type": "log"
      },
      "body": {
        "pid": 83297,
        "tid": "Main Thread",
        "startTime": 6322429443378708
      },
      "additional": {
        "logType": "debug",
        "children": []
      }
    },
    {
      "head": {
        "id": "115dfa36-9536-4e96-a2d5-bc8523ec7d15",
        "name": "Incremental task entry:default@PreviewUpdateAssets pre-execution cost: 1 ms .",
        "description": "",
        "type": "log"
      },
      "body": {
        "pid": 83297,
        "tid": "Main Thread",
        "startTime": 6322429443960000
      },
      "additional": {
        "logType": "debug",
        "children": []
      }
    },
    {
      "head": {
        "id": "6d6a5cbf-eba4-4cbb-8aa9-c121e4a177ea",
        "name": "entry : default@PreviewUpdateAssets end {\n  rss: 307380224,\n  heapTotal: 119275520,\n  heapUsed: 98606144,\n  external: 1030168,\n  arrayBuffers: 96326\n}",
        "description": "",
        "type": "log"
      },
      "body": {
        "pid": 83297,
        "tid": "Main Thread",
        "startTime": 6322429444010708
      },
      "additional": {
        "logType": "debug",
        "children": []
      }
    },
    {
      "head": {
        "id": "bbad79b0-c2d8-467d-b528-ee60299195d7",
        "name": "UP-TO-DATE :entry:default@PreviewUpdateAssets",
        "description": "Update main_pages.json and module.json before PreviewBuild.",
        "type": "log"
      },
      "body": {
        "pid": 83297,
        "tid": "Main Thread",
        "startTime": 6322429443376166,
        "endTime": 6322429444038166
      },
      "additional": {
        "logType": "info",
        "children": [],
        "durationId": "ba37fcfe-d075-45eb-9ef8-f4074ead94ed"
      }
    },
    {
      "head": {
        "id": "2d31da92-c657-4e61-b4cd-381e1a1284e4",
        "name": "entry:default@PreviewArkTS",
        "description": "Compile ArkTS components on preview in the stage model.",
        "type": "duration"
      },
      "body": {
        "pid": 83297,
        "tid": "Main Thread",
        "startTime": 6322429445511083,
        "endTime": 6322434254567833
      },
      "additional": {
        "children": [
          "36755cc2-2151-4c3f-9f5b-09d08519834c"
        ],
        "state": "success",
        "targetName": "default",
        "moduleName": "entry",
        "category": "Generate",
        "taskRunReasons": [
          "The input file '/Users/jepson/Desktop/Harmony/projects/Part3Demo/entry/src/main/ets' has been changed."
        ],
        "detailId": "1a019b89-1d67-43da-bd1d-a48b2437ab35",
        "logId": "be93ae07-3765-48b8-9328-22cdcaa13a1c"
      },
      "log": {
        "_logger": {
          "category": "DurationEvent",
          "context": {},
          "callStackSkipIndex": 0
        },
        "_filelogger": {
          "category": "debug-file",
          "context": {},
          "callStackSkipIndex": 0
        }
      }
    },
    {
      "head": {
        "id": "1a019b89-1d67-43da-bd1d-a48b2437ab35",
        "name": "create entry:default@PreviewArkTS task",
        "description": "",
        "type": "log"
      },
      "body": {
        "pid": 83297,
        "tid": "Main Thread",
        "startTime": 6322429444331166
      },
      "additional": {
        "logType": "detail",
        "children": [],
        "durationId": "2d31da92-c657-4e61-b4cd-381e1a1284e4"
      }
    },
    {
      "head": {
        "id": "094eb274-fd2a-4a54-b6f8-98fcf7eb723d",
        "name": "entry : default@PreviewArkTS start {\n  rss: 307396608,\n  heapTotal: 119275520,\n  heapUsed: 98979592,\n  external: 1038360,\n  arrayBuffers: 104518\n}",
        "description": "",
        "type": "log"
      },
      "body": {
        "pid": 83297,
        "tid": "Main Thread",
        "startTime": 6322429445475375
      },
      "additional": {
        "logType": "debug",
        "children": []
      }
    },
    {
      "head": {
        "id": "27411f9c-22f0-49fd-ab25-523a971c7dc3",
        "name": "Executing task :entry:default@PreviewArkTS",
        "description": "",
        "type": "log"
      },
      "body": {
        "pid": 83297,
        "tid": "Main Thread",
        "startTime": 6322429445514166
      },
      "additional": {
        "logType": "debug",
        "children": []
      }
    },
    {
      "head": {
        "id": "2e32bf9f-8e3f-48e9-88f2-cc8c5893d5d7",
        "name": "Obfuscation config only effect in release mode.",
        "description": "",
        "type": "log"
      },
      "body": {
        "pid": 83297,
        "tid": "Main Thread",
        "startTime": 6322429446046958
      },
      "additional": {
        "logType": "debug",
        "children": []
      }
    },
    {
      "head": {
        "id": "e523f365-256b-4514-b457-3c0ca0302b33",
        "name": "entry:default@PreviewArkTS is not up-to-date, since the input file '/Users/jepson/Desktop/Harmony/projects/Part3Demo/entry/src/main/ets' has been changed.",
        "description": "",
        "type": "log"
      },
      "body": {
        "pid": 83297,
        "tid": "Main Thread",
        "startTime": 6322429447639000
      },
      "additional": {
        "logType": "debug",
        "children": []
      }
    },
    {
      "head": {
        "id": "ad9306cc-421f-4995-b2e6-c647fe8c267f",
        "name": "Incremental task entry:default@PreviewArkTS pre-execution cost: 2 ms .",
        "description": "",
        "type": "log"
      },
      "body": {
        "pid": 83297,
        "tid": "Main Thread",
        "startTime": 6322429447692250
      },
      "additional": {
        "logType": "debug",
        "children": []
      }
    },
    {
      "head": {
        "id": "36755cc2-2151-4c3f-9f5b-09d08519834c",
        "name": "entry:default@PreviewArkTS",
        "description": "Compile ArkTS components on preview in the stage model.",
        "type": "duration"
      },
      "body": {
        "pid": 83297,
        "tid": "Worker2",
        "startTime": 6322429448905833,
        "endTime": 6322434254042500
      },
      "additional": {
        "children": [
          "72b6d65f-4733-4d07-9d6b-6d33c0d65a2f",
          "f631c564-96c4-49f4-92e6-99561841bdef",
          "52636c21-27f3-4fbe-8e5c-ebf75d904958"
        ],
        "state": "success",
        "targetName": "default",
        "moduleName": "entry",
        "category": "",
        "taskRunReasons": [],
        "parent": "2d31da92-c657-4e61-b4cd-381e1a1284e4",
        "logId": "b21e32f0-f133-4cf5-83ef-6ddb4b3e1ed3"
      },
      "log": {
        "_logger": {
          "category": "DurationEvent",
          "context": {},
          "callStackSkipIndex": 0
        },
        "_filelogger": {
          "category": "debug-file",
          "context": {},
          "callStackSkipIndex": 0
        }
      }
    },
    {
      "head": {
        "id": "440a58c9-58d5-4450-a65c-a08ee568d632",
        "name": "entry : default@PreviewArkTS end {\n  rss: 307412992,\n  heapTotal: 119275520,\n  heapUsed: 99588392,\n  external: 1054744,\n  arrayBuffers: 120902\n}",
        "description": "",
        "type": "log"
      },
      "body": {
        "pid": 83297,
        "tid": "Main Thread",
        "startTime": 6322429448955291
      },
      "additional": {
        "logType": "debug",
        "children": []
      }
    },
    {
      "head": {
        "id": "28ec0fef-5965-4eb3-9d41-74390d9562b6",
        "name": "watch worker: send response to session manager. Response type: WatchStart",
        "description": "",
        "type": "log"
      },
      "body": {
        "pid": 83297,
        "tid": "Main Thread",
        "startTime": 6322430218469166
      },
      "additional": {
        "logType": "debug",
        "children": []
      }
    },
    {
      "head": {
        "id": "12ca15ad-915f-4a05-a4da-e742a137da77",
        "name": "watch worker: send response to session manager. Response type: WatchResult",
        "description": "",
        "type": "log"
      },
      "body": {
        "pid": 83297,
        "tid": "Main Thread",
        "startTime": 6322434253464458
      },
      "additional": {
        "logType": "debug",
        "children": []
      }
    },
    {
      "head": {
        "id": "1aee8714-24ca-47ef-ba05-3cc6a4fcb09a",
        "name": "watch worker: send response to session manager. Response type: WatchResult",
        "description": "",
        "type": "log"
      },
      "body": {
        "pid": 83297,
        "tid": "Main Thread",
        "startTime": 6322434253589333
      },
      "additional": {
        "logType": "debug",
        "children": []
      }
    },
    {
      "head": {
        "id": "b21e32f0-f133-4cf5-83ef-6ddb4b3e1ed3",
        "name": "entry:default@PreviewArkTS",
        "description": "",
        "type": "log"
      },
      "body": {
        "pid": 83297,
        "tid": "Worker2",
        "startTime": 6322429448905833,
        "endTime": 6322434254042500
      },
      "additional": {
        "logType": "info",
        "children": [
          "174d4260-9be8-4509-9776-bbf437448db6",
          "7fc97366-d94e-4a61-b664-ee9f3a23962d",
          "90895226-a9a7-4329-bc60-48aedb279274"
        ],
        "durationId": "36755cc2-2151-4c3f-9f5b-09d08519834c",
        "parent": "be93ae07-3765-48b8-9328-22cdcaa13a1c"
      }
    },
    {
      "head": {
        "id": "52636c21-27f3-4fbe-8e5c-ebf75d904958",
        "name": "compile ArkTS with rollup",
        "description": "",
        "type": "duration"
      },
      "body": {
        "pid": 83297,
        "tid": "Worker2",
        "startTime": 6322430212907791,
        "endTime": 6322434253492416
      },
      "additional": {
        "children": [],
        "state": "success",
        "totalTime": 0,
        "frequency": 0,
        "fromHook": false,
        "parent": "36755cc2-2151-4c3f-9f5b-09d08519834c",
        "logId": "90895226-a9a7-4329-bc60-48aedb279274"
      },
      "log": {
        "_logger": {
          "category": "DurationEvent",
          "context": {},
          "callStackSkipIndex": 0
        },
        "_filelogger": {
          "category": "debug-file",
          "context": {},
          "callStackSkipIndex": 0
        }
      }
    },
    {
      "head": {
        "id": "174d4260-9be8-4509-9776-bbf437448db6",
        "name": "generate configuration information",
        "description": "",
        "type": "log"
      },
      "body": {
        "pid": 83297,
        "tid": "Main Thread",
        "startTime": 6322429882152791,
        "endTime": 6322430212773541
      },
      "additional": {
        "logType": "info",
        "children": [],
        "durationId": "72b6d65f-4733-4d07-9d6b-6d33c0d65a2f",
        "parent": "b21e32f0-f133-4cf5-83ef-6ddb4b3e1ed3"
      }
    },
    {
      "head": {
        "id": "72b6d65f-4733-4d07-9d6b-6d33c0d65a2f",
        "name": "generate configuration information",
        "description": "",
        "type": "duration"
      },
      "body": {
        "pid": 83297,
        "tid": "Worker2",
        "startTime": 6322429882152791,
        "endTime": 6322430212773541
      },
      "additional": {
        "children": [],
        "state": "success",
        "totalTime": 0,
        "frequency": 0,
        "fromHook": false,
        "parent": "36755cc2-2151-4c3f-9f5b-09d08519834c",
        "logId": "174d4260-9be8-4509-9776-bbf437448db6"
      },
      "log": {
        "_logger": {
          "category": "DurationEvent",
          "context": {},
          "callStackSkipIndex": 0
        },
        "_filelogger": {
          "category": "debug-file",
          "context": {},
          "callStackSkipIndex": 0
        }
      }
    },
    {
      "head": {
        "id": "7fc97366-d94e-4a61-b664-ee9f3a23962d",
        "name": "read build package cache",
        "description": "",
        "type": "log"
      },
      "body": {
        "pid": 83297,
        "tid": "Main Thread",
        "startTime": 6322430212853208,
        "endTime": 6322430212892916
      },
      "additional": {
        "logType": "info",
        "children": [],
        "durationId": "f631c564-96c4-49f4-92e6-99561841bdef",
        "parent": "b21e32f0-f133-4cf5-83ef-6ddb4b3e1ed3"
      }
    },
    {
      "head": {
        "id": "f631c564-96c4-49f4-92e6-99561841bdef",
        "name": "read build package cache",
        "description": "",
        "type": "duration"
      },
      "body": {
        "pid": 83297,
        "tid": "Worker2",
        "startTime": 6322430212853208,
        "endTime": 6322430212892916
      },
      "additional": {
        "children": [],
        "state": "success",
        "totalTime": 0,
        "frequency": 0,
        "fromHook": false,
        "parent": "36755cc2-2151-4c3f-9f5b-09d08519834c",
        "logId": "7fc97366-d94e-4a61-b664-ee9f3a23962d"
      },
      "log": {
        "_logger": {
          "category": "DurationEvent",
          "context": {},
          "callStackSkipIndex": 0
        },
        "_filelogger": {
          "category": "debug-file",
          "context": {},
          "callStackSkipIndex": 0
        }
      }
    },
    {
      "head": {
        "id": "90895226-a9a7-4329-bc60-48aedb279274",
        "name": "compile ArkTS with rollup",
        "description": "",
        "type": "log"
      },
      "body": {
        "pid": 83297,
        "tid": "Main Thread",
        "startTime": 6322430212907791,
        "endTime": 6322434253492416
      },
      "additional": {
        "logType": "info",
        "children": [],
        "durationId": "52636c21-27f3-4fbe-8e5c-ebf75d904958",
        "parent": "b21e32f0-f133-4cf5-83ef-6ddb4b3e1ed3"
      }
    },
    {
      "head": {
        "id": "52636c21-27f3-4fbe-8e5c-ebf75d904958",
        "name": "compile ArkTS with rollup",
        "description": "",
        "type": "duration"
      },
      "body": {
        "pid": 83297,
        "tid": "Worker2",
        "startTime": 6322430212907791,
        "endTime": 6322434253492416
      },
      "additional": {
        "children": [],
        "state": "success",
        "totalTime": 0,
        "frequency": 0,
        "fromHook": false,
        "parent": "36755cc2-2151-4c3f-9f5b-09d08519834c",
        "logId": "90895226-a9a7-4329-bc60-48aedb279274"
      },
      "log": {
        "_logger": {
          "category": "DurationEvent",
          "context": {},
          "callStackSkipIndex": 0
        },
        "_filelogger": {
          "category": "debug-file",
          "context": {},
          "callStackSkipIndex": 0
        }
      }
    },
    {
      "head": {
        "id": "be93ae07-3765-48b8-9328-22cdcaa13a1c",
        "name": "Finished :entry:default@PreviewArkTS",
        "description": "Compile ArkTS components on preview in the stage model.",
        "type": "log"
      },
      "body": {
        "pid": 83297,
        "tid": "Main Thread",
        "startTime": 6322429445511083,
        "endTime": 6322434254567833
      },
      "additional": {
        "logType": "info",
        "children": [
          "b21e32f0-f133-4cf5-83ef-6ddb4b3e1ed3"
        ],
        "durationId": "2d31da92-c657-4e61-b4cd-381e1a1284e4"
      }
    },
    {
      "head": {
        "id": "63c4af4d-1ec0-44a9-a459-7705fdc7a0d0",
        "name": "entry:PreviewBuild",
        "description": "Build preview in the stage model.",
        "type": "duration"
      },
      "body": {
        "pid": 83297,
        "tid": "Main Thread",
        "startTime": 6322434256189750,
        "endTime": 6322434256328583
      },
      "additional": {
        "children": [],
        "state": "success",
        "targetName": "",
        "moduleName": "entry",
        "category": "Hook",
        "taskRunReasons": [],
        "detailId": "65f4dfc4-d9b7-4230-b14b-4a330538c035",
        "logId": "100d11bf-b525-46d9-ae2a-110f5d620476"
      },
      "log": {
        "_logger": {
          "category": "DurationEvent",
          "context": {},
          "callStackSkipIndex": 0
        },
        "_filelogger": {
          "category": "debug-file",
          "context": {},
          "callStackSkipIndex": 0
        }
      }
    },
    {
      "head": {
        "id": "65f4dfc4-d9b7-4230-b14b-4a330538c035",
        "name": "create entry:PreviewBuild task",
        "description": "",
        "type": "log"
      },
      "body": {
        "pid": 83297,
        "tid": "Main Thread",
        "startTime": 6322434256080958
      },
      "additional": {
        "logType": "detail",
        "children": [],
        "durationId": "63c4af4d-1ec0-44a9-a459-7705fdc7a0d0"
      }
    },
    {
      "head": {
        "id": "075bc39f-441a-4ed4-ab88-d69be5574630",
        "name": "entry : PreviewBuild start {\n  rss: 803209216,\n  heapTotal: 112197632,\n  heapUsed: 82796176,\n  external: 996901,\n  arrayBuffers: 63059\n}",
        "description": "",
        "type": "log"
      },
      "body": {
        "pid": 83297,
        "tid": "Main Thread",
        "startTime": 6322434256140000
      },
      "additional": {
        "logType": "debug",
        "children": []
      }
    },
    {
      "head": {
        "id": "4ae6e3e8-02e6-4a66-b894-4b89c6651989",
        "name": "Executing task :entry:PreviewBuild",
        "description": "",
        "type": "log"
      },
      "body": {
        "pid": 83297,
        "tid": "Main Thread",
        "startTime": 6322434256194666
      },
      "additional": {
        "logType": "debug",
        "children": []
      }
    },
    {
      "head": {
        "id": "db2ca25d-d66f-452e-b022-deb8e4ad2503",
        "name": "entry : PreviewBuild end {\n  rss: 803340288,\n  heapTotal: 112197632,\n  heapUsed: 82820552,\n  external: 996901,\n  arrayBuffers: 63059\n}",
        "description": "",
        "type": "log"
      },
      "body": {
        "pid": 83297,
        "tid": "Main Thread",
        "startTime": 6322434256238708
      },
      "additional": {
        "logType": "debug",
        "children": []
      }
    },
    {
      "head": {
        "id": "57623b4c-99d6-4733-9536-07fbbc12f294",
        "name": "runTaskFromQueue task cost before running: 4 s 891 ms ",
        "description": "",
        "type": "log"
      },
      "body": {
        "pid": 83297,
        "tid": "Main Thread",
        "startTime": 6322434256305208
      },
      "additional": {
        "logType": "debug",
        "children": []
      }
    },
    {
      "head": {
        "id": "100d11bf-b525-46d9-ae2a-110f5d620476",
        "name": "Finished :entry:PreviewBuild",
        "description": "Build preview in the stage model.",
        "type": "log"
      },
      "body": {
        "pid": 83297,
        "tid": "Main Thread",
        "startTime": 6322434256189750,
        "endTime": 6322434256328583
      },
      "additional": {
        "logType": "info",
        "children": [],
        "durationId": "63c4af4d-1ec0-44a9-a459-7705fdc7a0d0"
      }
    },
    {
      "head": {
        "id": "bbc2ad6f-ec68-4958-bc6d-3c9b4ae59af6",
        "name": "BUILD SUCCESSFUL in 4 s 891 ms ",
        "description": "",
        "type": "log"
      },
      "body": {
        "pid": 83297,
        "tid": "Main Thread",
        "startTime": 6322434256403458
      },
      "additional": {
        "logType": "info",
        "children": []
      }
    },
    {
      "head": {
        "id": "75c01d3a-a0c4-4dbf-80f1-037b1bd09d3a",
        "name": "PreviewBuild",
        "description": "",
        "type": "mark"
      },
      "body": {
        "pid": 83297,
        "tid": "Main Thread",
        "startTime": 6322429365930875,
        "endTime": 6322434256463875
      },
      "additional": {
        "time": {
          "year": 2024,
          "month": 4,
          "day": 17,
          "hour": 15,
          "minute": 29
        },
        "completeCommand": "{\"mode\":\"module\",\"completeCommand\":\"--mode module -p module=entry@default -p product=default -p pageType=page -p compileResInc=true -p previewMode=true -p buildRoot=.preview PreviewBuild --watch --analyze --parallel --incremental --daemon\",\"watch\":true,\"parallel\":true,\"prop\":[\"module=entry@default\",\"product=default\",\"pageType=page\",\"compileResInc=true\",\"previewMode=true\",\"buildRoot=.preview\"],\"analyze\":true,\"incremental\":true,\"_\":[\"PreviewBuild\"],\"daemon\":true};--mode module -p module=entry@default -p product=default -p pageType=page -p compileResInc=true -p previewMode=true -p buildRoot=.preview PreviewBuild --watch --analyze --parallel --incremental --daemon",
        "hvigorVersion": "4.0.2",
        "markType": "history",
        "category": "build",
        "state": "success"
      }
    },
    {
      "head": {
        "id": "6aaa9974-acb5-4c1d-9f6e-9172fc35b9f9",
        "name": "There is no need to refresh cache, since the incremental task entry:default@PreBuild is up-to-date.",
        "description": "",
        "type": "log"
      },
      "body": {
        "pid": 83297,
        "tid": "Main Thread",
        "startTime": 6322434256479458
      },
      "additional": {
        "logType": "debug",
        "children": []
      }
    },
    {
      "head": {
        "id": "b23b1c67-c4f0-4856-ba5b-7899fb38e61e",
        "name": "There is no need to refresh cache, since the incremental task entry:default@CreateBuildProfile is up-to-date.",
        "description": "",
        "type": "log"
      },
      "body": {
        "pid": 83297,
        "tid": "Main Thread",
        "startTime": 6322434256502958
      },
      "additional": {
        "logType": "debug",
        "children": []
      }
    },
    {
      "head": {
        "id": "e365ae3c-7c29-471f-93f3-27a21351f240",
        "name": "There is no need to refresh cache, since the incremental task entry:default@GenerateLoaderJson is up-to-date.",
        "description": "",
        "type": "log"
      },
      "body": {
        "pid": 83297,
        "tid": "Main Thread",
        "startTime": 6322434256522625
      },
      "additional": {
        "logType": "debug",
        "children": []
      }
    },
    {
      "head": {
        "id": "d95246ec-d4ab-4e4f-8581-4a20abd860a6",
        "name": "There is no need to refresh cache, since the incremental task entry:default@MergeProfile is up-to-date.",
        "description": "",
        "type": "log"
      },
      "body": {
        "pid": 83297,
        "tid": "Main Thread",
        "startTime": 6322434256541750
      },
      "additional": {
        "logType": "debug",
        "children": []
      }
    },
    {
      "head": {
        "id": "9fb57f26-be1e-4cc6-8de0-00946d977a1b",
        "name": "There is no need to refresh cache, since the incremental task entry:default@ProcessProfile is up-to-date.",
        "description": "",
        "type": "log"
      },
      "body": {
        "pid": 83297,
        "tid": "Main Thread",
        "startTime": 6322434256563750
      },
      "additional": {
        "logType": "debug",
        "children": []
      }
    },
    {
      "head": {
        "id": "a28fb1c4-e068-4d7f-9811-7efa89209973",
        "name": "There is no need to refresh cache, since the incremental task entry:default@PreviewCompileResource is up-to-date.",
        "description": "",
        "type": "log"
      },
      "body": {
        "pid": 83297,
        "tid": "Main Thread",
        "startTime": 6322434256583583
      },
      "additional": {
        "logType": "debug",
        "children": []
      }
    },
    {
      "head": {
        "id": "3dec29d3-8aef-443c-b2e5-71a014cfcef4",
        "name": "There is no need to refresh cache, since the incremental task entry:default@CopyPreviewProfile is up-to-date.",
        "description": "",
        "type": "log"
      },
      "body": {
        "pid": 83297,
        "tid": "Main Thread",
        "startTime": 6322434256602833
      },
      "additional": {
        "logType": "debug",
        "children": []
      }
    },
    {
      "head": {
        "id": "71f5c806-c439-4021-814d-cb5fd708a196",
        "name": "There is no need to refresh cache, since the incremental task entry:default@PreviewUpdateAssets is up-to-date.",
        "description": "",
        "type": "log"
      },
      "body": {
        "pid": 83297,
        "tid": "Main Thread",
        "startTime": 6322434256622333
      },
      "additional": {
        "logType": "debug",
        "children": []
      }
    },
    {
      "head": {
        "id": "f73434e6-0920-4d58-bda2-a8d95ac4ee6d",
        "name": "Update task entry:default@PreviewArkTS input file:/Users/jepson/Desktop/Harmony/projects/Part3Demo/entry/.preview/default/intermediates/loader/default cache by regenerate.",
        "description": "",
        "type": "log"
      },
      "body": {
        "pid": 83297,
        "tid": "Main Thread",
        "startTime": 6322434257296375
      },
      "additional": {
        "logType": "debug",
        "children": []
      }
    },
    {
      "head": {
        "id": "24fa2239-3db7-4ff4-bf63-efd288094e8a",
        "name": "Update task entry:default@PreviewArkTS input file:/Users/jepson/Desktop/Harmony/projects/Part3Demo/entry/.preview/default/intermediates/res/default/ResourceTable.txt cache by regenerate.",
        "description": "",
        "type": "log"
      },
      "body": {
        "pid": 83297,
        "tid": "Main Thread",
        "startTime": 6322434257495500
      },
      "additional": {
        "logType": "debug",
        "children": []
      }
    },
    {
      "head": {
        "id": "ad453bf2-8086-492c-a663-d00e08265652",
        "name": "Update task entry:default@PreviewArkTS input file:/Users/jepson/Desktop/Harmony/projects/Part3Demo/entry/.preview/default/intermediates/res/default/module.json cache by regenerate.",
        "description": "",
        "type": "log"
      },
      "body": {
        "pid": 83297,
        "tid": "Main Thread",
        "startTime": 6322434257540208
      },
      "additional": {
        "logType": "debug",
        "children": []
      }
    },
    {
      "head": {
        "id": "000e103d-4725-4a78-8ade-5e1e2e3d9543",
        "name": "Update task entry:default@PreviewArkTS input file:/Users/jepson/Desktop/Harmony/projects/Part3Demo/entry/.preview/default/intermediates/res/default/resources/base/profile cache by regenerate.",
        "description": "",
        "type": "log"
      },
      "body": {
        "pid": 83297,
        "tid": "Main Thread",
        "startTime": 6322434257581333
      },
      "additional": {
        "logType": "debug",
        "children": []
      }
    },
    {
      "head": {
        "id": "57dffbb0-07a6-4915-826b-1d9f08e2c932",
        "name": "Update task entry:default@PreviewArkTS input file:/Users/jepson/Desktop/Harmony/projects/Part3Demo/entry/src/main/ets cache from map.",
        "description": "",
        "type": "log"
      },
      "body": {
        "pid": 83297,
        "tid": "Main Thread",
        "startTime": 6322434257665583
      },
      "additional": {
        "logType": "debug",
        "children": []
      }
    },
    {
      "head": {
        "id": "b671b7df-9da1-47b9-a9e2-8b55cc03d804",
        "name": "Update task entry:default@PreviewArkTS input file:/Users/jepson/Desktop/Harmony/projects/Part3Demo/entry/.preview/default/generated/profile/default/BuildProfile.ets cache by regenerate.",
        "description": "",
        "type": "log"
      },
      "body": {
        "pid": 83297,
        "tid": "Main Thread",
        "startTime": 6322434257686291
      },
      "additional": {
        "logType": "debug",
        "children": []
      }
    },
    {
      "head": {
        "id": "2bc51654-3708-4f21-a17c-d90900dc5ab8",
        "name": "Update task entry:default@PreviewArkTS output file:/Users/jepson/Desktop/Harmony/projects/Part3Demo/entry/.preview/default/intermediates/loader_out/default/ets cache.",
        "description": "",
        "type": "log"
      },
      "body": {
        "pid": 83297,
        "tid": "Main Thread",
        "startTime": 6322434257726000
      },
      "additional": {
        "logType": "debug",
        "children": []
      }
    },
    {
      "head": {
        "id": "65fb5024-d68b-41f7-a209-dc8f0c9808f7",
        "name": "Incremental task entry:default@PreviewArkTS post-execution cost:2 ms .",
        "description": "",
        "type": "log"
      },
      "body": {
        "pid": 83297,
        "tid": "Main Thread",
        "startTime": 6322434257838916
      },
      "additional": {
        "logType": "debug",
        "children": []
      }
    }
  ],
  "workLog": []
}