{
  "version": "2.0",
  "events": [
    {
      "head": {
        "id": "e199c60a-4ffb-49c3-9566-e41e3e8aac36",
        "name": "watch worker: worker id should be larger than 0. Nothing will be sent to any worker thread.",
        "description": "",
        "type": "log"
      },
      "body": {
        "pid": 2095,
        "tid": "Main Thread",
        "startTime": 6564921041376875
      },
      "additional": {
        "logType": "debug",
        "children": []
      }
    },
    {
      "head": {
        "id": "31296d4d-cf7c-440a-a98d-cb852e9d2c90",
        "name": "init",
        "description": "Initialize and build task graph.",
        "type": "duration"
      },
      "body": {
        "pid": 2095,
        "tid": "Main Thread",
        "startTime": 6564921044126458,
        "endTime": 6564921859526208
      },
      "additional": {
        "children": [],
        "state": "success",
        "targetName": "",
        "moduleName": "",
        "category": "Init",
        "taskRunReasons": [],
        "logId": "f5491362-3d17-432f-a219-51e047ec2fee"
      },
      "log": {
        "_logger": {
          "category": "DurationEvent",
          "context": {},
          "callStackSkipIndex": 0
        },
        "_filelogger": {
          "category": "debug-file",
          "context": {},
          "callStackSkipIndex": 0
        }
      }
    },
    {
      "head": {
        "id": "a7b9ca60-ee50-4759-91f0-f54ccccd8a15",
        "name": "Hvigor init with startParameters:{\n  hvigorfileTypeCheck: false,\n  parallelExecution: true,\n  incrementalExecution: true,\n  printStackTrace: false,\n  daemon: true,\n  analyze: 0,\n  logLevel: Level { level: 20000, levelStr: 'INFO', colour: 'green' },\n  enableSignTask: true,\n  skipNativeIncremental: false,\n  poolMaxCoreSize: undefined,\n  poolCacheCapacity: undefined,\n  poolCacheTtl: undefined\n}",
        "description": "",
        "type": "log"
      },
      "body": {
        "pid": 2095,
        "tid": "Main Thread",
        "startTime": 6564921045515666
      },
      "additional": {
        "logType": "debug",
        "children": []
      }
    },
    {
      "head": {
        "id": "d268779a-598b-4ae2-914e-f1c8f0f03b96",
        "name": "Cache service initialization finished in 3 ms ",
        "description": "",
        "type": "log"
      },
      "body": {
        "pid": 2095,
        "tid": "Main Thread",
        "startTime": 6564921048254000
      },
      "additional": {
        "logType": "debug",
        "children": []
      }
    },
    {
      "head": {
        "id": "af5c58b2-4caf-4357-beba-bb65037d81a3",
        "name": "Since there is no instance or instance is terminated, create a new worker pool.",
        "description": "",
        "type": "log"
      },
      "body": {
        "pid": 2095,
        "tid": "Main Thread",
        "startTime": 6564921048727000
      },
      "additional": {
        "logType": "debug",
        "children": []
      }
    },
    {
      "head": {
        "id": "8883ffc4-2bd9-4556-ac60-3824414dd8e9",
        "name": "Worker pool is initialized with config:  {\n  minPoolNum: 2,\n  maxCoreSize: undefined,\n  cacheCapacity: undefined,\n  cacheTtl: undefined\n}",
        "description": "",
        "type": "log"
      },
      "body": {
        "pid": 2095,
        "tid": "Main Thread",
        "startTime": 6564921048881666
      },
      "additional": {
        "logType": "debug",
        "children": []
      }
    },
    {
      "head": {
        "id": "0e6b56b1-c0ae-41cf-9756-252f1d451923",
        "name": "Create  resident worker with id: 0.",
        "description": "",
        "type": "log"
      },
      "body": {
        "pid": 2095,
        "tid": "Main Thread",
        "startTime": 6564921049339666
      },
      "additional": {
        "logType": "debug",
        "children": []
      }
    },
    {
      "head": {
        "id": "ec5c81ec-4e74-4586-81dc-d3d796af1b5f",
        "name": "Create  resident worker with id: 1.",
        "description": "",
        "type": "log"
      },
      "body": {
        "pid": 2095,
        "tid": "Main Thread",
        "startTime": 6564921050382333
      },
      "additional": {
        "logType": "debug",
        "children": []
      }
    },
    {
      "head": {
        "id": "57d0adfe-d2b8-48df-bbe5-17fe740b57f3",
        "name": "hvigorfile, resolving /Users/jepson/Desktop/Harmony/projects/Part3Demo/hvigorfile.ts",
        "description": "",
        "type": "log"
      },
      "body": {
        "pid": 2095,
        "tid": "Main Thread",
        "startTime": 6564921051806250
      },
      "additional": {
        "logType": "debug",
        "children": []
      }
    },
    {
      "head": {
        "id": "80dc09af-f0fe-4e35-a152-0a375d525e06",
        "name": "hvigorfile, require result:  { default: { system: [Function: appTasks], plugins: [] } }",
        "description": "",
        "type": "log"
      },
      "body": {
        "pid": 2095,
        "tid": "Main Thread",
        "startTime": 6564921678717875
      },
      "additional": {
        "logType": "debug",
        "children": []
      }
    },
    {
      "head": {
        "id": "dc56d01e-0c35-43c4-b5ce-60e0f4459bc0",
        "name": "hvigorfile, binding system plugins [Function: appTasks]",
        "description": "",
        "type": "log"
      },
      "body": {
        "pid": 2095,
        "tid": "Main Thread",
        "startTime": 6564921678854083
      },
      "additional": {
        "logType": "debug",
        "children": []
      }
    },
    {
      "head": {
        "id": "3e93feee-5578-42ae-a2d8-2bdfc5275096",
        "name": "hvigorfile, binding custom plugins []",
        "description": "",
        "type": "log"
      },
      "body": {
        "pid": 2095,
        "tid": "Main Thread",
        "startTime": 6564921768125625
      },
      "additional": {
        "logType": "debug",
        "children": []
      }
    },
    {
      "head": {
        "id": "51add273-da1f-4981-988c-030864f2605b",
        "name": "hvigorfile, no custom plugins were found in /Users/jepson/Desktop/Harmony/projects/Part3Demo/hvigorfile.ts",
        "description": "",
        "type": "log"
      },
      "body": {
        "pid": 2095,
        "tid": "Main Thread",
        "startTime": 6564921768194875
      },
      "additional": {
        "logType": "debug",
        "children": []
      }
    },
    {
      "head": {
        "id": "86182778-52dc-4c72-b5ca-53b86c10bac3",
        "name": "hvigorfile, resolve finished /Users/jepson/Desktop/Harmony/projects/Part3Demo/hvigorfile.ts",
        "description": "",
        "type": "log"
      },
      "body": {
        "pid": 2095,
        "tid": "Main Thread",
        "startTime": 6564921768221750
      },
      "additional": {
        "logType": "debug",
        "children": []
      }
    },
    {
      "head": {
        "id": "964cbee8-6dee-4707-a6a0-4b5376b99601",
        "name": "hvigorfile, resolving /Users/jepson/Desktop/Harmony/projects/Part3Demo/entry/hvigorfile.ts",
        "description": "",
        "type": "log"
      },
      "body": {
        "pid": 2095,
        "tid": "Main Thread",
        "startTime": 6564921768644791
      },
      "additional": {
        "logType": "debug",
        "children": []
      }
    },
    {
      "head": {
        "id": "d682cc63-a776-402c-a6e6-e9b4f352c892",
        "name": "hvigorfile, require result:  { default: { system: [Function: hapTasks], plugins: [] } }",
        "description": "",
        "type": "log"
      },
      "body": {
        "pid": 2095,
        "tid": "Main Thread",
        "startTime": 6564921771991125
      },
      "additional": {
        "logType": "debug",
        "children": []
      }
    },
    {
      "head": {
        "id": "d19343a1-6706-41d9-9442-b02777d79619",
        "name": "hvigorfile, binding system plugins [Function: hapTasks]",
        "description": "",
        "type": "log"
      },
      "body": {
        "pid": 2095,
        "tid": "Main Thread",
        "startTime": 6564921772052125
      },
      "additional": {
        "logType": "debug",
        "children": []
      }
    },
    {
      "head": {
        "id": "649409a4-34de-4a6d-bc63-1d0e608c4e92",
        "name": "Module entry Collected Dependency: ",
        "description": "",
        "type": "log"
      },
      "body": {
        "pid": 2095,
        "tid": "Main Thread",
        "startTime": 6564921775798000
      },
      "additional": {
        "logType": "debug",
        "children": []
      }
    },
    {
      "head": {
        "id": "3397500a-9473-4b5a-962e-5d821b762064",
        "name": "Module entry's total dependency: 0",
        "description": "",
        "type": "log"
      },
      "body": {
        "pid": 2095,
        "tid": "Main Thread",
        "startTime": 6564921776054250
      },
      "additional": {
        "logType": "debug",
        "children": []
      }
    },
    {
      "head": {
        "id": "fdf63b17-7c1f-439f-9855-bd3d8c05c591",
        "name": "Start initialize module-target build option map, moduleName=entry, buildMode=debug",
        "description": "",
        "type": "log"
      },
      "body": {
        "pid": 2095,
        "tid": "Main Thread",
        "startTime": 6564921778056875
      },
      "additional": {
        "logType": "debug",
        "children": []
      }
    },
    {
      "head": {
        "id": "e95a95de-7504-4a84-bd40-17a7d41bcecb",
        "name": "Target 'default' config: {}",
        "description": "",
        "type": "log"
      },
      "body": {
        "pid": 2095,
        "tid": "Main Thread",
        "startTime": 6564921778160416
      },
      "additional": {
        "logType": "debug",
        "children": []
      }
    },
    {
      "head": {
        "id": "9dbbff79-c2c6-4826-abc7-a631adf66e1b",
        "name": "Target 'ohosTest' config: {}",
        "description": "",
        "type": "log"
      },
      "body": {
        "pid": 2095,
        "tid": "Main Thread",
        "startTime": 6564921778434958
      },
      "additional": {
        "logType": "debug",
        "children": []
      }
    },
    {
      "head": {
        "id": "d1ab6343-d237-416f-b644-cbcc24566ed2",
        "name": "Module 'entry' target 'default' build option: {\n  \"debuggable\": true,\n  \"copyFrom\": \"default\",\n  \"name\": \"debug\"\n}",
        "description": "",
        "type": "log"
      },
      "body": {
        "pid": 2095,
        "tid": "Main Thread",
        "startTime": 6564921778564500
      },
      "additional": {
        "logType": "debug",
        "children": []
      }
    },
    {
      "head": {
        "id": "4e55eace-a4f0-44e0-af84-a276cbc648d1",
        "name": "Module 'entry' target 'ohosTest' build option: {\n  \"debuggable\": true,\n  \"name\": \"default\"\n}",
        "description": "",
        "type": "log"
      },
      "body": {
        "pid": 2095,
        "tid": "Main Thread",
        "startTime": 6564921778594791
      },
      "additional": {
        "logType": "debug",
        "children": []
      }
    },
    {
      "head": {
        "id": "8dfda060-85f6-4fdc-8adf-7c855245d726",
        "name": "End initialize module-target build option map, moduleName=entry",
        "description": "",
        "type": "log"
      },
      "body": {
        "pid": 2095,
        "tid": "Main Thread",
        "startTime": 6564921778614833
      },
      "additional": {
        "logType": "debug",
        "children": []
      }
    },
    {
      "head": {
        "id": "0f03b0bf-2c64-446a-89dc-8dcedf6d38c5",
        "name": "Module 'entry' target 'default' using build option: {\n  \"debuggable\": true,\n  \"copyFrom\": \"default\",\n  \"name\": \"debug\"\n} in this build.",
        "description": "",
        "type": "log"
      },
      "body": {
        "pid": 2095,
        "tid": "Main Thread",
        "startTime": 6564921778705541
      },
      "additional": {
        "logType": "debug",
        "children": []
      }
    },
    {
      "head": {
        "id": "e16fbe07-83bf-4aed-95e1-ced0fda122e4",
        "name": "require SDK: toolchains,ArkTS; moduleName=entry",
        "description": "",
        "type": "log"
      },
      "body": {
        "pid": 2095,
        "tid": "Main Thread",
        "startTime": 6564921779422291
      },
      "additional": {
        "logType": "debug",
        "children": []
      }
    },
    {
      "head": {
        "id": "80bae1ab-09ed-4ccf-acb7-9e5590a32632",
        "name": "Module entry task initialization takes 3 ms ",
        "description": "",
        "type": "log"
      },
      "body": {
        "pid": 2095,
        "tid": "Main Thread",
        "startTime": 6564921782387416
      },
      "additional": {
        "logType": "debug",
        "children": []
      }
    },
    {
      "head": {
        "id": "475f7047-6cd2-44dc-bd4a-860817d70a0f",
        "name": "hvigorfile, binding custom plugins []",
        "description": "",
        "type": "log"
      },
      "body": {
        "pid": 2095,
        "tid": "Main Thread",
        "startTime": 6564921782455333
      },
      "additional": {
        "logType": "debug",
        "children": []
      }
    },
    {
      "head": {
        "id": "87bfbbc2-4184-495c-be40-696801e14d40",
        "name": "hvigorfile, no custom plugins were found in /Users/jepson/Desktop/Harmony/projects/Part3Demo/entry/hvigorfile.ts",
        "description": "",
        "type": "log"
      },
      "body": {
        "pid": 2095,
        "tid": "Main Thread",
        "startTime": 6564921782483916
      },
      "additional": {
        "logType": "debug",
        "children": []
      }
    },
    {
      "head": {
        "id": "2b3b04f0-8aa5-48d6-a8e5-44a4672bbc30",
        "name": "hvigorfile, resolve finished /Users/jepson/Desktop/Harmony/projects/Part3Demo/entry/hvigorfile.ts",
        "description": "",
        "type": "log"
      },
      "body": {
        "pid": 2095,
        "tid": "Main Thread",
        "startTime": 6564921782506500
      },
      "additional": {
        "logType": "debug",
        "children": []
      }
    },
    {
      "head": {
        "id": "7bf9090c-216a-4484-9afd-fbbd01c5c8f6",
        "name": "hvigorfile, resolve hvigorfile dependencies in 38 ms ",
        "description": "",
        "type": "log"
      },
      "body": {
        "pid": 2095,
        "tid": "Main Thread",
        "startTime": 6564921820330458
      },
      "additional": {
        "logType": "debug",
        "children": []
      }
    },
    {
      "head": {
        "id": "47976ab8-fffb-44c5-9e50-357e5007a66d",
        "name": "Start initialize project's product build option map with build mode debug.",
        "description": "",
        "type": "log"
      },
      "body": {
        "pid": 2095,
        "tid": "Main Thread",
        "startTime": 6564921820934416
      },
      "additional": {
        "logType": "debug",
        "children": []
      }
    },
    {
      "head": {
        "id": "f83ecce1-d29a-4598-9b18-0189e3cb77a6",
        "name": "Picking option from product 'default' with build mode 'debug'.",
        "description": "",
        "type": "log"
      },
      "body": {
        "pid": 2095,
        "tid": "Main Thread",
        "startTime": 6564921820998000
      },
      "additional": {
        "logType": "debug",
        "children": []
      }
    },
    {
      "head": {
        "id": "6508e6c1-975e-458a-8f58-cccf8b06ae6d",
        "name": "Product 'default' build option: {}",
        "description": "",
        "type": "log"
      },
      "body": {
        "pid": 2095,
        "tid": "Main Thread",
        "startTime": 6564921821045416
      },
      "additional": {
        "logType": "debug",
        "children": []
      }
    },
    {
      "head": {
        "id": "9dc0eae6-393c-4eaa-9235-897b16bd72e0",
        "name": "End initialize project's product build option map with build mode 'debug'.",
        "description": "",
        "type": "log"
      },
      "body": {
        "pid": 2095,
        "tid": "Main Thread",
        "startTime": 6564921821066750
      },
      "additional": {
        "logType": "debug",
        "children": []
      }
    },
    {
      "head": {
        "id": "657d9094-b05c-4841-9e67-49f14fb57f66",
        "name": "Module Part3Demo Collected Dependency: ",
        "description": "",
        "type": "log"
      },
      "body": {
        "pid": 2095,
        "tid": "Main Thread",
        "startTime": 6564921821262208
      },
      "additional": {
        "logType": "debug",
        "children": []
      }
    },
    {
      "head": {
        "id": "c5c10ab4-4607-4360-b317-11ac10a3088b",
        "name": "Module Part3Demo's total dependency: 0",
        "description": "",
        "type": "log"
      },
      "body": {
        "pid": 2095,
        "tid": "Main Thread",
        "startTime": 6564921821285333
      },
      "additional": {
        "logType": "debug",
        "children": []
      }
    },
    {
      "head": {
        "id": "cd985c78-deb0-4654-9731-c24e123fbbe7",
        "name": "Product 'default' using build option: {\n  \"debuggable\": true\n} in this build.",
        "description": "",
        "type": "log"
      },
      "body": {
        "pid": 2095,
        "tid": "Main Thread",
        "startTime": 6564921821779250
      },
      "additional": {
        "logType": "debug",
        "children": []
      }
    },
    {
      "head": {
        "id": "afb87be4-55df-4753-ac1d-e0902232b203",
        "name": "harmonyOS sdk scan",
        "description": "HarmonyOS sdk scan",
        "type": "duration"
      },
      "body": {
        "pid": 2095,
        "tid": "Main Thread",
        "startTime": 6564921824468041,
        "endTime": 6564921837011583
      },
      "additional": {
        "children": [],
        "state": "success",
        "targetName": "",
        "moduleName": "",
        "category": "Other",
        "taskRunReasons": []
      },
      "log": {
        "_logger": {
          "category": "DurationEvent",
          "context": {},
          "callStackSkipIndex": 0
        },
        "_filelogger": {
          "category": "debug-file",
          "context": {},
          "callStackSkipIndex": 0
        }
      }
    },
    {
      "head": {
        "id": "e36df098-fe56-46f6-a2e8-8e4c61911d43",
        "name": "Local scan or download HarmonyOS sdk components toolchains",
        "description": "",
        "type": "log"
      },
      "body": {
        "pid": 2095,
        "tid": "Main Thread",
        "startTime": 6564921824613083
      },
      "additional": {
        "logType": "debug",
        "children": []
      }
    },
    {
      "head": {
        "id": "a6528a7f-2aae-4924-b8df-b3b9296d6488",
        "name": "Component System-image-phone Developer Preview1 has been placed in the wrong place,\n             expect /Users/jepson/Documents/harmony_env/sdk/system-image/HarmonyOS-NEXT-DP1/phone_arm, actual /Users/jepson/Documents/harmony_env/sdk/system-image/HarmonyOS-NEXT-DP1/phone_arm",
        "description": "",
        "type": "log"
      },
      "body": {
        "pid": 2095,
        "tid": "Main Thread",
        "startTime": 6564921836686541
      },
      "additional": {
        "logType": "debug",
        "children": []
      }
    },
    {
      "head": {
        "id": "a22449bb-16e3-4591-9d8e-3aedf857583f",
        "name": "hmscore sdk scan",
        "description": "Hmscore sdk scan",
        "type": "duration"
      },
      "body": {
        "pid": 2095,
        "tid": "Main Thread",
        "startTime": 6564921837300083,
        "endTime": 6564921850773291
      },
      "additional": {
        "children": [],
        "state": "success",
        "targetName": "",
        "moduleName": "",
        "category": "Other",
        "taskRunReasons": []
      },
      "log": {
        "_logger": {
          "category": "DurationEvent",
          "context": {},
          "callStackSkipIndex": 0
        },
        "_filelogger": {
          "category": "debug-file",
          "context": {},
          "callStackSkipIndex": 0
        }
      }
    },
    {
      "head": {
        "id": "676d4a92-d30a-46f8-9205-22511b8fca1f",
        "name": "Local scan or download hmscore sdk components toolchains",
        "description": "",
        "type": "log"
      },
      "body": {
        "pid": 2095,
        "tid": "Main Thread",
        "startTime": 6564921837378583
      },
      "additional": {
        "logType": "debug",
        "children": []
      }
    },
    {
      "head": {
        "id": "39e67831-e95b-4616-85ee-4cb7d063f7f8",
        "name": "Component System-image-phone Developer Preview1 has been placed in the wrong place,\n             expect /Users/jepson/Documents/harmony_env/sdk/system-image/HarmonyOS-NEXT-DP1/phone_arm, actual /Users/jepson/Documents/harmony_env/sdk/system-image/HarmonyOS-NEXT-DP1/phone_arm",
        "description": "",
        "type": "log"
      },
      "body": {
        "pid": 2095,
        "tid": "Main Thread",
        "startTime": 6564921850504666
      },
      "additional": {
        "logType": "debug",
        "children": []
      }
    },
    {
      "head": {
        "id": "4a861e91-3292-4124-acea-34e88ddf9ebb",
        "name": "Sdk init in 28 ms ",
        "description": "",
        "type": "log"
      },
      "body": {
        "pid": 2095,
        "tid": "Main Thread",
        "startTime": 6564921851297958
      },
      "additional": {
        "logType": "debug",
        "children": []
      }
    },
    {
      "head": {
        "id": "941435aa-2bd3-4b1b-9d35-af9a4f9ea038",
        "name": "sdkVersion",
        "description": "4.1.0.52",
        "type": "mark"
      },
      "body": {
        "pid": 2095,
        "tid": "Main Thread",
        "startTime": 6564921851378083
      },
      "additional": {
        "time": {
          "year": 2024,
          "month": 4,
          "day": 20,
          "hour": 10,
          "minute": 50
        },
        "markType": "other"
      }
    },
    {
      "head": {
        "id": "7a9a8c35-242a-4fe3-9972-51b82de4755a",
        "name": "Project task initialization takes 5 ms ",
        "description": "",
        "type": "log"
      },
      "body": {
        "pid": 2095,
        "tid": "Main Thread",
        "startTime": 6564921856597916
      },
      "additional": {
        "logType": "debug",
        "children": []
      }
    },
    {
      "head": {
        "id": "5a4e2b00-71b5-429a-8d1b-82691cb6fd34",
        "name": "Sdk init in 1 ms ",
        "description": "",
        "type": "log"
      },
      "body": {
        "pid": 2095,
        "tid": "Main Thread",
        "startTime": 6564921857413583
      },
      "additional": {
        "logType": "debug",
        "children": []
      }
    },
    {
      "head": {
        "id": "8d62a214-21fe-48da-bb89-6b06cdedc9dc",
        "name": "project has submodules:entry",
        "description": "",
        "type": "log"
      },
      "body": {
        "pid": 2095,
        "tid": "Main Thread",
        "startTime": 6564921858591500
      },
      "additional": {
        "logType": "debug",
        "children": []
      }
    },
    {
      "head": {
        "id": "368485e9-a1b5-4023-9663-6acd1338ca67",
        "name": "Configuration phase cost:811 ms ",
        "description": "",
        "type": "log"
      },
      "body": {
        "pid": 2095,
        "tid": "Main Thread",
        "startTime": 6564921858906666
      },
      "additional": {
        "logType": "debug",
        "children": []
      }
    },
    {
      "head": {
        "id": "f5491362-3d17-432f-a219-51e047ec2fee",
        "name": "init",
        "description": "",
        "type": "log"
      },
      "body": {
        "pid": 2095,
        "tid": "Main Thread",
        "startTime": 6564921044126458,
        "endTime": 6564921859526208
      },
      "additional": {
        "logType": "info",
        "children": [],
        "durationId": "31296d4d-cf7c-440a-a98d-cb852e9d2c90"
      }
    },
    {
      "head": {
        "id": "92c424d3-c77b-415b-8992-8f4789e78b04",
        "name": "Configuration task cost before running: 816 ms ",
        "description": "",
        "type": "log"
      },
      "body": {
        "pid": 2095,
        "tid": "Main Thread",
        "startTime": 6564921859760666
      },
      "additional": {
        "logType": "debug",
        "children": []
      }
    },
    {
      "head": {
        "id": "05b8f1d2-cea4-4949-af90-e24ce29ae86f",
        "name": "Task '' not found in root project 'Part3Demo'. Invalid command to execute the build task, please verify the parameters in the command and try again.",
        "description": "",
        "type": "log"
      },
      "body": {
        "pid": 2095,
        "tid": "Main Thread",
        "startTime": 6564921859945375
      },
      "additional": {
        "logType": "error",
        "children": []
      }
    },
    {
      "head": {
        "id": "cf30dae1-21ef-4247-a412-2e897e4c5513",
        "name": "* Try the following:\n> Run 'hvigorw --help' to learn more about hvigor command.\n> Run 'hvigorw tasks' to get a list of available tasks.\n> Run the command with '--info' or '--debug' option to get more log output.\n",
        "description": "",
        "type": "log"
      },
      "body": {
        "pid": 2095,
        "tid": "Main Thread",
        "startTime": 6564921859997541
      },
      "additional": {
        "logType": "info",
        "children": []
      }
    },
    {
      "head": {
        "id": "7ba01157-5ab4-42b1-9d2c-20198dcb6cd6",
        "name": "BUILD FAILED in 816 ms ",
        "description": "",
        "type": "log"
      },
      "body": {
        "pid": 2095,
        "tid": "Main Thread",
        "startTime": 6564921860032291
      },
      "additional": {
        "logType": "error",
        "children": []
      }
    },
    {
      "head": {
        "id": "255cfd5b-4c03-456a-b42b-b335778bc580",
        "name": "",
        "description": "",
        "type": "mark"
      },
      "body": {
        "pid": 2095,
        "tid": "Main Thread",
        "startTime": 6564921043934166,
        "endTime": 6564921860137208
      },
      "additional": {
        "time": {
          "year": 2024,
          "month": 4,
          "day": 20,
          "hour": 10,
          "minute": 50
        },
        "completeCommand": "{\"prop\":[],\"analyze\":true,\"parallel\":true,\"incremental\":true,\"daemon\":true,\"_\":[]};",
        "hvigorVersion": "4.0.2",
        "markType": "history",
        "category": "build",
        "state": "failed"
      }
    }
  ],
  "workLog": []
}