{
  "version": "2.0",
  "events": [
    {
      "head": {
        "id": "5a16dab4-69da-41b9-b748-910664cadb6d",
        "name": "hvigor build process will be closed.",
        "description": "",
        "type": "log"
      },
      "body": {
        "pid": 2095,
        "tid": "Main Thread",
        "startTime": 6564921864078041
      },
      "additional": {
        "logType": "debug",
        "children": []
      }
    },
    {
      "head": {
        "id": "7ea7ba41-d3c6-432a-83ce-3db3d528d9a3",
        "name": "watch worker: worker id should be larger than 0. Nothing will be sent to any worker thread.",
        "description": "",
        "type": "log"
      },
      "body": {
        "pid": 2095,
        "tid": "Main Thread",
        "startTime": 6564921920897916
      },
      "additional": {
        "logType": "debug",
        "children": []
      }
    },
    {
      "head": {
        "id": "163f9e56-d8bd-43ae-b5e6-feec55a6f58a",
        "name": "watch worker: worker id should be larger than 0. Nothing will be sent to any worker thread.",
        "description": "",
        "type": "log"
      },
      "body": {
        "pid": 2095,
        "tid": "Main Thread",
        "startTime": 6564921921024708
      },
      "additional": {
        "logType": "debug",
        "children": []
      }
    },
    {
      "head": {
        "id": "8fd938d4-0df8-4c39-accc-03e89919409d",
        "name": "watch worker: worker id should be larger than 0. Nothing will be sent to any worker thread.",
        "description": "",
        "type": "log"
      },
      "body": {
        "pid": 2095,
        "tid": "Main Thread",
        "startTime": 6564921921064583
      },
      "additional": {
        "logType": "debug",
        "children": []
      }
    },
    {
      "head": {
        "id": "2df7ccba-242e-4dae-9fa3-8500e3421547",
        "name": "init",
        "description": "Initialize and build task graph.",
        "type": "duration"
      },
      "body": {
        "pid": 2095,
        "tid": "Main Thread",
        "startTime": 6564921922032625,
        "endTime": 6564921982321250
      },
      "additional": {
        "children": [],
        "state": "success",
        "targetName": "",
        "moduleName": "",
        "category": "Init",
        "taskRunReasons": [],
        "logId": "6e0fabe0-f2b6-4f67-aa0d-0d0598ad4ba4"
      },
      "log": {
        "_logger": {
          "category": "DurationEvent",
          "context": {},
          "callStackSkipIndex": 0
        },
        "_filelogger": {
          "category": "debug-file",
          "context": {},
          "callStackSkipIndex": 0
        }
      }
    },
    {
      "head": {
        "id": "42bc189e-8b4d-442d-b643-6b7dafbe4c1e",
        "name": "Hvigor init with startParameters:{\n  hvigorfileTypeCheck: false,\n  parallelExecution: true,\n  incrementalExecution: true,\n  printStackTrace: false,\n  daemon: true,\n  analyze: 0,\n  logLevel: Level { level: 20000, levelStr: 'INFO', colour: 'green' },\n  enableSignTask: true,\n  skipNativeIncremental: false,\n  poolMaxCoreSize: undefined,\n  poolCacheCapacity: undefined,\n  poolCacheTtl: undefined\n}",
        "description": "",
        "type": "log"
      },
      "body": {
        "pid": 2095,
        "tid": "Main Thread",
        "startTime": 6564921922647583
      },
      "additional": {
        "logType": "debug",
        "children": []
      }
    },
    {
      "head": {
        "id": "3f032d21-c77d-4ede-8e1a-ee29aaf81f7c",
        "name": "Cache service initialization finished in 2 ms ",
        "description": "",
        "type": "log"
      },
      "body": {
        "pid": 2095,
        "tid": "Main Thread",
        "startTime": 6564921923968541
      },
      "additional": {
        "logType": "debug",
        "children": []
      }
    },
    {
      "head": {
        "id": "16645c49-5b95-4985-b224-41f99df66008",
        "name": "hvigorfile, resolving /Users/jepson/Desktop/Harmony/projects/Part3Demo/hvigorfile.ts",
        "description": "",
        "type": "log"
      },
      "body": {
        "pid": 2095,
        "tid": "Main Thread",
        "startTime": 6564921924506833
      },
      "additional": {
        "logType": "debug",
        "children": []
      }
    },
    {
      "head": {
        "id": "19752ee6-3df5-45b4-b83b-04c8ee7c0e2e",
        "name": "hvigorfile, require result:  { default: { system: [Function: appTasks], plugins: [] } }",
        "description": "",
        "type": "log"
      },
      "body": {
        "pid": 2095,
        "tid": "Main Thread",
        "startTime": 6564921927644750
      },
      "additional": {
        "logType": "debug",
        "children": []
      }
    },
    {
      "head": {
        "id": "975698a3-ea95-4d3f-8024-4e6771681d00",
        "name": "hvigorfile, binding system plugins [Function: appTasks]",
        "description": "",
        "type": "log"
      },
      "body": {
        "pid": 2095,
        "tid": "Main Thread",
        "startTime": 6564921927729583
      },
      "additional": {
        "logType": "debug",
        "children": []
      }
    },
    {
      "head": {
        "id": "a55cbf87-43ef-4d6b-9ecf-867878a1116f",
        "name": "hvigorfile, binding custom plugins []",
        "description": "",
        "type": "log"
      },
      "body": {
        "pid": 2095,
        "tid": "Main Thread",
        "startTime": 6564921929214291
      },
      "additional": {
        "logType": "debug",
        "children": []
      }
    },
    {
      "head": {
        "id": "0f7aaef3-6390-490d-ba1c-709479fab19b",
        "name": "hvigorfile, no custom plugins were found in /Users/jepson/Desktop/Harmony/projects/Part3Demo/hvigorfile.ts",
        "description": "",
        "type": "log"
      },
      "body": {
        "pid": 2095,
        "tid": "Main Thread",
        "startTime": 6564921929262541
      },
      "additional": {
        "logType": "debug",
        "children": []
      }
    },
    {
      "head": {
        "id": "719570b4-f938-4b0b-9c96-a3bd6eefd9b6",
        "name": "hvigorfile, resolve finished /Users/jepson/Desktop/Harmony/projects/Part3Demo/hvigorfile.ts",
        "description": "",
        "type": "log"
      },
      "body": {
        "pid": 2095,
        "tid": "Main Thread",
        "startTime": 6564921929284625
      },
      "additional": {
        "logType": "debug",
        "children": []
      }
    },
    {
      "head": {
        "id": "1321adf4-fbd0-45d6-a35c-c299e947ea68",
        "name": "hvigorfile, resolving /Users/jepson/Desktop/Harmony/projects/Part3Demo/entry/hvigorfile.ts",
        "description": "",
        "type": "log"
      },
      "body": {
        "pid": 2095,
        "tid": "Main Thread",
        "startTime": 6564921929624083
      },
      "additional": {
        "logType": "debug",
        "children": []
      }
    },
    {
      "head": {
        "id": "f50c2a5c-819c-4012-8934-bef658002322",
        "name": "hvigorfile, require result:  { default: { system: [Function: hapTasks], plugins: [] } }",
        "description": "",
        "type": "log"
      },
      "body": {
        "pid": 2095,
        "tid": "Main Thread",
        "startTime": 6564921932138791
      },
      "additional": {
        "logType": "debug",
        "children": []
      }
    },
    {
      "head": {
        "id": "ae0cde6a-fe58-496d-aed9-060abc948fba",
        "name": "hvigorfile, binding system plugins [Function: hapTasks]",
        "description": "",
        "type": "log"
      },
      "body": {
        "pid": 2095,
        "tid": "Main Thread",
        "startTime": 6564921932210583
      },
      "additional": {
        "logType": "debug",
        "children": []
      }
    },
    {
      "head": {
        "id": "e75d0430-049d-4c37-8d15-6e0a4465356f",
        "name": "Module entry Collected Dependency: ",
        "description": "",
        "type": "log"
      },
      "body": {
        "pid": 2095,
        "tid": "Main Thread",
        "startTime": 6564921933552791
      },
      "additional": {
        "logType": "debug",
        "children": []
      }
    },
    {
      "head": {
        "id": "4e3b2c6b-dddf-4221-a958-ffab857076c8",
        "name": "Module entry's total dependency: 0",
        "description": "",
        "type": "log"
      },
      "body": {
        "pid": 2095,
        "tid": "Main Thread",
        "startTime": 6564921933586208
      },
      "additional": {
        "logType": "debug",
        "children": []
      }
    },
    {
      "head": {
        "id": "80dcd4da-f33f-48a5-8c0e-17c89e1f2c35",
        "name": "Start initialize module-target build option map, moduleName=entry, buildMode=debug",
        "description": "",
        "type": "log"
      },
      "body": {
        "pid": 2095,
        "tid": "Main Thread",
        "startTime": 6564921934336000
      },
      "additional": {
        "logType": "debug",
        "children": []
      }
    },
    {
      "head": {
        "id": "b1731cc8-0595-4815-845d-c78f928a0f18",
        "name": "Target 'default' config: {}",
        "description": "",
        "type": "log"
      },
      "body": {
        "pid": 2095,
        "tid": "Main Thread",
        "startTime": 6564921934374291
      },
      "additional": {
        "logType": "debug",
        "children": []
      }
    },
    {
      "head": {
        "id": "896168c1-3f1c-473c-b973-2075b4bbe36f",
        "name": "Target 'ohosTest' config: {}",
        "description": "",
        "type": "log"
      },
      "body": {
        "pid": 2095,
        "tid": "Main Thread",
        "startTime": 6564921934422750
      },
      "additional": {
        "logType": "debug",
        "children": []
      }
    },
    {
      "head": {
        "id": "0e7320cd-8a0c-4fca-9648-e274f8ade094",
        "name": "Module 'entry' target 'default' build option: {\n  \"debuggable\": true,\n  \"copyFrom\": \"default\",\n  \"name\": \"debug\"\n}",
        "description": "",
        "type": "log"
      },
      "body": {
        "pid": 2095,
        "tid": "Main Thread",
        "startTime": 6564921934566375
      },
      "additional": {
        "logType": "debug",
        "children": []
      }
    },
    {
      "head": {
        "id": "c47211cf-8cba-4cf1-8bab-ea9f8a246d6a",
        "name": "Module 'entry' target 'ohosTest' build option: {\n  \"debuggable\": true,\n  \"name\": \"default\"\n}",
        "description": "",
        "type": "log"
      },
      "body": {
        "pid": 2095,
        "tid": "Main Thread",
        "startTime": 6564921934591583
      },
      "additional": {
        "logType": "debug",
        "children": []
      }
    },
    {
      "head": {
        "id": "2d6fcf62-347e-43a7-829f-7df82a4fa46e",
        "name": "End initialize module-target build option map, moduleName=entry",
        "description": "",
        "type": "log"
      },
      "body": {
        "pid": 2095,
        "tid": "Main Thread",
        "startTime": 6564921934613041
      },
      "additional": {
        "logType": "debug",
        "children": []
      }
    },
    {
      "head": {
        "id": "79017f37-4a1d-460a-9026-6c9ecea08ed7",
        "name": "Module 'entry' target 'default' using build option: {\n  \"debuggable\": true,\n  \"copyFrom\": \"default\",\n  \"name\": \"debug\"\n} in this build.",
        "description": "",
        "type": "log"
      },
      "body": {
        "pid": 2095,
        "tid": "Main Thread",
        "startTime": 6564921934635083
      },
      "additional": {
        "logType": "debug",
        "children": []
      }
    },
    {
      "head": {
        "id": "550fddd3-e9f2-4158-86be-acaf751fe077",
        "name": "require SDK: toolchains,ArkTS; moduleName=entry",
        "description": "",
        "type": "log"
      },
      "body": {
        "pid": 2095,
        "tid": "Main Thread",
        "startTime": 6564921934809250
      },
      "additional": {
        "logType": "debug",
        "children": []
      }
    },
    {
      "head": {
        "id": "0c52312d-4876-40b6-b84d-a8dbffd68824",
        "name": "Module entry task initialization takes 1 ms ",
        "description": "",
        "type": "log"
      },
      "body": {
        "pid": 2095,
        "tid": "Main Thread",
        "startTime": 6564921935809083
      },
      "additional": {
        "logType": "debug",
        "children": []
      }
    },
    {
      "head": {
        "id": "a9ee78ff-200a-4252-8784-de52e3ba932d",
        "name": "hvigorfile, binding custom plugins []",
        "description": "",
        "type": "log"
      },
      "body": {
        "pid": 2095,
        "tid": "Main Thread",
        "startTime": 6564921935869583
      },
      "additional": {
        "logType": "debug",
        "children": []
      }
    },
    {
      "head": {
        "id": "db7790eb-dc70-473d-8a9b-c88f448cdf8f",
        "name": "hvigorfile, no custom plugins were found in /Users/jepson/Desktop/Harmony/projects/Part3Demo/entry/hvigorfile.ts",
        "description": "",
        "type": "log"
      },
      "body": {
        "pid": 2095,
        "tid": "Main Thread",
        "startTime": 6564921935896000
      },
      "additional": {
        "logType": "debug",
        "children": []
      }
    },
    {
      "head": {
        "id": "b87b5a00-f268-4394-9136-96b2cbdd7b54",
        "name": "hvigorfile, resolve finished /Users/jepson/Desktop/Harmony/projects/Part3Demo/entry/hvigorfile.ts",
        "description": "",
        "type": "log"
      },
      "body": {
        "pid": 2095,
        "tid": "Main Thread",
        "startTime": 6564921935941083
      },
      "additional": {
        "logType": "debug",
        "children": []
      }
    },
    {
      "head": {
        "id": "27d0689e-9a69-4202-83b4-8df2641eea9b",
        "name": "hvigorfile, resolve hvigorfile dependencies in 40 ms ",
        "description": "",
        "type": "log"
      },
      "body": {
        "pid": 2095,
        "tid": "Main Thread",
        "startTime": 6564921975313875
      },
      "additional": {
        "logType": "debug",
        "children": []
      }
    },
    {
      "head": {
        "id": "015a2237-45bb-4849-bb80-adcf05e2eff7",
        "name": "Start initialize project's product build option map with build mode debug.",
        "description": "",
        "type": "log"
      },
      "body": {
        "pid": 2095,
        "tid": "Main Thread",
        "startTime": 6564921975482625
      },
      "additional": {
        "logType": "debug",
        "children": []
      }
    },
    {
      "head": {
        "id": "29a73810-e66a-4dd2-a8bb-fc52bf7d33de",
        "name": "Picking option from product 'default' with build mode 'debug'.",
        "description": "",
        "type": "log"
      },
      "body": {
        "pid": 2095,
        "tid": "Main Thread",
        "startTime": 6564921975517375
      },
      "additional": {
        "logType": "debug",
        "children": []
      }
    },
    {
      "head": {
        "id": "e2987f4f-6d85-4b23-a330-3da76e8066c7",
        "name": "Product 'default' build option: {}",
        "description": "",
        "type": "log"
      },
      "body": {
        "pid": 2095,
        "tid": "Main Thread",
        "startTime": 6564921975553625
      },
      "additional": {
        "logType": "debug",
        "children": []
      }
    },
    {
      "head": {
        "id": "9ad158d9-515d-4e9d-a098-69bcc8cfa114",
        "name": "End initialize project's product build option map with build mode 'debug'.",
        "description": "",
        "type": "log"
      },
      "body": {
        "pid": 2095,
        "tid": "Main Thread",
        "startTime": 6564921975572500
      },
      "additional": {
        "logType": "debug",
        "children": []
      }
    },
    {
      "head": {
        "id": "82d48c19-2828-4941-953c-4119810520c7",
        "name": "Module Part3Demo Collected Dependency: ",
        "description": "",
        "type": "log"
      },
      "body": {
        "pid": 2095,
        "tid": "Main Thread",
        "startTime": 6564921975754250
      },
      "additional": {
        "logType": "debug",
        "children": []
      }
    },
    {
      "head": {
        "id": "3f759a62-60b9-49df-a011-a73e0c00d296",
        "name": "Module Part3Demo's total dependency: 0",
        "description": "",
        "type": "log"
      },
      "body": {
        "pid": 2095,
        "tid": "Main Thread",
        "startTime": 6564921975778375
      },
      "additional": {
        "logType": "debug",
        "children": []
      }
    },
    {
      "head": {
        "id": "e56b3c28-d331-499a-8100-340027aca8eb",
        "name": "Product 'default' using build option: {\n  \"debuggable\": true\n} in this build.",
        "description": "",
        "type": "log"
      },
      "body": {
        "pid": 2095,
        "tid": "Main Thread",
        "startTime": 6564921976203750
      },
      "additional": {
        "logType": "debug",
        "children": []
      }
    },
    {
      "head": {
        "id": "35bd032b-8b69-44b9-8e25-4396a96c02d9",
        "name": "Sdk init in 1 ms ",
        "description": "",
        "type": "log"
      },
      "body": {
        "pid": 2095,
        "tid": "Main Thread",
        "startTime": 6564921977517083
      },
      "additional": {
        "logType": "debug",
        "children": []
      }
    },
    {
      "head": {
        "id": "abfe387a-de73-4dc3-a0e3-1dd14a4ccb08",
        "name": "sdkVersion",
        "description": "4.1.0.52",
        "type": "mark"
      },
      "body": {
        "pid": 2095,
        "tid": "Main Thread",
        "startTime": 6564921977548083
      },
      "additional": {
        "time": {
          "year": 2024,
          "month": 4,
          "day": 20,
          "hour": 10,
          "minute": 50
        },
        "markType": "other"
      }
    },
    {
      "head": {
        "id": "aae2b4bb-5b09-4130-808b-09e51a3f3095",
        "name": "Project task initialization takes 4 ms ",
        "description": "",
        "type": "log"
      },
      "body": {
        "pid": 2095,
        "tid": "Main Thread",
        "startTime": 6564921980872500
      },
      "additional": {
        "logType": "debug",
        "children": []
      }
    },
    {
      "head": {
        "id": "c11fd83d-6d5e-435c-98a2-789b9370a78e",
        "name": "Sdk init in 1 ms ",
        "description": "",
        "type": "log"
      },
      "body": {
        "pid": 2095,
        "tid": "Main Thread",
        "startTime": 6564921981437041
      },
      "additional": {
        "logType": "debug",
        "children": []
      }
    },
    {
      "head": {
        "id": "6be1a311-65d7-4ec9-9c2a-58ed628c67c9",
        "name": "project has submodules:entry",
        "description": "",
        "type": "log"
      },
      "body": {
        "pid": 2095,
        "tid": "Main Thread",
        "startTime": 6564921981864458
      },
      "additional": {
        "logType": "debug",
        "children": []
      }
    },
    {
      "head": {
        "id": "eb5bd7f7-b821-4f7e-b8bb-b9e7be90c799",
        "name": "Configuration phase cost:59 ms ",
        "description": "",
        "type": "log"
      },
      "body": {
        "pid": 2095,
        "tid": "Main Thread",
        "startTime": 6564921982101875
      },
      "additional": {
        "logType": "debug",
        "children": []
      }
    },
    {
      "head": {
        "id": "6e0fabe0-f2b6-4f67-aa0d-0d0598ad4ba4",
        "name": "init",
        "description": "",
        "type": "log"
      },
      "body": {
        "pid": 2095,
        "tid": "Main Thread",
        "startTime": 6564921922032625,
        "endTime": 6564921982321250
      },
      "additional": {
        "logType": "info",
        "children": [],
        "durationId": "2df7ccba-242e-4dae-9fa3-8500e3421547"
      }
    },
    {
      "head": {
        "id": "12edfde9-40a8-4d31-bf1e-ee3b85ec391b",
        "name": "Configuration task cost before running: 61 ms ",
        "description": "",
        "type": "log"
      },
      "body": {
        "pid": 2095,
        "tid": "Main Thread",
        "startTime": 6564921982512000
      },
      "additional": {
        "logType": "debug",
        "children": []
      }
    },
    {
      "head": {
        "id": "7a18fee5-ca90-4b26-bab9-6d9dedcedd16",
        "name": "entry:default@PreBuild",
        "description": "Pre-build in the stage model.",
        "type": "duration"
      },
      "body": {
        "pid": 2095,
        "tid": "Main Thread",
        "startTime": 6564921984011666,
        "endTime": 6564921986898208
      },
      "additional": {
        "children": [],
        "state": "success",
        "targetName": "default",
        "moduleName": "entry",
        "category": "Verification",
        "taskRunReasons": [],
        "detailId": "fdacf422-e825-4464-83d2-7ec005396609",
        "logId": "06a3a8d9-bfa8-49d2-a40d-548ad630d7f5"
      },
      "log": {
        "_logger": {
          "category": "DurationEvent",
          "context": {},
          "callStackSkipIndex": 0
        },
        "_filelogger": {
          "category": "debug-file",
          "context": {},
          "callStackSkipIndex": 0
        }
      }
    },
    {
      "head": {
        "id": "fdacf422-e825-4464-83d2-7ec005396609",
        "name": "create entry:default@PreBuild task",
        "description": "",
        "type": "log"
      },
      "body": {
        "pid": 2095,
        "tid": "Main Thread",
        "startTime": 6564921982859208
      },
      "additional": {
        "logType": "detail",
        "children": [],
        "durationId": "7a18fee5-ca90-4b26-bab9-6d9dedcedd16"
      }
    },
    {
      "head": {
        "id": "204dbe5b-392c-4dc3-a0ad-737dcb5fe713",
        "name": "entry : default@PreBuild start {\n  rss: 264945664,\n  heapTotal: 138149888,\n  heapUsed: 112921704,\n  external: 1055993,\n  arrayBuffers: 121091\n}",
        "description": "",
        "type": "log"
      },
      "body": {
        "pid": 2095,
        "tid": "Main Thread",
        "startTime": 6564921983972166
      },
      "additional": {
        "logType": "debug",
        "children": []
      }
    },
    {
      "head": {
        "id": "bed9a03d-834b-442f-a3e9-de05cb855991",
        "name": "Executing task :entry:default@PreBuild",
        "description": "",
        "type": "log"
      },
      "body": {
        "pid": 2095,
        "tid": "Main Thread",
        "startTime": 6564921984025708
      },
      "additional": {
        "logType": "debug",
        "children": []
      }
    },
    {
      "head": {
        "id": "615af594-f937-4a12-897f-a8c96b29c39f",
        "name": "Incremental task entry:default@PreBuild pre-execution cost: 3 ms .",
        "description": "",
        "type": "log"
      },
      "body": {
        "pid": 2095,
        "tid": "Main Thread",
        "startTime": 6564921986750916
      },
      "additional": {
        "logType": "debug",
        "children": []
      }
    },
    {
      "head": {
        "id": "648d3770-6185-43dd-8114-121e0b719d4b",
        "name": "entry : default@PreBuild end {\n  rss: 265027584,\n  heapTotal: 138149888,\n  heapUsed: 113067432,\n  external: 1056033,\n  arrayBuffers: 121091\n}",
        "description": "",
        "type": "log"
      },
      "body": {
        "pid": 2095,
        "tid": "Main Thread",
        "startTime": 6564921986844750
      },
      "additional": {
        "logType": "debug",
        "children": []
      }
    },
    {
      "head": {
        "id": "06a3a8d9-bfa8-49d2-a40d-548ad630d7f5",
        "name": "UP-TO-DATE :entry:default@PreBuild",
        "description": "Pre-build in the stage model.",
        "type": "log"
      },
      "body": {
        "pid": 2095,
        "tid": "Main Thread",
        "startTime": 6564921984011666,
        "endTime": 6564921986898208
      },
      "additional": {
        "logType": "info",
        "children": [],
        "durationId": "7a18fee5-ca90-4b26-bab9-6d9dedcedd16"
      }
    },
    {
      "head": {
        "id": "c161afc7-034c-47dd-a507-fef640c9422f",
        "name": "entry:default@CreateBuildProfile",
        "description": "Create the BuildProfile.ets file for the HAP/HSP package.",
        "type": "duration"
      },
      "body": {
        "pid": 2095,
        "tid": "Main Thread",
        "startTime": 6564921987555000,
        "endTime": 6564921988497583
      },
      "additional": {
        "children": [],
        "state": "success",
        "targetName": "default",
        "moduleName": "entry",
        "category": "Generate",
        "taskRunReasons": [],
        "detailId": "4eb62b01-7767-4f00-8a4b-cd4aa406ed1d",
        "logId": "05b33641-a633-43c4-af21-e032c8e842b9"
      },
      "log": {
        "_logger": {
          "category": "DurationEvent",
          "context": {},
          "callStackSkipIndex": 0
        },
        "_filelogger": {
          "category": "debug-file",
          "context": {},
          "callStackSkipIndex": 0
        }
      }
    },
    {
      "head": {
        "id": "4eb62b01-7767-4f00-8a4b-cd4aa406ed1d",
        "name": "create entry:default@CreateBuildProfile task",
        "description": "",
        "type": "log"
      },
      "body": {
        "pid": 2095,
        "tid": "Main Thread",
        "startTime": 6564921987326291
      },
      "additional": {
        "logType": "detail",
        "children": [],
        "durationId": "c161afc7-034c-47dd-a507-fef640c9422f"
      }
    },
    {
      "head": {
        "id": "6f6e3deb-f051-4555-949b-1dd78b0164ad",
        "name": "entry : default@CreateBuildProfile start {\n  rss: 265043968,\n  heapTotal: 138149888,\n  heapUsed: 113252832,\n  external: 1056033,\n  arrayBuffers: 121091\n}",
        "description": "",
        "type": "log"
      },
      "body": {
        "pid": 2095,
        "tid": "Main Thread",
        "startTime": 6564921987523500
      },
      "additional": {
        "logType": "debug",
        "children": []
      }
    },
    {
      "head": {
        "id": "0fc4775b-cf99-48f3-9b85-8ad9bc09e5f5",
        "name": "Executing task :entry:default@CreateBuildProfile",
        "description": "",
        "type": "log"
      },
      "body": {
        "pid": 2095,
        "tid": "Main Thread",
        "startTime": 6564921987558333
      },
      "additional": {
        "logType": "debug",
        "children": []
      }
    },
    {
      "head": {
        "id": "d7357367-3f2c-4ae6-aa1a-58f3424895e8",
        "name": "Incremental task entry:default@CreateBuildProfile pre-execution cost: 1 ms .",
        "description": "",
        "type": "log"
      },
      "body": {
        "pid": 2095,
        "tid": "Main Thread",
        "startTime": 6564921988427125
      },
      "additional": {
        "logType": "debug",
        "children": []
      }
    },
    {
      "head": {
        "id": "a40b3a1f-b4ae-45c9-ad85-5827da66b92b",
        "name": "entry : default@CreateBuildProfile end {\n  rss: 265060352,\n  heapTotal: 138149888,\n  heapUsed: 113368328,\n  external: 1064225,\n  arrayBuffers: 129283\n}",
        "description": "",
        "type": "log"
      },
      "body": {
        "pid": 2095,
        "tid": "Main Thread",
        "startTime": 6564921988471416
      },
      "additional": {
        "logType": "debug",
        "children": []
      }
    },
    {
      "head": {
        "id": "05b33641-a633-43c4-af21-e032c8e842b9",
        "name": "UP-TO-DATE :entry:default@CreateBuildProfile",
        "description": "Create the BuildProfile.ets file for the HAP/HSP package.",
        "type": "log"
      },
      "body": {
        "pid": 2095,
        "tid": "Main Thread",
        "startTime": 6564921987555000,
        "endTime": 6564921988497583
      },
      "additional": {
        "logType": "info",
        "children": [],
        "durationId": "c161afc7-034c-47dd-a507-fef640c9422f"
      }
    },
    {
      "head": {
        "id": "203621b5-c64c-45fe-8982-2439a54f6922",
        "name": "entry:default@GenerateLoaderJson",
        "description": "Generate loader.json in the stage model.",
        "type": "duration"
      },
      "body": {
        "pid": 2095,
        "tid": "Main Thread",
        "startTime": 6564921992039416,
        "endTime": 6564921992683458
      },
      "additional": {
        "children": [],
        "state": "success",
        "targetName": "default",
        "moduleName": "entry",
        "category": "Generate",
        "taskRunReasons": [],
        "detailId": "7fff7d92-8009-44f6-92bf-13e01c3e12d8",
        "logId": "568182a0-0d78-44f3-bb38-41ae1cb312e5"
      },
      "log": {
        "_logger": {
          "category": "DurationEvent",
          "context": {},
          "callStackSkipIndex": 0
        },
        "_filelogger": {
          "category": "debug-file",
          "context": {},
          "callStackSkipIndex": 0
        }
      }
    },
    {
      "head": {
        "id": "7fff7d92-8009-44f6-92bf-13e01c3e12d8",
        "name": "create entry:default@GenerateLoaderJson task",
        "description": "",
        "type": "log"
      },
      "body": {
        "pid": 2095,
        "tid": "Main Thread",
        "startTime": 6564921988919125
      },
      "additional": {
        "logType": "detail",
        "children": [],
        "durationId": "203621b5-c64c-45fe-8982-2439a54f6922"
      }
    },
    {
      "head": {
        "id": "4836d59d-3d92-4c09-b58a-052fc4b35eb6",
        "name": "entry : default@GenerateLoaderJson start {\n  rss: 267223040,\n  heapTotal: 138149888,\n  heapUsed: 113700864,\n  external: 1072417,\n  arrayBuffers: 137475\n}",
        "description": "",
        "type": "log"
      },
      "body": {
        "pid": 2095,
        "tid": "Main Thread",
        "startTime": 6564921991987125
      },
      "additional": {
        "logType": "debug",
        "children": []
      }
    },
    {
      "head": {
        "id": "571ae00b-ffcb-4055-95dd-7ee943895c0f",
        "name": "Executing task :entry:default@GenerateLoaderJson",
        "description": "",
        "type": "log"
      },
      "body": {
        "pid": 2095,
        "tid": "Main Thread",
        "startTime": 6564921992043500
      },
      "additional": {
        "logType": "debug",
        "children": []
      }
    },
    {
      "head": {
        "id": "a2555318-650f-4635-a409-1b59dc7801a8",
        "name": "Incremental task entry:default@GenerateLoaderJson pre-execution cost: 1 ms .",
        "description": "",
        "type": "log"
      },
      "body": {
        "pid": 2095,
        "tid": "Main Thread",
        "startTime": 6564921992604458
      },
      "additional": {
        "logType": "debug",
        "children": []
      }
    },
    {
      "head": {
        "id": "125e0295-6e6b-46d0-887c-39e00b047426",
        "name": "entry : default@GenerateLoaderJson end {\n  rss: 267239424,\n  heapTotal: 138149888,\n  heapUsed: 113769344,\n  external: 1072417,\n  arrayBuffers: 137475\n}",
        "description": "",
        "type": "log"
      },
      "body": {
        "pid": 2095,
        "tid": "Main Thread",
        "startTime": 6564921992654791
      },
      "additional": {
        "logType": "debug",
        "children": []
      }
    },
    {
      "head": {
        "id": "568182a0-0d78-44f3-bb38-41ae1cb312e5",
        "name": "UP-TO-DATE :entry:default@GenerateLoaderJson",
        "description": "Generate loader.json in the stage model.",
        "type": "log"
      },
      "body": {
        "pid": 2095,
        "tid": "Main Thread",
        "startTime": 6564921992039416,
        "endTime": 6564921992683458
      },
      "additional": {
        "logType": "info",
        "children": [],
        "durationId": "203621b5-c64c-45fe-8982-2439a54f6922"
      }
    },
    {
      "head": {
        "id": "68f71cfa-14d1-494e-bcdf-99b1494e92fb",
        "name": "entry:default@MergeProfile",
        "description": "Merge app config manifest files in the stage model.",
        "type": "duration"
      },
      "body": {
        "pid": 2095,
        "tid": "Main Thread",
        "startTime": 6564921993450083,
        "endTime": 6564921994008833
      },
      "additional": {
        "children": [],
        "state": "success",
        "targetName": "default",
        "moduleName": "entry",
        "category": "Config",
        "taskRunReasons": [],
        "detailId": "b77bc554-f349-4734-90ea-40b0df6734ec",
        "logId": "f70fc9d0-a915-45db-b8a8-bf15b3271d15"
      },
      "log": {
        "_logger": {
          "category": "DurationEvent",
          "context": {},
          "callStackSkipIndex": 0
        },
        "_filelogger": {
          "category": "debug-file",
          "context": {},
          "callStackSkipIndex": 0
        }
      }
    },
    {
      "head": {
        "id": "b77bc554-f349-4734-90ea-40b0df6734ec",
        "name": "create entry:default@MergeProfile task",
        "description": "",
        "type": "log"
      },
      "body": {
        "pid": 2095,
        "tid": "Main Thread",
        "startTime": 6564921993012625
      },
      "additional": {
        "logType": "detail",
        "children": [],
        "durationId": "68f71cfa-14d1-494e-bcdf-99b1494e92fb"
      }
    },
    {
      "head": {
        "id": "c9a70a5d-9f85-44c4-b928-61880c9f3545",
        "name": "entry : default@MergeProfile start {\n  rss: 267255808,\n  heapTotal: 138149888,\n  heapUsed: 113950184,\n  external: 1072417,\n  arrayBuffers: 137475\n}",
        "description": "",
        "type": "log"
      },
      "body": {
        "pid": 2095,
        "tid": "Main Thread",
        "startTime": 6564921993417083
      },
      "additional": {
        "logType": "debug",
        "children": []
      }
    },
    {
      "head": {
        "id": "0dcb7c97-1ca9-4f70-ac63-c3a5ec929cdd",
        "name": "Executing task :entry:default@MergeProfile",
        "description": "",
        "type": "log"
      },
      "body": {
        "pid": 2095,
        "tid": "Main Thread",
        "startTime": 6564921993454333
      },
      "additional": {
        "logType": "debug",
        "children": []
      }
    },
    {
      "head": {
        "id": "2dfcea2c-3bad-408e-8e4a-48f1e5c3a4f5",
        "name": "Incremental task entry:default@MergeProfile pre-execution cost: 1 ms .",
        "description": "",
        "type": "log"
      },
      "body": {
        "pid": 2095,
        "tid": "Main Thread",
        "startTime": 6564921993942291
      },
      "additional": {
        "logType": "debug",
        "children": []
      }
    },
    {
      "head": {
        "id": "86ad079b-5b01-424b-85e5-48cbc3e81b68",
        "name": "entry : default@MergeProfile end {\n  rss: 267272192,\n  heapTotal: 138149888,\n  heapUsed: 114025856,\n  external: 1072417,\n  arrayBuffers: 137475\n}",
        "description": "",
        "type": "log"
      },
      "body": {
        "pid": 2095,
        "tid": "Main Thread",
        "startTime": 6564921993983291
      },
      "additional": {
        "logType": "debug",
        "children": []
      }
    },
    {
      "head": {
        "id": "f70fc9d0-a915-45db-b8a8-bf15b3271d15",
        "name": "UP-TO-DATE :entry:default@MergeProfile",
        "description": "Merge app config manifest files in the stage model.",
        "type": "log"
      },
      "body": {
        "pid": 2095,
        "tid": "Main Thread",
        "startTime": 6564921993450083,
        "endTime": 6564921994008833
      },
      "additional": {
        "logType": "info",
        "children": [],
        "durationId": "68f71cfa-14d1-494e-bcdf-99b1494e92fb"
      }
    },
    {
      "head": {
        "id": "e914ef82-e43d-450d-8360-edd197e6fcb9",
        "name": "entry:default@ProcessProfile",
        "description": "Process app config manifest files in the stage model.",
        "type": "duration"
      },
      "body": {
        "pid": 2095,
        "tid": "Main Thread",
        "startTime": 6564921995373833,
        "endTime": 6564921995801458
      },
      "additional": {
        "children": [],
        "state": "success",
        "targetName": "default",
        "moduleName": "entry",
        "category": "Config",
        "taskRunReasons": [],
        "detailId": "3ff119d8-3cb1-442f-8408-18fadc912bef",
        "logId": "f737ec3c-6b04-42f3-8f4e-33365b1e567b"
      },
      "log": {
        "_logger": {
          "category": "DurationEvent",
          "context": {},
          "callStackSkipIndex": 0
        },
        "_filelogger": {
          "category": "debug-file",
          "context": {},
          "callStackSkipIndex": 0
        }
      }
    },
    {
      "head": {
        "id": "3ff119d8-3cb1-442f-8408-18fadc912bef",
        "name": "create entry:default@ProcessProfile task",
        "description": "",
        "type": "log"
      },
      "body": {
        "pid": 2095,
        "tid": "Main Thread",
        "startTime": 6564921994261500
      },
      "additional": {
        "logType": "detail",
        "children": [],
        "durationId": "e914ef82-e43d-450d-8360-edd197e6fcb9"
      }
    },
    {
      "head": {
        "id": "78995fb2-4b71-4c38-a3b8-90504a624e71",
        "name": "entry : default@ProcessProfile start {\n  rss: 267288576,\n  heapTotal: 138149888,\n  heapUsed: 114331472,\n  external: 1072417,\n  arrayBuffers: 137475\n}",
        "description": "",
        "type": "log"
      },
      "body": {
        "pid": 2095,
        "tid": "Main Thread",
        "startTime": 6564921995290875
      },
      "additional": {
        "logType": "debug",
        "children": []
      }
    },
    {
      "head": {
        "id": "8f773026-86bd-4e6a-ae5a-473518906c89",
        "name": "Executing task :entry:default@ProcessProfile",
        "description": "",
        "type": "log"
      },
      "body": {
        "pid": 2095,
        "tid": "Main Thread",
        "startTime": 6564921995380583
      },
      "additional": {
        "logType": "debug",
        "children": []
      }
    },
    {
      "head": {
        "id": "d11f4d87-1033-47d6-a3d1-a9e92be420a6",
        "name": "Incremental task entry:default@ProcessProfile pre-execution cost: 1 ms .",
        "description": "",
        "type": "log"
      },
      "body": {
        "pid": 2095,
        "tid": "Main Thread",
        "startTime": 6564921995718250
      },
      "additional": {
        "logType": "debug",
        "children": []
      }
    },
    {
      "head": {
        "id": "3b97352a-b1ec-4971-9f72-33a4a786440e",
        "name": "entry : default@ProcessProfile end {\n  rss: 267288576,\n  heapTotal: 138149888,\n  heapUsed: 114391456,\n  external: 1072417,\n  arrayBuffers: 137475\n}",
        "description": "",
        "type": "log"
      },
      "body": {
        "pid": 2095,
        "tid": "Main Thread",
        "startTime": 6564921995771458
      },
      "additional": {
        "logType": "debug",
        "children": []
      }
    },
    {
      "head": {
        "id": "f737ec3c-6b04-42f3-8f4e-33365b1e567b",
        "name": "UP-TO-DATE :entry:default@ProcessProfile",
        "description": "Process app config manifest files in the stage model.",
        "type": "log"
      },
      "body": {
        "pid": 2095,
        "tid": "Main Thread",
        "startTime": 6564921995373833,
        "endTime": 6564921995801458
      },
      "additional": {
        "logType": "info",
        "children": [],
        "durationId": "e914ef82-e43d-450d-8360-edd197e6fcb9"
      }
    },
    {
      "head": {
        "id": "9546e83e-5eca-4fcd-bab8-64f5c265dab2",
        "name": "entry:default@PreviewProcessResource",
        "description": "Process preview resources incrementally in the stage model.",
        "type": "duration"
      },
      "body": {
        "pid": 2095,
        "tid": "Main Thread",
        "startTime": 6564921997390000,
        "endTime": 6564921999031166
      },
      "additional": {
        "children": [],
        "state": "success",
        "targetName": "default",
        "moduleName": "entry",
        "category": "Resources",
        "taskRunReasons": [],
        "detailId": "153320e9-d36a-441d-9e5d-d4a16df4e018",
        "logId": "f5c12ec1-7776-4077-937a-afae0c041ca3"
      },
      "log": {
        "_logger": {
          "category": "DurationEvent",
          "context": {},
          "callStackSkipIndex": 0
        },
        "_filelogger": {
          "category": "debug-file",
          "context": {},
          "callStackSkipIndex": 0
        }
      }
    },
    {
      "head": {
        "id": "153320e9-d36a-441d-9e5d-d4a16df4e018",
        "name": "create entry:default@PreviewProcessResource task",
        "description": "",
        "type": "log"
      },
      "body": {
        "pid": 2095,
        "tid": "Main Thread",
        "startTime": 6564921996164000
      },
      "additional": {
        "logType": "detail",
        "children": [],
        "durationId": "9546e83e-5eca-4fcd-bab8-64f5c265dab2"
      }
    },
    {
      "head": {
        "id": "094131e2-21b1-4cf2-ae83-02d145618961",
        "name": "restool module names: entry; moduleName=entry, taskName=default@PreviewProcessResource",
        "description": "",
        "type": "log"
      },
      "body": {
        "pid": 2095,
        "tid": "Main Thread",
        "startTime": 6564921996826583
      },
      "additional": {
        "logType": "debug",
        "children": []
      }
    },
    {
      "head": {
        "id": "654db554-8a4a-4678-b99d-92439bd654ce",
        "name": "entry : default@PreviewProcessResource start {\n  rss: 267304960,\n  heapTotal: 138149888,\n  heapUsed: 114634712,\n  external: 1080609,\n  arrayBuffers: 145667\n}",
        "description": "",
        "type": "log"
      },
      "body": {
        "pid": 2095,
        "tid": "Main Thread",
        "startTime": 6564921997351750
      },
      "additional": {
        "logType": "debug",
        "children": []
      }
    },
    {
      "head": {
        "id": "c629a41b-6770-47cf-a8c3-4cd6bb1e900a",
        "name": "Executing task :entry:default@PreviewProcessResource",
        "description": "",
        "type": "log"
      },
      "body": {
        "pid": 2095,
        "tid": "Main Thread",
        "startTime": 6564921998249708
      },
      "additional": {
        "logType": "debug",
        "children": []
      }
    },
    {
      "head": {
        "id": "9752a459-7739-4389-a5dc-a18d40c2f9e3",
        "name": "entry : default@PreviewProcessResource end {\n  rss: 267337728,\n  heapTotal: 138149888,\n  heapUsed: 114744192,\n  external: 1088801,\n  arrayBuffers: 153859\n}",
        "description": "",
        "type": "log"
      },
      "body": {
        "pid": 2095,
        "tid": "Main Thread",
        "startTime": 6564921998512416
      },
      "additional": {
        "logType": "debug",
        "children": []
      }
    },
    {
      "head": {
        "id": "c9b5e9fb-fa09-4493-8461-7bf6aff6d197",
        "name": "runTaskFromQueue task cost before running: 78 ms ",
        "description": "",
        "type": "log"
      },
      "body": {
        "pid": 2095,
        "tid": "Main Thread",
        "startTime": 6564921998971625
      },
      "additional": {
        "logType": "debug",
        "children": []
      }
    },
    {
      "head": {
        "id": "f5c12ec1-7776-4077-937a-afae0c041ca3",
        "name": "Finished :entry:default@PreviewProcessResource",
        "description": "Process preview resources incrementally in the stage model.",
        "type": "log"
      },
      "body": {
        "pid": 2095,
        "tid": "Main Thread",
        "startTime": 6564921997390000,
        "endTime": 6564921999031166
      },
      "additional": {
        "logType": "info",
        "children": [],
        "durationId": "9546e83e-5eca-4fcd-bab8-64f5c265dab2"
      }
    },
    {
      "head": {
        "id": "5dd1a1cd-fa49-499a-b351-ab33fdc9bd1b",
        "name": "entry:default@PreviewCompileResource",
        "description": "Use Preview to compile project resources in the stage model.",
        "type": "duration"
      },
      "body": {
        "pid": 2095,
        "tid": "Main Thread",
        "startTime": 6564922000486041,
        "endTime": 6564922011084666
      },
      "additional": {
        "children": [],
        "state": "success",
        "targetName": "default",
        "moduleName": "entry",
        "category": "Resources",
        "taskRunReasons": [],
        "detailId": "1f669e0a-7c0f-4ae3-93fd-04506521a0d7",
        "logId": "045191ee-e45b-49d9-8831-2761d8f51821"
      },
      "log": {
        "_logger": {
          "category": "DurationEvent",
          "context": {},
          "callStackSkipIndex": 0
        },
        "_filelogger": {
          "category": "debug-file",
          "context": {},
          "callStackSkipIndex": 0
        }
      }
    },
    {
      "head": {
        "id": "1f669e0a-7c0f-4ae3-93fd-04506521a0d7",
        "name": "create entry:default@PreviewCompileResource task",
        "description": "",
        "type": "log"
      },
      "body": {
        "pid": 2095,
        "tid": "Main Thread",
        "startTime": 6564921999787333
      },
      "additional": {
        "logType": "detail",
        "children": [],
        "durationId": "5dd1a1cd-fa49-499a-b351-ab33fdc9bd1b"
      }
    },
    {
      "head": {
        "id": "64763283-dee2-4b0e-bc08-fafef14b0f78",
        "name": "restool module names: entry; moduleName=entry, taskName=default@PreviewCompileResource",
        "description": "",
        "type": "log"
      },
      "body": {
        "pid": 2095,
        "tid": "Main Thread",
        "startTime": 6564922000084833
      },
      "additional": {
        "logType": "debug",
        "children": []
      }
    },
    {
      "head": {
        "id": "8fed4a5a-b8a4-447d-8744-07874a72522f",
        "name": "entry : default@PreviewCompileResource start {\n  rss: 267354112,\n  heapTotal: 138149888,\n  heapUsed: 115186224,\n  external: 1096993,\n  arrayBuffers: 162051\n}",
        "description": "",
        "type": "log"
      },
      "body": {
        "pid": 2095,
        "tid": "Main Thread",
        "startTime": 6564922000454791
      },
      "additional": {
        "logType": "debug",
        "children": []
      }
    },
    {
      "head": {
        "id": "047a6eef-999f-46d4-9b9f-300942578508",
        "name": "Executing task :entry:default@PreviewCompileResource",
        "description": "",
        "type": "log"
      },
      "body": {
        "pid": 2095,
        "tid": "Main Thread",
        "startTime": 6564922000523833
      },
      "additional": {
        "logType": "debug",
        "children": []
      }
    },
    {
      "head": {
        "id": "646811c3-ad99-4976-a7a9-3559ee1765a6",
        "name": "Incremental task entry:default@PreviewCompileResource pre-execution cost: 10 ms .",
        "description": "",
        "type": "log"
      },
      "body": {
        "pid": 2095,
        "tid": "Main Thread",
        "startTime": 6564922010832166
      },
      "additional": {
        "logType": "debug",
        "children": []
      }
    },
    {
      "head": {
        "id": "84a5d238-b219-4471-995a-9560c343c2b0",
        "name": "entry : default@PreviewCompileResource end {\n  rss: 268943360,\n  heapTotal: 138149888,\n  heapUsed: 115806664,\n  external: 1105185,\n  arrayBuffers: 170243\n}",
        "description": "",
        "type": "log"
      },
      "body": {
        "pid": 2095,
        "tid": "Main Thread",
        "startTime": 6564922010937875
      },
      "additional": {
        "logType": "debug",
        "children": []
      }
    },
    {
      "head": {
        "id": "045191ee-e45b-49d9-8831-2761d8f51821",
        "name": "UP-TO-DATE :entry:default@PreviewCompileResource",
        "description": "Use Preview to compile project resources in the stage model.",
        "type": "log"
      },
      "body": {
        "pid": 2095,
        "tid": "Main Thread",
        "startTime": 6564922000486041,
        "endTime": 6564922011084666
      },
      "additional": {
        "logType": "info",
        "children": [],
        "durationId": "5dd1a1cd-fa49-499a-b351-ab33fdc9bd1b"
      }
    },
    {
      "head": {
        "id": "a2cccbe5-e3a8-4ffe-a2e1-71747d8dc105",
        "name": "entry:default@PreviewHookCompileResource",
        "description": "Add a hook task for compiling preview resources.",
        "type": "duration"
      },
      "body": {
        "pid": 2095,
        "tid": "Main Thread",
        "startTime": 6564922011781291,
        "endTime": 6564922011934833
      },
      "additional": {
        "children": [],
        "state": "success",
        "targetName": "default",
        "moduleName": "entry",
        "category": "Hook",
        "taskRunReasons": [],
        "detailId": "e4a1ca10-b68c-4113-943e-eadb8c9ff48b",
        "logId": "54c1dd03-0e33-4717-8107-4c4f52b82831"
      },
      "log": {
        "_logger": {
          "category": "DurationEvent",
          "context": {},
          "callStackSkipIndex": 0
        },
        "_filelogger": {
          "category": "debug-file",
          "context": {},
          "callStackSkipIndex": 0
        }
      }
    },
    {
      "head": {
        "id": "e4a1ca10-b68c-4113-943e-eadb8c9ff48b",
        "name": "create entry:default@PreviewHookCompileResource task",
        "description": "",
        "type": "log"
      },
      "body": {
        "pid": 2095,
        "tid": "Main Thread",
        "startTime": 6564922011645083
      },
      "additional": {
        "logType": "detail",
        "children": [],
        "durationId": "a2cccbe5-e3a8-4ffe-a2e1-71747d8dc105"
      }
    },
    {
      "head": {
        "id": "f9fd251e-d4a3-44de-85ea-cfb0a48b05de",
        "name": "entry : default@PreviewHookCompileResource start {\n  rss: 268959744,\n  heapTotal: 138149888,\n  heapUsed: 115958992,\n  external: 1105185,\n  arrayBuffers: 170243\n}",
        "description": "",
        "type": "log"
      },
      "body": {
        "pid": 2095,
        "tid": "Main Thread",
        "startTime": 6564922011738666
      },
      "additional": {
        "logType": "debug",
        "children": []
      }
    },
    {
      "head": {
        "id": "c6a5456a-84bd-4a51-ab5b-70fc18182017",
        "name": "Executing task :entry:default@PreviewHookCompileResource",
        "description": "",
        "type": "log"
      },
      "body": {
        "pid": 2095,
        "tid": "Main Thread",
        "startTime": 6564922011786958
      },
      "additional": {
        "logType": "debug",
        "children": []
      }
    },
    {
      "head": {
        "id": "95bc953c-9590-4ee8-bed0-166b719594a4",
        "name": "entry : default@PreviewHookCompileResource end {\n  rss: 268959744,\n  heapTotal: 138149888,\n  heapUsed: 115985432,\n  external: 1105185,\n  arrayBuffers: 170243\n}",
        "description": "",
        "type": "log"
      },
      "body": {
        "pid": 2095,
        "tid": "Main Thread",
        "startTime": 6564922011873125
      },
      "additional": {
        "logType": "debug",
        "children": []
      }
    },
    {
      "head": {
        "id": "6ee352f1-63d2-4498-a24f-ae466070acae",
        "name": "runTaskFromQueue task cost before running: 90 ms ",
        "description": "",
        "type": "log"
      },
      "body": {
        "pid": 2095,
        "tid": "Main Thread",
        "startTime": 6564922011912208
      },
      "additional": {
        "logType": "debug",
        "children": []
      }
    },
    {
      "head": {
        "id": "54c1dd03-0e33-4717-8107-4c4f52b82831",
        "name": "Finished :entry:default@PreviewHookCompileResource",
        "description": "Add a hook task for compiling preview resources.",
        "type": "log"
      },
      "body": {
        "pid": 2095,
        "tid": "Main Thread",
        "startTime": 6564922011781291,
        "endTime": 6564922011934833
      },
      "additional": {
        "logType": "info",
        "children": [],
        "durationId": "a2cccbe5-e3a8-4ffe-a2e1-71747d8dc105"
      }
    },
    {
      "head": {
        "id": "6d64594a-4598-4852-9025-ad80a7813e57",
        "name": "entry:default@CopyPreviewProfile",
        "description": "Copy preview profile.",
        "type": "duration"
      },
      "body": {
        "pid": 2095,
        "tid": "Main Thread",
        "startTime": 6564922012734375,
        "endTime": 6564922013216750
      },
      "additional": {
        "children": [],
        "state": "success",
        "targetName": "default",
        "moduleName": "entry",
        "category": "Other",
        "taskRunReasons": [],
        "detailId": "2053f35c-d66d-459b-b6e3-ebd65da7e0be",
        "logId": "19ac809a-1a7b-4edf-846d-f1a821b4277d"
      },
      "log": {
        "_logger": {
          "category": "DurationEvent",
          "context": {},
          "callStackSkipIndex": 0
        },
        "_filelogger": {
          "category": "debug-file",
          "context": {},
          "callStackSkipIndex": 0
        }
      }
    },
    {
      "head": {
        "id": "2053f35c-d66d-459b-b6e3-ebd65da7e0be",
        "name": "create entry:default@CopyPreviewProfile task",
        "description": "",
        "type": "log"
      },
      "body": {
        "pid": 2095,
        "tid": "Main Thread",
        "startTime": 6564922012243625
      },
      "additional": {
        "logType": "detail",
        "children": [],
        "durationId": "6d64594a-4598-4852-9025-ad80a7813e57"
      }
    },
    {
      "head": {
        "id": "9aa3700a-e59e-4d6a-927f-219b18ec7c35",
        "name": "entry : default@CopyPreviewProfile start {\n  rss: 268976128,\n  heapTotal: 138149888,\n  heapUsed: 116316536,\n  external: 1105185,\n  arrayBuffers: 170243\n}",
        "description": "",
        "type": "log"
      },
      "body": {
        "pid": 2095,
        "tid": "Main Thread",
        "startTime": 6564922012691708
      },
      "additional": {
        "logType": "debug",
        "children": []
      }
    },
    {
      "head": {
        "id": "dcc474fe-fc67-4e5a-805d-94a5b92e56ea",
        "name": "Executing task :entry:default@CopyPreviewProfile",
        "description": "",
        "type": "log"
      },
      "body": {
        "pid": 2095,
        "tid": "Main Thread",
        "startTime": 6564922012740708
      },
      "additional": {
        "logType": "debug",
        "children": []
      }
    },
    {
      "head": {
        "id": "99572dfe-0f5e-4caa-81c0-09d60a45c6ab",
        "name": "Incremental task entry:default@CopyPreviewProfile pre-execution cost: 1 ms .",
        "description": "",
        "type": "log"
      },
      "body": {
        "pid": 2095,
        "tid": "Main Thread",
        "startTime": 6564922013114958
      },
      "additional": {
        "logType": "debug",
        "children": []
      }
    },
    {
      "head": {
        "id": "b69b5cd5-6cc3-4e23-98fb-b196632cba93",
        "name": "entry : default@CopyPreviewProfile end {\n  rss: 268976128,\n  heapTotal: 138149888,\n  heapUsed: 116385272,\n  external: 1105185,\n  arrayBuffers: 170243\n}",
        "description": "",
        "type": "log"
      },
      "body": {
        "pid": 2095,
        "tid": "Main Thread",
        "startTime": 6564922013180958
      },
      "additional": {
        "logType": "debug",
        "children": []
      }
    },
    {
      "head": {
        "id": "19ac809a-1a7b-4edf-846d-f1a821b4277d",
        "name": "UP-TO-DATE :entry:default@CopyPreviewProfile",
        "description": "Copy preview profile.",
        "type": "log"
      },
      "body": {
        "pid": 2095,
        "tid": "Main Thread",
        "startTime": 6564922012734375,
        "endTime": 6564922013216750
      },
      "additional": {
        "logType": "info",
        "children": [],
        "durationId": "6d64594a-4598-4852-9025-ad80a7813e57"
      }
    },
    {
      "head": {
        "id": "ce8c0a92-7b9b-43ff-b7f9-5b7b9c2db9f2",
        "name": "entry:default@ReplacePreviewerPage",
        "description": "Accept previewer arguments, then use them to replace the ones in the page file.",
        "type": "duration"
      },
      "body": {
        "pid": 2095,
        "tid": "Main Thread",
        "startTime": 6564922013866208,
        "endTime": 6564922014235666
      },
      "additional": {
        "children": [],
        "state": "success",
        "targetName": "default",
        "moduleName": "entry",
        "category": "Other",
        "taskRunReasons": [],
        "detailId": "839e4d5b-bf8a-446c-af0e-4da373775b29",
        "logId": "201154a2-317c-4c63-b7ac-1a869b3d0434"
      },
      "log": {
        "_logger": {
          "category": "DurationEvent",
          "context": {},
          "callStackSkipIndex": 0
        },
        "_filelogger": {
          "category": "debug-file",
          "context": {},
          "callStackSkipIndex": 0
        }
      }
    },
    {
      "head": {
        "id": "839e4d5b-bf8a-446c-af0e-4da373775b29",
        "name": "create entry:default@ReplacePreviewerPage task",
        "description": "",
        "type": "log"
      },
      "body": {
        "pid": 2095,
        "tid": "Main Thread",
        "startTime": 6564922013660500
      },
      "additional": {
        "logType": "detail",
        "children": [],
        "durationId": "ce8c0a92-7b9b-43ff-b7f9-5b7b9c2db9f2"
      }
    },
    {
      "head": {
        "id": "11ac74fd-a90d-439c-bccc-c0c597bd05c1",
        "name": "entry : default@ReplacePreviewerPage start {\n  rss: 268992512,\n  heapTotal: 138149888,\n  heapUsed: 116565488,\n  external: 1105185,\n  arrayBuffers: 170243\n}",
        "description": "",
        "type": "log"
      },
      "body": {
        "pid": 2095,
        "tid": "Main Thread",
        "startTime": 6564922013826583
      },
      "additional": {
        "logType": "debug",
        "children": []
      }
    },
    {
      "head": {
        "id": "2270af5e-3e81-43c4-89bf-b5ced1760711",
        "name": "Executing task :entry:default@ReplacePreviewerPage",
        "description": "",
        "type": "log"
      },
      "body": {
        "pid": 2095,
        "tid": "Main Thread",
        "startTime": 6564922013871125
      },
      "additional": {
        "logType": "debug",
        "children": []
      }
    },
    {
      "head": {
        "id": "8f80c4b6-4ef2-41d5-b54d-46f620b21761",
        "name": "entry : default@ReplacePreviewerPage end {\n  rss: 268992512,\n  heapTotal: 138149888,\n  heapUsed: 116615904,\n  external: 1105185,\n  arrayBuffers: 170243\n}",
        "description": "",
        "type": "log"
      },
      "body": {
        "pid": 2095,
        "tid": "Main Thread",
        "startTime": 6564922014163583
      },
      "additional": {
        "logType": "debug",
        "children": []
      }
    },
    {
      "head": {
        "id": "489b963f-082a-416d-9cad-eb0d9fbeaa63",
        "name": "runTaskFromQueue task cost before running: 93 ms ",
        "description": "",
        "type": "log"
      },
      "body": {
        "pid": 2095,
        "tid": "Main Thread",
        "startTime": 6564922014211875
      },
      "additional": {
        "logType": "debug",
        "children": []
      }
    },
    {
      "head": {
        "id": "201154a2-317c-4c63-b7ac-1a869b3d0434",
        "name": "Finished :entry:default@ReplacePreviewerPage",
        "description": "Accept previewer arguments, then use them to replace the ones in the page file.",
        "type": "log"
      },
      "body": {
        "pid": 2095,
        "tid": "Main Thread",
        "startTime": 6564922013866208,
        "endTime": 6564922014235666
      },
      "additional": {
        "logType": "info",
        "children": [],
        "durationId": "ce8c0a92-7b9b-43ff-b7f9-5b7b9c2db9f2"
      }
    },
    {
      "head": {
        "id": "3e2a2adc-5de5-4332-9c33-88d2c7c17c29",
        "name": "entry:buildPreviewerResource",
        "description": "Build the preview resources.",
        "type": "duration"
      },
      "body": {
        "pid": 2095,
        "tid": "Main Thread",
        "startTime": 6564922014570333,
        "endTime": 6564922014660708
      },
      "additional": {
        "children": [],
        "state": "success",
        "targetName": "",
        "moduleName": "entry",
        "category": "Hook",
        "taskRunReasons": [],
        "detailId": "14807704-b5b2-455f-b49d-b2efeca38296",
        "logId": "8116344a-068f-47e5-897d-54701fb58aed"
      },
      "log": {
        "_logger": {
          "category": "DurationEvent",
          "context": {},
          "callStackSkipIndex": 0
        },
        "_filelogger": {
          "category": "debug-file",
          "context": {},
          "callStackSkipIndex": 0
        }
      }
    },
    {
      "head": {
        "id": "14807704-b5b2-455f-b49d-b2efeca38296",
        "name": "create entry:buildPreviewerResource task",
        "description": "",
        "type": "log"
      },
      "body": {
        "pid": 2095,
        "tid": "Main Thread",
        "startTime": 6564922014510083
      },
      "additional": {
        "logType": "detail",
        "children": [],
        "durationId": "3e2a2adc-5de5-4332-9c33-88d2c7c17c29"
      }
    },
    {
      "head": {
        "id": "d52eff99-a951-4689-892e-23680eeefd71",
        "name": "entry : buildPreviewerResource start {\n  rss: 269008896,\n  heapTotal: 138149888,\n  heapUsed: 116763048,\n  external: 1105185,\n  arrayBuffers: 170243\n}",
        "description": "",
        "type": "log"
      },
      "body": {
        "pid": 2095,
        "tid": "Main Thread",
        "startTime": 6564922014540333
      },
      "additional": {
        "logType": "debug",
        "children": []
      }
    },
    {
      "head": {
        "id": "59847a12-e34c-4544-a083-ce3738b438af",
        "name": "Executing task :entry:buildPreviewerResource",
        "description": "",
        "type": "log"
      },
      "body": {
        "pid": 2095,
        "tid": "Main Thread",
        "startTime": 6564922014574291
      },
      "additional": {
        "logType": "debug",
        "children": []
      }
    },
    {
      "head": {
        "id": "affd7172-1c13-4535-8ff5-8c69bbed5b3f",
        "name": "entry : buildPreviewerResource end {\n  rss: 269008896,\n  heapTotal: 138149888,\n  heapUsed: 116787512,\n  external: 1105185,\n  arrayBuffers: 170243\n}",
        "description": "",
        "type": "log"
      },
      "body": {
        "pid": 2095,
        "tid": "Main Thread",
        "startTime": 6564922014612875
      },
      "additional": {
        "logType": "debug",
        "children": []
      }
    },
    {
      "head": {
        "id": "88fabb24-baba-4a07-be03-e2526fb0f64a",
        "name": "runTaskFromQueue task cost before running: 93 ms ",
        "description": "",
        "type": "log"
      },
      "body": {
        "pid": 2095,
        "tid": "Main Thread",
        "startTime": 6564922014641750
      },
      "additional": {
        "logType": "debug",
        "children": []
      }
    },
    {
      "head": {
        "id": "8116344a-068f-47e5-897d-54701fb58aed",
        "name": "Finished :entry:buildPreviewerResource",
        "description": "Build the preview resources.",
        "type": "log"
      },
      "body": {
        "pid": 2095,
        "tid": "Main Thread",
        "startTime": 6564922014570333,
        "endTime": 6564922014660708
      },
      "additional": {
        "logType": "info",
        "children": [],
        "durationId": "3e2a2adc-5de5-4332-9c33-88d2c7c17c29"
      }
    },
    {
      "head": {
        "id": "7da495b4-a233-4dad-95f3-5ec5cf93d6e4",
        "name": "entry:default@PreviewUpdateAssets",
        "description": "Update main_pages.json and module.json before PreviewBuild.",
        "type": "duration"
      },
      "body": {
        "pid": 2095,
        "tid": "Main Thread",
        "startTime": 6564922015265458,
        "endTime": 6564922015815458
      },
      "additional": {
        "children": [],
        "state": "success",
        "targetName": "default",
        "moduleName": "entry",
        "category": "Config",
        "taskRunReasons": [],
        "detailId": "a49a411a-87f5-49e1-9738-ab617dda1b2a",
        "logId": "1541f25e-d559-4e85-9570-7c71bb076ac7"
      },
      "log": {
        "_logger": {
          "category": "DurationEvent",
          "context": {},
          "callStackSkipIndex": 0
        },
        "_filelogger": {
          "category": "debug-file",
          "context": {},
          "callStackSkipIndex": 0
        }
      }
    },
    {
      "head": {
        "id": "a49a411a-87f5-49e1-9738-ab617dda1b2a",
        "name": "create entry:default@PreviewUpdateAssets task",
        "description": "",
        "type": "log"
      },
      "body": {
        "pid": 2095,
        "tid": "Main Thread",
        "startTime": 6564922015012291
      },
      "additional": {
        "logType": "detail",
        "children": [],
        "durationId": "7da495b4-a233-4dad-95f3-5ec5cf93d6e4"
      }
    },
    {
      "head": {
        "id": "cce5f4cb-4690-4fca-b044-ae0ce1ddc49a",
        "name": "entry : default@PreviewUpdateAssets start {\n  rss: 269074432,\n  heapTotal: 138412032,\n  heapUsed: 117277272,\n  external: 1105185,\n  arrayBuffers: 170243\n}",
        "description": "",
        "type": "log"
      },
      "body": {
        "pid": 2095,
        "tid": "Main Thread",
        "startTime": 6564922015234083
      },
      "additional": {
        "logType": "debug",
        "children": []
      }
    },
    {
      "head": {
        "id": "d9965427-3577-4c7e-bc2b-575490d65be0",
        "name": "Executing task :entry:default@PreviewUpdateAssets",
        "description": "",
        "type": "log"
      },
      "body": {
        "pid": 2095,
        "tid": "Main Thread",
        "startTime": 6564922015269416
      },
      "additional": {
        "logType": "debug",
        "children": []
      }
    },
    {
      "head": {
        "id": "1975f8af-91b5-4853-937d-912bda0cf54c",
        "name": "Incremental task entry:default@PreviewUpdateAssets pre-execution cost: 1 ms .",
        "description": "",
        "type": "log"
      },
      "body": {
        "pid": 2095,
        "tid": "Main Thread",
        "startTime": 6564922015749833
      },
      "additional": {
        "logType": "debug",
        "children": []
      }
    },
    {
      "head": {
        "id": "3022d66d-c3db-465f-a9f0-bb0fa5f24574",
        "name": "entry : default@PreviewUpdateAssets end {\n  rss: 269074432,\n  heapTotal: 138412032,\n  heapUsed: 117376952,\n  external: 1113377,\n  arrayBuffers: 178435\n}",
        "description": "",
        "type": "log"
      },
      "body": {
        "pid": 2095,
        "tid": "Main Thread",
        "startTime": 6564922015788291
      },
      "additional": {
        "logType": "debug",
        "children": []
      }
    },
    {
      "head": {
        "id": "1541f25e-d559-4e85-9570-7c71bb076ac7",
        "name": "UP-TO-DATE :entry:default@PreviewUpdateAssets",
        "description": "Update main_pages.json and module.json before PreviewBuild.",
        "type": "log"
      },
      "body": {
        "pid": 2095,
        "tid": "Main Thread",
        "startTime": 6564922015265458,
        "endTime": 6564922015815458
      },
      "additional": {
        "logType": "info",
        "children": [],
        "durationId": "7da495b4-a233-4dad-95f3-5ec5cf93d6e4"
      }
    },
    {
      "head": {
        "id": "a8a34df6-710f-4c75-b766-7108cb304b34",
        "name": "entry:default@PreviewArkTS",
        "description": "Compile ArkTS components on preview in the stage model.",
        "type": "duration"
      },
      "body": {
        "pid": 2095,
        "tid": "Main Thread",
        "startTime": 6564922017385500,
        "endTime": 6564926902714291
      },
      "additional": {
        "children": [
          "790f7cdc-fd9f-41f1-b552-44c5e22e1718"
        ],
        "state": "success",
        "targetName": "default",
        "moduleName": "entry",
        "category": "Generate",
        "taskRunReasons": [
          "The input file '/Users/jepson/Desktop/Harmony/projects/Part3Demo/entry/src/main/ets' has been changed."
        ],
        "detailId": "20407bce-a0ff-42ee-9847-430508c553a3",
        "logId": "adbac89b-fc0d-4520-be7f-dd63215b60d8"
      },
      "log": {
        "_logger": {
          "category": "DurationEvent",
          "context": {},
          "callStackSkipIndex": 0
        },
        "_filelogger": {
          "category": "debug-file",
          "context": {},
          "callStackSkipIndex": 0
        }
      }
    },
    {
      "head": {
        "id": "20407bce-a0ff-42ee-9847-430508c553a3",
        "name": "create entry:default@PreviewArkTS task",
        "description": "",
        "type": "log"
      },
      "body": {
        "pid": 2095,
        "tid": "Main Thread",
        "startTime": 6564922016198416
      },
      "additional": {
        "logType": "detail",
        "children": [],
        "durationId": "a8a34df6-710f-4c75-b766-7108cb304b34"
      }
    },
    {
      "head": {
        "id": "8c2f9a24-9083-4eac-a998-4c32a48bbf7a",
        "name": "entry : default@PreviewArkTS start {\n  rss: 269090816,\n  heapTotal: 138412032,\n  heapUsed: 117772880,\n  external: 1129761,\n  arrayBuffers: 194819\n}",
        "description": "",
        "type": "log"
      },
      "body": {
        "pid": 2095,
        "tid": "Main Thread",
        "startTime": 6564922017352416
      },
      "additional": {
        "logType": "debug",
        "children": []
      }
    },
    {
      "head": {
        "id": "e9e72f27-cfcf-4a66-a262-98ea0c8c0001",
        "name": "Executing task :entry:default@PreviewArkTS",
        "description": "",
        "type": "log"
      },
      "body": {
        "pid": 2095,
        "tid": "Main Thread",
        "startTime": 6564922017389666
      },
      "additional": {
        "logType": "debug",
        "children": []
      }
    },
    {
      "head": {
        "id": "ca1f8ca2-d489-405b-8fe5-8072b51f28a6",
        "name": "Obfuscation config only effect in release mode.",
        "description": "",
        "type": "log"
      },
      "body": {
        "pid": 2095,
        "tid": "Main Thread",
        "startTime": 6564922018224458
      },
      "additional": {
        "logType": "debug",
        "children": []
      }
    },
    {
      "head": {
        "id": "fc55e49d-cab7-451c-9015-925b588330b3",
        "name": "entry:default@PreviewArkTS is not up-to-date, since the input file '/Users/jepson/Desktop/Harmony/projects/Part3Demo/entry/src/main/ets' has been changed.",
        "description": "",
        "type": "log"
      },
      "body": {
        "pid": 2095,
        "tid": "Main Thread",
        "startTime": 6564922020286250
      },
      "additional": {
        "logType": "debug",
        "children": []
      }
    },
    {
      "head": {
        "id": "5bc7f55a-630a-4637-b968-266a5d8878b4",
        "name": "Incremental task entry:default@PreviewArkTS pre-execution cost: 3 ms .",
        "description": "",
        "type": "log"
      },
      "body": {
        "pid": 2095,
        "tid": "Main Thread",
        "startTime": 6564922020394708
      },
      "additional": {
        "logType": "debug",
        "children": []
      }
    },
    {
      "head": {
        "id": "790f7cdc-fd9f-41f1-b552-44c5e22e1718",
        "name": "entry:default@PreviewArkTS",
        "description": "Compile ArkTS components on preview in the stage model.",
        "type": "duration"
      },
      "body": {
        "pid": 2095,
        "tid": "Worker1",
        "startTime": 6564922023071750,
        "endTime": 6564926902197916
      },
      "additional": {
        "children": [
          "89e854f2-5aa0-44fe-bc01-5f348625f322",
          "e9ee63bd-0761-4944-968b-cca296912a33",
          "2c8248ae-4196-4c60-b3c8-488aeba21a80"
        ],
        "state": "success",
        "targetName": "default",
        "moduleName": "entry",
        "category": "",
        "taskRunReasons": [],
        "parent": "a8a34df6-710f-4c75-b766-7108cb304b34",
        "logId": "eb5a682c-a508-49de-ab8e-d913d55f74dd"
      },
      "log": {
        "_logger": {
          "category": "DurationEvent",
          "context": {},
          "callStackSkipIndex": 0
        },
        "_filelogger": {
          "category": "debug-file",
          "context": {},
          "callStackSkipIndex": 0
        }
      }
    },
    {
      "head": {
        "id": "ec374dc8-0da2-4c32-aa4b-53a2d9fb1e35",
        "name": "entry : default@PreviewArkTS end {\n  rss: 269991936,\n  heapTotal: 138412032,\n  heapUsed: 118464424,\n  external: 1146145,\n  arrayBuffers: 211203\n}",
        "description": "",
        "type": "log"
      },
      "body": {
        "pid": 2095,
        "tid": "Main Thread",
        "startTime": 6564922023179916
      },
      "additional": {
        "logType": "debug",
        "children": []
      }
    },
    {
      "head": {
        "id": "d2e94db4-6328-4d53-b3f0-80b2b995a554",
        "name": "watch worker: send response to session manager. Response type: WatchStart",
        "description": "",
        "type": "log"
      },
      "body": {
        "pid": 2095,
        "tid": "Main Thread",
        "startTime": 6564922923425916
      },
      "additional": {
        "logType": "debug",
        "children": []
      }
    },
    {
      "head": {
        "id": "427b2eae-1eae-4d25-aaef-203d9fe02706",
        "name": "watch worker: send response to session manager. Response type: WatchResult",
        "description": "",
        "type": "log"
      },
      "body": {
        "pid": 2095,
        "tid": "Main Thread",
        "startTime": 6564926901664708
      },
      "additional": {
        "logType": "debug",
        "children": []
      }
    },
    {
      "head": {
        "id": "c124ce61-2fab-449e-a9e3-bb9c58d7288c",
        "name": "watch worker: send response to session manager. Response type: WatchResult",
        "description": "",
        "type": "log"
      },
      "body": {
        "pid": 2095,
        "tid": "Main Thread",
        "startTime": 6564926901800208
      },
      "additional": {
        "logType": "debug",
        "children": []
      }
    },
    {
      "head": {
        "id": "eb5a682c-a508-49de-ab8e-d913d55f74dd",
        "name": "entry:default@PreviewArkTS",
        "description": "",
        "type": "log"
      },
      "body": {
        "pid": 2095,
        "tid": "Worker1",
        "startTime": 6564922023071750,
        "endTime": 6564926902197916
      },
      "additional": {
        "logType": "info",
        "children": [
          "4455363d-7d66-407e-91b7-23cb294dc662",
          "1cb2857d-045c-4b8e-ad0f-4bb9c44ef194",
          "df7f54be-a3e2-4292-aab5-084e8ef2fc69"
        ],
        "durationId": "790f7cdc-fd9f-41f1-b552-44c5e22e1718",
        "parent": "adbac89b-fc0d-4520-be7f-dd63215b60d8"
      }
    },
    {
      "head": {
        "id": "2c8248ae-4196-4c60-b3c8-488aeba21a80",
        "name": "compile ArkTS with rollup",
        "description": "",
        "type": "duration"
      },
      "body": {
        "pid": 2095,
        "tid": "Worker1",
        "startTime": 6564922915055000,
        "endTime": 6564926901675083
      },
      "additional": {
        "children": [],
        "state": "success",
        "totalTime": 0,
        "frequency": 0,
        "fromHook": false,
        "parent": "790f7cdc-fd9f-41f1-b552-44c5e22e1718",
        "logId": "df7f54be-a3e2-4292-aab5-084e8ef2fc69"
      },
      "log": {
        "_logger": {
          "category": "DurationEvent",
          "context": {},
          "callStackSkipIndex": 0
        },
        "_filelogger": {
          "category": "debug-file",
          "context": {},
          "callStackSkipIndex": 0
        }
      }
    },
    {
      "head": {
        "id": "4455363d-7d66-407e-91b7-23cb294dc662",
        "name": "generate configuration information",
        "description": "",
        "type": "log"
      },
      "body": {
        "pid": 2095,
        "tid": "Main Thread",
        "startTime": 6564922475204916,
        "endTime": 6564922910062375
      },
      "additional": {
        "logType": "info",
        "children": [],
        "durationId": "89e854f2-5aa0-44fe-bc01-5f348625f322",
        "parent": "eb5a682c-a508-49de-ab8e-d913d55f74dd"
      }
    },
    {
      "head": {
        "id": "89e854f2-5aa0-44fe-bc01-5f348625f322",
        "name": "generate configuration information",
        "description": "",
        "type": "duration"
      },
      "body": {
        "pid": 2095,
        "tid": "Worker1",
        "startTime": 6564922475204916,
        "endTime": 6564922910062375
      },
      "additional": {
        "children": [],
        "state": "success",
        "totalTime": 0,
        "frequency": 0,
        "fromHook": false,
        "parent": "790f7cdc-fd9f-41f1-b552-44c5e22e1718",
        "logId": "4455363d-7d66-407e-91b7-23cb294dc662"
      },
      "log": {
        "_logger": {
          "category": "DurationEvent",
          "context": {},
          "callStackSkipIndex": 0
        },
        "_filelogger": {
          "category": "debug-file",
          "context": {},
          "callStackSkipIndex": 0
        }
      }
    },
    {
      "head": {
        "id": "1cb2857d-045c-4b8e-ad0f-4bb9c44ef194",
        "name": "read build package cache",
        "description": "",
        "type": "log"
      },
      "body": {
        "pid": 2095,
        "tid": "Main Thread",
        "startTime": 6564922910146541,
        "endTime": 6564922915012333
      },
      "additional": {
        "logType": "info",
        "children": [],
        "durationId": "e9ee63bd-0761-4944-968b-cca296912a33",
        "parent": "eb5a682c-a508-49de-ab8e-d913d55f74dd"
      }
    },
    {
      "head": {
        "id": "e9ee63bd-0761-4944-968b-cca296912a33",
        "name": "read build package cache",
        "description": "",
        "type": "duration"
      },
      "body": {
        "pid": 2095,
        "tid": "Worker1",
        "startTime": 6564922910146541,
        "endTime": 6564922915012333
      },
      "additional": {
        "children": [],
        "state": "success",
        "totalTime": 0,
        "frequency": 0,
        "fromHook": false,
        "parent": "790f7cdc-fd9f-41f1-b552-44c5e22e1718",
        "logId": "1cb2857d-045c-4b8e-ad0f-4bb9c44ef194"
      },
      "log": {
        "_logger": {
          "category": "DurationEvent",
          "context": {},
          "callStackSkipIndex": 0
        },
        "_filelogger": {
          "category": "debug-file",
          "context": {},
          "callStackSkipIndex": 0
        }
      }
    },
    {
      "head": {
        "id": "df7f54be-a3e2-4292-aab5-084e8ef2fc69",
        "name": "compile ArkTS with rollup",
        "description": "",
        "type": "log"
      },
      "body": {
        "pid": 2095,
        "tid": "Main Thread",
        "startTime": 6564922915055000,
        "endTime": 6564926901675083
      },
      "additional": {
        "logType": "info",
        "children": [],
        "durationId": "2c8248ae-4196-4c60-b3c8-488aeba21a80",
        "parent": "eb5a682c-a508-49de-ab8e-d913d55f74dd"
      }
    },
    {
      "head": {
        "id": "2c8248ae-4196-4c60-b3c8-488aeba21a80",
        "name": "compile ArkTS with rollup",
        "description": "",
        "type": "duration"
      },
      "body": {
        "pid": 2095,
        "tid": "Worker1",
        "startTime": 6564922915055000,
        "endTime": 6564926901675083
      },
      "additional": {
        "children": [],
        "state": "success",
        "totalTime": 0,
        "frequency": 0,
        "fromHook": false,
        "parent": "790f7cdc-fd9f-41f1-b552-44c5e22e1718",
        "logId": "df7f54be-a3e2-4292-aab5-084e8ef2fc69"
      },
      "log": {
        "_logger": {
          "category": "DurationEvent",
          "context": {},
          "callStackSkipIndex": 0
        },
        "_filelogger": {
          "category": "debug-file",
          "context": {},
          "callStackSkipIndex": 0
        }
      }
    },
    {
      "head": {
        "id": "adbac89b-fc0d-4520-be7f-dd63215b60d8",
        "name": "Finished :entry:default@PreviewArkTS",
        "description": "Compile ArkTS components on preview in the stage model.",
        "type": "log"
      },
      "body": {
        "pid": 2095,
        "tid": "Main Thread",
        "startTime": 6564922017385500,
        "endTime": 6564926902714291
      },
      "additional": {
        "logType": "info",
        "children": [
          "eb5a682c-a508-49de-ab8e-d913d55f74dd"
        ],
        "durationId": "a8a34df6-710f-4c75-b766-7108cb304b34"
      }
    },
    {
      "head": {
        "id": "bd3b4a8b-3d3b-44d9-af6b-befb4d624d6e",
        "name": "entry:PreviewBuild",
        "description": "Build preview in the stage model.",
        "type": "duration"
      },
      "body": {
        "pid": 2095,
        "tid": "Main Thread",
        "startTime": 6564926903841625,
        "endTime": 6564926903941166
      },
      "additional": {
        "children": [],
        "state": "success",
        "targetName": "",
        "moduleName": "entry",
        "category": "Hook",
        "taskRunReasons": [],
        "detailId": "2820e89f-5b04-4825-8ab4-b90492753a19",
        "logId": "fa19a8ca-9459-4edc-9b44-372d6edfe1df"
      },
      "log": {
        "_logger": {
          "category": "DurationEvent",
          "context": {},
          "callStackSkipIndex": 0
        },
        "_filelogger": {
          "category": "debug-file",
          "context": {},
          "callStackSkipIndex": 0
        }
      }
    },
    {
      "head": {
        "id": "2820e89f-5b04-4825-8ab4-b90492753a19",
        "name": "create entry:PreviewBuild task",
        "description": "",
        "type": "log"
      },
      "body": {
        "pid": 2095,
        "tid": "Main Thread",
        "startTime": 6564926903763750
      },
      "additional": {
        "logType": "detail",
        "children": [],
        "durationId": "bd3b4a8b-3d3b-44d9-af6b-befb4d624d6e"
      }
    },
    {
      "head": {
        "id": "a28b1a8a-fbd0-4e5a-98d1-4786beee9d4d",
        "name": "entry : PreviewBuild start {\n  rss: 840712192,\n  heapTotal: 145227776,\n  heapUsed: 121149240,\n  external: 1146145,\n  arrayBuffers: 88323\n}",
        "description": "",
        "type": "log"
      },
      "body": {
        "pid": 2095,
        "tid": "Main Thread",
        "startTime": 6564926903806708
      },
      "additional": {
        "logType": "debug",
        "children": []
      }
    },
    {
      "head": {
        "id": "d623397e-95bc-4fbc-8a07-cbc5e0ce9ae4",
        "name": "Executing task :entry:PreviewBuild",
        "description": "",
        "type": "log"
      },
      "body": {
        "pid": 2095,
        "tid": "Main Thread",
        "startTime": 6564926903847875
      },
      "additional": {
        "logType": "debug",
        "children": []
      }
    },
    {
      "head": {
        "id": "6b352e84-dfeb-4881-bc63-cd0ffe77b30b",
        "name": "entry : PreviewBuild end {\n  rss: 840712192,\n  heapTotal: 145227776,\n  heapUsed: 121173808,\n  external: 1146145,\n  arrayBuffers: 88323\n}",
        "description": "",
        "type": "log"
      },
      "body": {
        "pid": 2095,
        "tid": "Main Thread",
        "startTime": 6564926903885250
      },
      "additional": {
        "logType": "debug",
        "children": []
      }
    },
    {
      "head": {
        "id": "0621a249-a1c6-42e7-9064-286829fbc8c4",
        "name": "runTaskFromQueue task cost before running: 4 s 982 ms ",
        "description": "",
        "type": "log"
      },
      "body": {
        "pid": 2095,
        "tid": "Main Thread",
        "startTime": 6564926903920708
      },
      "additional": {
        "logType": "debug",
        "children": []
      }
    },
    {
      "head": {
        "id": "fa19a8ca-9459-4edc-9b44-372d6edfe1df",
        "name": "Finished :entry:PreviewBuild",
        "description": "Build preview in the stage model.",
        "type": "log"
      },
      "body": {
        "pid": 2095,
        "tid": "Main Thread",
        "startTime": 6564926903841625,
        "endTime": 6564926903941166
      },
      "additional": {
        "logType": "info",
        "children": [],
        "durationId": "bd3b4a8b-3d3b-44d9-af6b-befb4d624d6e"
      }
    },
    {
      "head": {
        "id": "66ef1bb4-f0cd-4056-bd69-ab266496deab",
        "name": "BUILD SUCCESSFUL in 4 s 983 ms ",
        "description": "",
        "type": "log"
      },
      "body": {
        "pid": 2095,
        "tid": "Main Thread",
        "startTime": 6564926904009750
      },
      "additional": {
        "logType": "info",
        "children": []
      }
    },
    {
      "head": {
        "id": "08db1ff6-43cc-43bd-9a17-f3f239d04e7c",
        "name": "PreviewBuild",
        "description": "",
        "type": "mark"
      },
      "body": {
        "pid": 2095,
        "tid": "Main Thread",
        "startTime": 6564921921944708,
        "endTime": 6564926904059375
      },
      "additional": {
        "time": {
          "year": 2024,
          "month": 4,
          "day": 20,
          "hour": 10,
          "minute": 50
        },
        "completeCommand": "{\"mode\":\"module\",\"completeCommand\":\"--mode module -p module=entry@default -p product=default -p pageType=page -p compileResInc=true -p previewMode=true -p buildRoot=.preview PreviewBuild --watch --analyze --parallel --incremental --daemon\",\"watch\":true,\"parallel\":true,\"prop\":[\"module=entry@default\",\"product=default\",\"pageType=page\",\"compileResInc=true\",\"previewMode=true\",\"buildRoot=.preview\"],\"analyze\":true,\"incremental\":true,\"_\":[\"PreviewBuild\"],\"daemon\":true};--mode module -p module=entry@default -p product=default -p pageType=page -p compileResInc=true -p previewMode=true -p buildRoot=.preview PreviewBuild --watch --analyze --parallel --incremental --daemon",
        "hvigorVersion": "4.0.2",
        "markType": "history",
        "category": "build",
        "state": "success"
      }
    },
    {
      "head": {
        "id": "63f2919f-4418-4d3a-a8c7-070834f58f42",
        "name": "There is no need to refresh cache, since the incremental task entry:default@PreBuild is up-to-date.",
        "description": "",
        "type": "log"
      },
      "body": {
        "pid": 2095,
        "tid": "Main Thread",
        "startTime": 6564926904103791
      },
      "additional": {
        "logType": "debug",
        "children": []
      }
    },
    {
      "head": {
        "id": "f1799f4d-3c1f-4e5d-8f33-75f48ca8e7b0",
        "name": "There is no need to refresh cache, since the incremental task entry:default@CreateBuildProfile is up-to-date.",
        "description": "",
        "type": "log"
      },
      "body": {
        "pid": 2095,
        "tid": "Main Thread",
        "startTime": 6564926904126708
      },
      "additional": {
        "logType": "debug",
        "children": []
      }
    },
    {
      "head": {
        "id": "ed132086-161d-479d-a0fa-d1028176d1a1",
        "name": "There is no need to refresh cache, since the incremental task entry:default@GenerateLoaderJson is up-to-date.",
        "description": "",
        "type": "log"
      },
      "body": {
        "pid": 2095,
        "tid": "Main Thread",
        "startTime": 6564926904145833
      },
      "additional": {
        "logType": "debug",
        "children": []
      }
    },
    {
      "head": {
        "id": "43e21682-b5e9-4017-b1ae-7d3e51ea0f66",
        "name": "There is no need to refresh cache, since the incremental task entry:default@MergeProfile is up-to-date.",
        "description": "",
        "type": "log"
      },
      "body": {
        "pid": 2095,
        "tid": "Main Thread",
        "startTime": 6564926904163958
      },
      "additional": {
        "logType": "debug",
        "children": []
      }
    },
    {
      "head": {
        "id": "cc7f41c8-3b54-4603-baa9-0865074c58fe",
        "name": "There is no need to refresh cache, since the incremental task entry:default@ProcessProfile is up-to-date.",
        "description": "",
        "type": "log"
      },
      "body": {
        "pid": 2095,
        "tid": "Main Thread",
        "startTime": 6564926904182833
      },
      "additional": {
        "logType": "debug",
        "children": []
      }
    },
    {
      "head": {
        "id": "adfc8258-7416-4814-94fb-1e61aa15231e",
        "name": "There is no need to refresh cache, since the incremental task entry:default@PreviewCompileResource is up-to-date.",
        "description": "",
        "type": "log"
      },
      "body": {
        "pid": 2095,
        "tid": "Main Thread",
        "startTime": 6564926904201375
      },
      "additional": {
        "logType": "debug",
        "children": []
      }
    },
    {
      "head": {
        "id": "16355c7c-fad4-47ac-9dc3-2f521ab6a3ef",
        "name": "There is no need to refresh cache, since the incremental task entry:default@CopyPreviewProfile is up-to-date.",
        "description": "",
        "type": "log"
      },
      "body": {
        "pid": 2095,
        "tid": "Main Thread",
        "startTime": 6564926904220708
      },
      "additional": {
        "logType": "debug",
        "children": []
      }
    },
    {
      "head": {
        "id": "d5c5b989-681a-495f-889e-eb16784806f8",
        "name": "There is no need to refresh cache, since the incremental task entry:default@PreviewUpdateAssets is up-to-date.",
        "description": "",
        "type": "log"
      },
      "body": {
        "pid": 2095,
        "tid": "Main Thread",
        "startTime": 6564926904239000
      },
      "additional": {
        "logType": "debug",
        "children": []
      }
    },
    {
      "head": {
        "id": "147e97b6-fa71-4de7-9677-ede66743b7fa",
        "name": "Update task entry:default@PreviewArkTS input file:/Users/jepson/Desktop/Harmony/projects/Part3Demo/entry/.preview/default/intermediates/loader/default cache by regenerate.",
        "description": "",
        "type": "log"
      },
      "body": {
        "pid": 2095,
        "tid": "Main Thread",
        "startTime": 6564926904796041
      },
      "additional": {
        "logType": "debug",
        "children": []
      }
    },
    {
      "head": {
        "id": "076d3fc0-7a23-4c2c-920e-1b30fffae57d",
        "name": "Update task entry:default@PreviewArkTS input file:/Users/jepson/Desktop/Harmony/projects/Part3Demo/entry/.preview/default/intermediates/res/default/ResourceTable.txt cache by regenerate.",
        "description": "",
        "type": "log"
      },
      "body": {
        "pid": 2095,
        "tid": "Main Thread",
        "startTime": 6564926904941708
      },
      "additional": {
        "logType": "debug",
        "children": []
      }
    },
    {
      "head": {
        "id": "5638b565-9ff6-49a7-9d97-00e3dec5e711",
        "name": "Update task entry:default@PreviewArkTS input file:/Users/jepson/Desktop/Harmony/projects/Part3Demo/entry/.preview/default/intermediates/res/default/module.json cache by regenerate.",
        "description": "",
        "type": "log"
      },
      "body": {
        "pid": 2095,
        "tid": "Main Thread",
        "startTime": 6564926904986583
      },
      "additional": {
        "logType": "debug",
        "children": []
      }
    },
    {
      "head": {
        "id": "d39ddb11-0c2e-49d3-9001-90e8165b9b26",
        "name": "Update task entry:default@PreviewArkTS input file:/Users/jepson/Desktop/Harmony/projects/Part3Demo/entry/.preview/default/intermediates/res/default/resources/base/profile cache by regenerate.",
        "description": "",
        "type": "log"
      },
      "body": {
        "pid": 2095,
        "tid": "Main Thread",
        "startTime": 6564926905027333
      },
      "additional": {
        "logType": "debug",
        "children": []
      }
    },
    {
      "head": {
        "id": "6c728f6e-048a-44f3-b162-41de733a6079",
        "name": "Update task entry:default@PreviewArkTS input file:/Users/jepson/Desktop/Harmony/projects/Part3Demo/entry/src/main/ets cache from map.",
        "description": "",
        "type": "log"
      },
      "body": {
        "pid": 2095,
        "tid": "Main Thread",
        "startTime": 6564926905109083
      },
      "additional": {
        "logType": "debug",
        "children": []
      }
    },
    {
      "head": {
        "id": "51000b33-129e-4e7d-918e-83df4257de6f",
        "name": "Update task entry:default@PreviewArkTS input file:/Users/jepson/Desktop/Harmony/projects/Part3Demo/entry/.preview/default/generated/profile/default/BuildProfile.ets cache by regenerate.",
        "description": "",
        "type": "log"
      },
      "body": {
        "pid": 2095,
        "tid": "Main Thread",
        "startTime": 6564926905160125
      },
      "additional": {
        "logType": "debug",
        "children": []
      }
    },
    {
      "head": {
        "id": "8db1f366-57f3-4967-ab25-7841e19791c5",
        "name": "Update task entry:default@PreviewArkTS output file:/Users/jepson/Desktop/Harmony/projects/Part3Demo/entry/.preview/default/intermediates/loader_out/default/ets cache.",
        "description": "",
        "type": "log"
      },
      "body": {
        "pid": 2095,
        "tid": "Main Thread",
        "startTime": 6564926905326458
      },
      "additional": {
        "logType": "debug",
        "children": []
      }
    },
    {
      "head": {
        "id": "ffad3315-4d11-4adb-b218-2ad88f01b858",
        "name": "Incremental task entry:default@PreviewArkTS post-execution cost:2 ms .",
        "description": "",
        "type": "log"
      },
      "body": {
        "pid": 2095,
        "tid": "Main Thread",
        "startTime": 6564926905562375
      },
      "additional": {
        "logType": "debug",
        "children": []
      }
    }
  ],
  "workLog": []
}