{"/Users/jepson/Desktop/Harmony/projects/Part3Demo/AppScope/app.json5":{"hashValue":"7f3ab6eec8f3faac01930a5bbdc79fa8","name":"app.json5","path":"/Users/jepson/Desktop/Harmony/projects/Part3Demo/AppScope/app.json5","type":"file","isSymbolicLink":false,"fileMetaData":{"size":206,"lastModifiedTime":1712979788896}},"/Users/jepson/Desktop/Harmony/projects/Part3Demo/entry/src/main/module.json5":{"hashValue":"01d49757070c79a8644f5db9bfd10411","name":"module.json5","path":"/Users/jepson/Desktop/Harmony/projects/Part3Demo/entry/src/main/module.json5","type":"file","isSymbolicLink":false,"fileMetaData":{"size":918,"lastModifiedTime":1712979788897}},"/Users/jepson/Desktop/Harmony/projects/Part3Demo/build-profile.json5":{"hashValue":"a271449e363554d60e639001469043df","name":"build-profile.json5","path":"/Users/jepson/Desktop/Harmony/projects/Part3Demo/build-profile.json5","type":"file","isSymbolicLink":false,"fileMetaData":{"size":605,"lastModifiedTime":1712979788902}},"/Users/jepson/Desktop/Harmony/projects/Part3Demo/entry/build-profile.json5":{"hashValue":"ed743e2c7b594d18b30788c2e9f411ae","name":"build-profile.json5","path":"/Users/jepson/Desktop/Harmony/projects/Part3Demo/entry/build-profile.json5","type":"file","isSymbolicLink":false,"fileMetaData":{"size":421,"lastModifiedTime":1712979788900}},"/Users/jepson/Desktop/Harmony/projects/Part3Demo/entry/src/main/resources/base/profile/main_pages.json":{"hashValue":"a44bf21aca2d3f7b787bc288dc80e358","name":"main_pages.json","path":"/Users/jepson/Desktop/Harmony/projects/Part3Demo/entry/src/main/resources/base/profile/main_pages.json","type":"file","isSymbolicLink":false,"fileMetaData":{"size":37,"lastModifiedTime":1712979786610}},"/Users/jepson/Desktop/Harmony/projects/Part3Demo/entry/oh-package.json5":{"hashValue":"26eeb0f9c8ca6478a25092e5509bdb2f","name":"oh-package.json5","path":"/Users/jepson/Desktop/Harmony/projects/Part3Demo/entry/oh-package.json5","type":"file","isSymbolicLink":false,"fileMetaData":{"size":173,"lastModifiedTime":1712979786521}},"/Users/jepson/Desktop/Harmony/projects/Part3Demo/entry/.preview/default/generated/profile/default/BuildProfile.ets":{"hashValue":"a6bd4273c896fd4f450e1ea87e271fc9","name":"BuildProfile.ets","path":"/Users/jepson/Desktop/Harmony/projects/Part3Demo/entry/.preview/default/generated/profile/default/BuildProfile.ets","type":"file","isSymbolicLink":false,"fileMetaData":{"size":374,"lastModifiedTime":1714983579870}},"/Users/jepson/Desktop/Harmony/projects/Part3Demo/entry/src/mock/mock-config.json5":{"hashValue":"f236a47d07e17034ac3409096cbf7823","name":"mock-config.json5","path":"/Users/jepson/Desktop/Harmony/projects/Part3Demo/entry/src/mock/mock-config.json5","type":"file","isSymbolicLink":false,"fileMetaData":{"size":3,"lastModifiedTime":1712979786590}},"/Users/jepson/Desktop/Harmony/projects/Part3Demo/entry/.preview/default/intermediates/loader/default/loader.json":{"hashValue":"c775dd0b8dcad4cb320fedc6c62c67f5","name":"loader.json","path":"/Users/jepson/Desktop/Harmony/projects/Part3Demo/entry/.preview/default/intermediates/loader/default/loader.json","type":"file","isSymbolicLink":false,"fileMetaData":{"size":586,"lastModifiedTime":1712980278936}},"/Users/jepson/Desktop/Harmony/projects/Part3Demo/entry/.preview/default/intermediates/merge_profile/default/module.json":{"hashValue":"7ef54f1336bf9aef662494098ed9c7d1","name":"module.json","path":"/Users/jepson/Desktop/Harmony/projects/Part3Demo/entry/.preview/default/intermediates/merge_profile/default/module.json","type":"file","isSymbolicLink":false,"fileMetaData":{"size":1181,"lastModifiedTime":1714983579873}},"/Users/jepson/Desktop/Harmony/projects/Part3Demo/entry/.preview/default/intermediates/process_profile/default/module.json":{"hashValue":"89af819d074290b63f15b8e414c08c71","name":"module.json","path":"/Users/jepson/Desktop/Harmony/projects/Part3Demo/entry/.preview/default/intermediates/process_profile/default/module.json","type":"file","isSymbolicLink":false,"fileMetaData":{"size":1267,"lastModifiedTime":1714983579946}},"/Users/jepson/Desktop/Harmony/projects/Part3Demo/entry/src/main/resources":{"hashValue":"4afb20d842e95d5518bc3a48860cd149","name":"resources","path":"/Users/jepson/Desktop/Harmony/projects/Part3Demo/entry/src/main/resources","type":"directory","isSymbolicLink":false,"children":[{"hashValue":"d6ecc7f0b66eec6964f1847a4f5a84b5","name":".DS_Store","path":"/Users/jepson/Desktop/Harmony/projects/Part3Demo/entry/src/main/resources/.DS_Store","type":"file","isSymbolicLink":false,"fileMetaData":{"size":6148,"lastModifiedTime":1714472578816}},{"hashValue":"fa6f1e8fc4005a33faf1c52ca60cc5d4","name":"base","path":"/Users/jepson/Desktop/Harmony/projects/Part3Demo/entry/src/main/resources/base","type":"directory","isSymbolicLink":false,"children":[{"hashValue":"a93eff9f7bfff5559dbe14655ffd8fdd","name":".DS_Store","path":"/Users/jepson/Desktop/Harmony/projects/Part3Demo/entry/src/main/resources/base/.DS_Store","type":"file","isSymbolicLink":false,"fileMetaData":{"size":10244,"lastModifiedTime":1713785913804}},{"hashValue":"85531154da505e2d090712dbc3dc3a40","name":"element","path":"/Users/jepson/Desktop/Harmony/projects/Part3Demo/entry/src/main/resources/base/element","type":"directory","isSymbolicLink":false,"children":[{"hashValue":"fe2f52c3b248af98f275539d55c23a9d","name":"color.json","path":"/Users/jepson/Desktop/Harmony/projects/Part3Demo/entry/src/main/resources/base/element/color.json","type":"file","isSymbolicLink":false,"fileMetaData":{"size":98,"lastModifiedTime":1712979786598}},{"hashValue":"d4f5c8e21e391d2e5116cc0e74349b74","name":"string.json","path":"/Users/jepson/Desktop/Harmony/projects/Part3Demo/entry/src/main/resources/base/element/string.json","type":"file","isSymbolicLink":false,"fileMetaData":{"size":247,"lastModifiedTime":1712979788910}}]},{"hashValue":"c86cc72f83cd00c4d6e20e36b0a7a2ac","name":"media","path":"/Users/jepson/Desktop/Harmony/projects/Part3Demo/entry/src/main/resources/base/media","type":"directory","isSymbolicLink":false,"children":[{"hashValue":"1d8cda880274333c087d6784e58f343e","name":"1.jpg","path":"/Users/jepson/Desktop/Harmony/projects/Part3Demo/entry/src/main/resources/base/media/1.jpg","type":"file","isSymbolicLink":false,"fileMetaData":{"size":1494191,"lastModifiedTime":1713061111171}},{"hashValue":"be9fec67b87dd52cf0d9a6853b01d220","name":"2.webp","path":"/Users/jepson/Desktop/Harmony/projects/Part3Demo/entry/src/main/resources/base/media/2.webp","type":"file","isSymbolicLink":false,"fileMetaData":{"size":18296,"lastModifiedTime":1713061111357}},{"hashValue":"f11ec7bef6f67d7325fdf1c781c145f2","name":"3.jpeg","path":"/Users/jepson/Desktop/Harmony/projects/Part3Demo/entry/src/main/resources/base/media/3.jpeg","type":"file","isSymbolicLink":false,"fileMetaData":{"size":89157,"lastModifiedTime":1713061111281}},{"hashValue":"3ac72538d6779a8869dddf757686d459","name":"4.webp","path":"/Users/jepson/Desktop/Harmony/projects/Part3Demo/entry/src/main/resources/base/media/4.webp","type":"file","isSymbolicLink":false,"fileMetaData":{"size":30674,"lastModifiedTime":1713061111436}},{"hashValue":"e2f438df7516842a33b875f4feae5d8a","name":"5.jpeg","path":"/Users/jepson/Desktop/Harmony/projects/Part3Demo/entry/src/main/resources/base/media/5.jpeg","type":"file","isSymbolicLink":false,"fileMetaData":{"size":91083,"lastModifiedTime":1713061304371}},{"hashValue":"85b467b79905294dccf0ec382bb9ce1c","name":"avatar.jpg","path":"/Users/jepson/Desktop/Harmony/projects/Part3Demo/entry/src/main/resources/base/media/avatar.jpg","type":"file","isSymbolicLink":false,"fileMetaData":{"size":21345,"lastModifiedTime":1706583831000}},{"hashValue":"a9a986d108088d2175b86bda039cbf90","name":"ic_jd_rocket.png","path":"/Users/jepson/Desktop/Harmony/projects/Part3Demo/entry/src/main/resources/base/media/ic_jd_rocket.png","type":"file","isSymbolicLink":false,"fileMetaData":{"size":2296,"lastModifiedTime":1712816322490}},{"hashValue":"220f627cc9d1b33ed6a10ae70a24dbca","name":"ic_jd_scroll_01.jpg","path":"/Users/jepson/Desktop/Harmony/projects/Part3Demo/entry/src/main/resources/base/media/ic_jd_scroll_01.jpg","type":"file","isSymbolicLink":false,"fileMetaData":{"size":540089,"lastModifiedTime":1712816326980}},{"hashValue":"b071dfa322b36205fae8296fb823f109","name":"ic_jd_scroll_02.jpg","path":"/Users/jepson/Desktop/Harmony/projects/Part3Demo/entry/src/main/resources/base/media/ic_jd_scroll_02.jpg","type":"file","isSymbolicLink":false,"fileMetaData":{"size":488520,"lastModifiedTime":1712816327038}},{"hashValue":"a571cd3922fc29cbf19f613a99789b58","name":"ic_jd_scroll_03.jpg","path":"/Users/jepson/Desktop/Harmony/projects/Part3Demo/entry/src/main/resources/base/media/ic_jd_scroll_03.jpg","type":"file","isSymbolicLink":false,"fileMetaData":{"size":312453,"lastModifiedTime":1712816326763}},{"hashValue":"db9000f0755ac6b2c959339bc469c3f9","name":"ic_jd_tab.jpg","path":"/Users/jepson/Desktop/Harmony/projects/Part3Demo/entry/src/main/resources/base/media/ic_jd_tab.jpg","type":"file","isSymbolicLink":false,"fileMetaData":{"size":30769,"lastModifiedTime":1712816323734}},{"hashValue":"4007fdb576d1437d0c6a6e939b7303fa","name":"ic_public_arrow_left.svg","path":"/Users/jepson/Desktop/Harmony/projects/Part3Demo/entry/src/main/resources/base/media/ic_public_arrow_left.svg","type":"file","isSymbolicLink":false,"fileMetaData":{"size":1482,"lastModifiedTime":1706239239000}},{"hashValue":"8f98c067d74ab2a72e43b79f7c927bfb","name":"ic_public_arrow_right.svg","path":"/Users/jepson/Desktop/Harmony/projects/Part3Demo/entry/src/main/resources/base/media/ic_public_arrow_right.svg","type":"file","isSymbolicLink":false,"fileMetaData":{"size":1497,"lastModifiedTime":1706535872000}},{"hashValue":"6f3bf2841e4322433b92c38a65052ab0","name":"ic_reuse_01.png","path":"/Users/jepson/Desktop/Harmony/projects/Part3Demo/entry/src/main/resources/base/media/ic_reuse_01.png","type":"file","isSymbolicLink":false,"fileMetaData":{"size":2055,"lastModifiedTime":1705377853000}},{"hashValue":"65c5849d6189f81b0277e35d9bba3947","name":"ic_reuse_02.png","path":"/Users/jepson/Desktop/Harmony/projects/Part3Demo/entry/src/main/resources/base/media/ic_reuse_02.png","type":"file","isSymbolicLink":false,"fileMetaData":{"size":6856,"lastModifiedTime":1705377853000}},{"hashValue":"0fe42e9fae50e69a789d374c0ca77f60","name":"ic_reuse_03.png","path":"/Users/jepson/Desktop/Harmony/projects/Part3Demo/entry/src/main/resources/base/media/ic_reuse_03.png","type":"file","isSymbolicLink":false,"fileMetaData":{"size":13100,"lastModifiedTime":1705377853000}},{"hashValue":"15665f1873d4b355b4ec6f69c7a60640","name":"ic_reuse_04.png","path":"/Users/jepson/Desktop/Harmony/projects/Part3Demo/entry/src/main/resources/base/media/ic_reuse_04.png","type":"file","isSymbolicLink":false,"fileMetaData":{"size":14791,"lastModifiedTime":1705377853000}},{"hashValue":"2e29806016633f0d501e8b3dc8114f99","name":"ic_swiper_xmyp01.jpeg","path":"/Users/jepson/Desktop/Harmony/projects/Part3Demo/entry/src/main/resources/base/media/ic_swiper_xmyp01.jpeg","type":"file","isSymbolicLink":false,"fileMetaData":{"size":28564,"lastModifiedTime":1712816166734}},{"hashValue":"4f0d08f8af6cc64a94da0098dd665c87","name":"ic_swiper_xmyp02.jpeg","path":"/Users/jepson/Desktop/Harmony/projects/Part3Demo/entry/src/main/resources/base/media/ic_swiper_xmyp02.jpeg","type":"file","isSymbolicLink":false,"fileMetaData":{"size":22817,"lastModifiedTime":1712816164175}},{"hashValue":"fbfbbacd084d880d5f2068dfc99d8a64","name":"ic_swiper_xmyp03.jpeg","path":"/Users/jepson/Desktop/Harmony/projects/Part3Demo/entry/src/main/resources/base/media/ic_swiper_xmyp03.jpeg","type":"file","isSymbolicLink":false,"fileMetaData":{"size":21391,"lastModifiedTime":1712816166774}},{"hashValue":"e29bcc6ad064214b12478f48160c35c0","name":"ic_swiper_xmyp04.jpeg","path":"/Users/jepson/Desktop/Harmony/projects/Part3Demo/entry/src/main/resources/base/media/ic_swiper_xmyp04.jpeg","type":"file","isSymbolicLink":false,"fileMetaData":{"size":30070,"lastModifiedTime":1712816164278}},{"hashValue":"a1bec27f7f26a47cd86fddc58e1a9662","name":"ic_tabbar_icon_0_selected.png","path":"/Users/jepson/Desktop/Harmony/projects/Part3Demo/entry/src/main/resources/base/media/ic_tabbar_icon_0_selected.png","type":"file","isSymbolicLink":false,"fileMetaData":{"size":4343,"lastModifiedTime":1712816325092}},{"hashValue":"c826f8d21452e606c253eb909a3bff90","name":"ic_tabbar_icon_0.png","path":"/Users/jepson/Desktop/Harmony/projects/Part3Demo/entry/src/main/resources/base/media/ic_tabbar_icon_0.png","type":"file","isSymbolicLink":false,"fileMetaData":{"size":4647,"lastModifiedTime":1712816325082}},{"hashValue":"5404edd67a85bff3160247b09e562249","name":"ic_tabbar_icon_1_selected.png","path":"/Users/jepson/Desktop/Harmony/projects/Part3Demo/entry/src/main/resources/base/media/ic_tabbar_icon_1_selected.png","type":"file","isSymbolicLink":false,"fileMetaData":{"size":3513,"lastModifiedTime":1712816319083}},{"hashValue":"66fe1f255c536827ab1336f013ea0705","name":"ic_tabbar_icon_1.png","path":"/Users/jepson/Desktop/Harmony/projects/Part3Demo/entry/src/main/resources/base/media/ic_tabbar_icon_1.png","type":"file","isSymbolicLink":false,"fileMetaData":{"size":3997,"lastModifiedTime":1712816323537}},{"hashValue":"c9fc1de9842c7c17095633d63312fa81","name":"ic_tabbar_icon_2_selected.png","path":"/Users/jepson/Desktop/Harmony/projects/Part3Demo/entry/src/main/resources/base/media/ic_tabbar_icon_2_selected.png","type":"file","isSymbolicLink":false,"fileMetaData":{"size":4170,"lastModifiedTime":1712816321445}},{"hashValue":"1942cc96196bc9d78040cd934e8c176e","name":"ic_tabbar_icon_2.png","path":"/Users/jepson/Desktop/Harmony/projects/Part3Demo/entry/src/main/resources/base/media/ic_tabbar_icon_2.png","type":"file","isSymbolicLink":false,"fileMetaData":{"size":4744,"lastModifiedTime":1712816320599}},{"hashValue":"d08847feebfb799b2902e4c870f18f27","name":"ic_tabbar_icon_3_selected.png","path":"/Users/jepson/Desktop/Harmony/projects/Part3Demo/entry/src/main/resources/base/media/ic_tabbar_icon_3_selected.png","type":"file","isSymbolicLink":false,"fileMetaData":{"size":4113,"lastModifiedTime":1712816322468}},{"hashValue":"807c424596da9838beee93de31df8cd9","name":"ic_tabbar_icon_3.png","path":"/Users/jepson/Desktop/Harmony/projects/Part3Demo/entry/src/main/resources/base/media/ic_tabbar_icon_3.png","type":"file","isSymbolicLink":false,"fileMetaData":{"size":4808,"lastModifiedTime":1712816323507}},{"hashValue":"a90b79d274ce0b746344b32321b8ff85","name":"ic_xiaomi_scroll_01.jpg","path":"/Users/jepson/Desktop/Harmony/projects/Part3Demo/entry/src/main/resources/base/media/ic_xiaomi_scroll_01.jpg","type":"file","isSymbolicLink":false,"fileMetaData":{"size":523564,"lastModifiedTime":1712816323520}},{"hashValue":"202928f7880c3bfe13c82a01bf317304","name":"ic_xiaomi_scroll_02.jpg","path":"/Users/jepson/Desktop/Harmony/projects/Part3Demo/entry/src/main/resources/base/media/ic_xiaomi_scroll_02.jpg","type":"file","isSymbolicLink":false,"fileMetaData":{"size":407467,"lastModifiedTime":1712816325556}},{"hashValue":"1fc51b5480a89526d7b768dbb4a9ed03","name":"ic_xiaomi_scroll_03.jpg","path":"/Users/jepson/Desktop/Harmony/projects/Part3Demo/entry/src/main/resources/base/media/ic_xiaomi_scroll_03.jpg","type":"file","isSymbolicLink":false,"fileMetaData":{"size":354362,"lastModifiedTime":1712816325566}},{"hashValue":"a8ada47f15d33df76d65229b78dc4e88","name":"icon.png","path":"/Users/jepson/Desktop/Harmony/projects/Part3Demo/entry/src/main/resources/base/media/icon.png","type":"file","isSymbolicLink":false,"fileMetaData":{"size":2041,"lastModifiedTime":1712816328144}},{"hashValue":"baca91a0536434f7b16f8735c685f1ac","name":"like.svg","path":"/Users/jepson/Desktop/Harmony/projects/Part3Demo/entry/src/main/resources/base/media/like.svg","type":"file","isSymbolicLink":false,"fileMetaData":{"size":572,"lastModifiedTime":1706582304000}},{"hashValue":"9e4e168808f1e6daa26361673fb4ffc5","name":"startIcon.png","path":"/Users/jepson/Desktop/Harmony/projects/Part3Demo/entry/src/main/resources/base/media/startIcon.png","type":"file","isSymbolicLink":false,"fileMetaData":{"size":4351,"lastModifiedTime":1712816327984}}]},{"hashValue":"dcbd8c5167b7cb4dce6569a15cbd3e9f","name":"profile","path":"/Users/jepson/Desktop/Harmony/projects/Part3Demo/entry/src/main/resources/base/profile","type":"directory","isSymbolicLink":false,"children":[{"hashValue":"a44bf21aca2d3f7b787bc288dc80e358","name":"main_pages.json","path":"/Users/jepson/Desktop/Harmony/projects/Part3Demo/entry/src/main/resources/base/profile/main_pages.json","type":"file","isSymbolicLink":false,"fileMetaData":{"size":37,"lastModifiedTime":1712979786610}}]}]},{"hashValue":"21d806696a62cec4332a0a4d48bc4b95","name":"en_US","path":"/Users/jepson/Desktop/Harmony/projects/Part3Demo/entry/src/main/resources/en_US","type":"directory","isSymbolicLink":false,"children":[{"hashValue":"e7b208bbb211e2641601ea35317f5886","name":"element","path":"/Users/jepson/Desktop/Harmony/projects/Part3Demo/entry/src/main/resources/en_US/element","type":"directory","isSymbolicLink":false,"children":[{"hashValue":"6d6a7040ebc9aeafb3de1fd17bf65bd9","name":"string.json","path":"/Users/jepson/Desktop/Harmony/projects/Part3Demo/entry/src/main/resources/en_US/element/string.json","type":"file","isSymbolicLink":false,"fileMetaData":{"size":247,"lastModifiedTime":1712979788906}}]}]},{"hashValue":"","name":"rawfile","path":"/Users/jepson/Desktop/Harmony/projects/Part3Demo/entry/src/main/resources/rawfile","type":"directory","isSymbolicLink":false,"children":[]},{"hashValue":"3c3e49c363e3f7732ab64581d587f2d9","name":"zh_CN","path":"/Users/jepson/Desktop/Harmony/projects/Part3Demo/entry/src/main/resources/zh_CN","type":"directory","isSymbolicLink":false,"children":[{"hashValue":"73fbdf79ceea321f4028727931181682","name":"element","path":"/Users/jepson/Desktop/Harmony/projects/Part3Demo/entry/src/main/resources/zh_CN/element","type":"directory","isSymbolicLink":false,"children":[{"hashValue":"800944c032d000b0219922c56cd77fc6","name":"string.json","path":"/Users/jepson/Desktop/Harmony/projects/Part3Demo/entry/src/main/resources/zh_CN/element/string.json","type":"file","isSymbolicLink":false,"fileMetaData":{"size":241,"lastModifiedTime":1712979788905}}]}]}]},"/Users/jepson/Desktop/Harmony/projects/Part3Demo/entry/.preview/default/intermediates/res/default":{"hashValue":"7e3aaa8a5ebd2b293f0afb47c67609b9","name":"default","path":"/Users/jepson/Desktop/Harmony/projects/Part3Demo/entry/.preview/default/intermediates/res/default","type":"directory","isSymbolicLink":false,"children":[{"hashValue":"849cd7f1c6693f8a9b86322ab0d7041e","name":"app_compiled","path":"/Users/jepson/Desktop/Harmony/projects/Part3Demo/entry/.preview/default/intermediates/res/default/app_compiled","type":"directory","isSymbolicLink":false,"children":[{"hashValue":"7102ee1a1e6b9b2894a027adf5dd3102","name":"1940843780307984246","path":"/Users/jepson/Desktop/Harmony/projects/Part3Demo/entry/.preview/default/intermediates/res/default/app_compiled/1940843780307984246","type":"file","isSymbolicLink":false,"fileMetaData":{"size":137,"lastModifiedTime":1715246192777}},{"hashValue":"db8f83da40f5406772c428fdae78fa1e","name":"5306653517523527176","path":"/Users/jepson/Desktop/Harmony/projects/Part3Demo/entry/.preview/default/intermediates/res/default/app_compiled/5306653517523527176","type":"file","isSymbolicLink":false,"fileMetaData":{"size":222,"lastModifiedTime":1715246192778}}]},{"hashValue":"074ce404fcf21f423351968d684bcb2a","name":"ids_map","path":"/Users/jepson/Desktop/Harmony/projects/Part3Demo/entry/.preview/default/intermediates/res/default/ids_map","type":"directory","isSymbolicLink":false,"children":[{"hashValue":"095e8e9c778fd59472e694be99761036","name":"id_defined.json","path":"/Users/jepson/Desktop/Harmony/projects/Part3Demo/entry/.preview/default/intermediates/res/default/ids_map/id_defined.json","type":"file","isSymbolicLink":false,"fileMetaData":{"size":5131,"lastModifiedTime":1715246192799}}]},{"hashValue":"a475ec0f9201c6cbd0df3a66c5ff715f","name":"mock-config.json","path":"/Users/jepson/Desktop/Harmony/projects/Part3Demo/entry/.preview/default/intermediates/res/default/mock-config.json","type":"file","isSymbolicLink":false,"fileMetaData":{"size":2,"lastModifiedTime":1715246196930}},{"hashValue":"1272d906e132b1c36e2aa7fed42de027","name":"module_compiled","path":"/Users/jepson/Desktop/Harmony/projects/Part3Demo/entry/.preview/default/intermediates/res/default/module_compiled","type":"directory","isSymbolicLink":false,"children":[{"hashValue":"b88114dec684158e4b1bc738a6fce404","name":"10037753797328073935","path":"/Users/jepson/Desktop/Harmony/projects/Part3Demo/entry/.preview/default/intermediates/res/default/module_compiled/10037753797328073935","type":"file","isSymbolicLink":false,"fileMetaData":{"size":243,"lastModifiedTime":1715246192785}},{"hashValue":"6ac4ff87976ba9ac85b0bf22423cf983","name":"10655512308742717690","path":"/Users/jepson/Desktop/Harmony/projects/Part3Demo/entry/.preview/default/intermediates/res/default/module_compiled/10655512308742717690","type":"file","isSymbolicLink":false,"fileMetaData":{"size":216,"lastModifiedTime":1715246192784}},{"hashValue":"e0717fe0756e8881b620ad9786bd7f33","name":"10866640450844478307","path":"/Users/jepson/Desktop/Harmony/projects/Part3Demo/entry/.preview/default/intermediates/res/default/module_compiled/10866640450844478307","type":"file","isSymbolicLink":false,"fileMetaData":{"size":273,"lastModifiedTime":1715246192785}},{"hashValue":"5d7a97f76f2ea770498786055d62b50f","name":"11158260448926563264","path":"/Users/jepson/Desktop/Harmony/projects/Part3Demo/entry/.preview/default/intermediates/res/default/module_compiled/11158260448926563264","type":"file","isSymbolicLink":false,"fileMetaData":{"size":285,"lastModifiedTime":1715246192784}},{"hashValue":"56e820fb1804e71b3168995e05779e08","name":"11416661241128966545","path":"/Users/jepson/Desktop/Harmony/projects/Part3Demo/entry/.preview/default/intermediates/res/default/module_compiled/11416661241128966545","type":"file","isSymbolicLink":false,"fileMetaData":{"size":267,"lastModifiedTime":1715246192786}},{"hashValue":"ec2ef80b27e8c33572b5022b58237268","name":"11462274898145014259","path":"/Users/jepson/Desktop/Harmony/projects/Part3Demo/entry/.preview/default/intermediates/res/default/module_compiled/11462274898145014259","type":"file","isSymbolicLink":false,"fileMetaData":{"size":261,"lastModifiedTime":1715246192784}},{"hashValue":"c00847b1b6ebb128d9dc7a6063a93326","name":"1197776323385585764","path":"/Users/jepson/Desktop/Harmony/projects/Part3Demo/entry/.preview/default/intermediates/res/default/module_compiled/1197776323385585764","type":"file","isSymbolicLink":false,"fileMetaData":{"size":267,"lastModifiedTime":1715246192786}},{"hashValue":"c08116b8a71bc6a80799d0be26300164","name":"1213050443169773512","path":"/Users/jepson/Desktop/Harmony/projects/Part3Demo/entry/.preview/default/intermediates/res/default/module_compiled/1213050443169773512","type":"file","isSymbolicLink":false,"fileMetaData":{"size":267,"lastModifiedTime":1715246192786}},{"hashValue":"6cecf6ef17094f7ad5f6c6978427cadc","name":"12418796934839069562","path":"/Users/jepson/Desktop/Harmony/projects/Part3Demo/entry/.preview/default/intermediates/res/default/module_compiled/12418796934839069562","type":"file","isSymbolicLink":false,"fileMetaData":{"size":261,"lastModifiedTime":1715246192784}},{"hashValue":"15e9b53dd4e6f547f4a20b849c2172f1","name":"12865900264183110094","path":"/Users/jepson/Desktop/Harmony/projects/Part3Demo/entry/.preview/default/intermediates/res/default/module_compiled/12865900264183110094","type":"file","isSymbolicLink":false,"fileMetaData":{"size":285,"lastModifiedTime":1715246192786}},{"hashValue":"5923f83ecc607f3cf9a6b3f870281b22","name":"13033508356263747398","path":"/Users/jepson/Desktop/Harmony/projects/Part3Demo/entry/.preview/default/intermediates/res/default/module_compiled/13033508356263747398","type":"file","isSymbolicLink":false,"fileMetaData":{"size":222,"lastModifiedTime":1715246192784}},{"hashValue":"08746efcc7a24da1410ff52998ed65c4","name":"14330770556922373429","path":"/Users/jepson/Desktop/Harmony/projects/Part3Demo/entry/.preview/default/intermediates/res/default/module_compiled/14330770556922373429","type":"file","isSymbolicLink":false,"fileMetaData":{"size":243,"lastModifiedTime":1715246192785}},{"hashValue":"33f070e6dc430e7b9db9b3055d41e75b","name":"15022787522191312877","path":"/Users/jepson/Desktop/Harmony/projects/Part3Demo/entry/.preview/default/intermediates/res/default/module_compiled/15022787522191312877","type":"file","isSymbolicLink":false,"fileMetaData":{"size":243,"lastModifiedTime":1715246192785}},{"hashValue":"fc9f8b96211f1865a0987eddffe917b6","name":"15530028761252478032","path":"/Users/jepson/Desktop/Harmony/projects/Part3Demo/entry/.preview/default/intermediates/res/default/module_compiled/15530028761252478032","type":"file","isSymbolicLink":false,"fileMetaData":{"size":237,"lastModifiedTime":1715246192786}},{"hashValue":"f5fb4be19b9ae79030ab81168446bd91","name":"15842606106732798482","path":"/Users/jepson/Desktop/Harmony/projects/Part3Demo/entry/.preview/default/intermediates/res/default/module_compiled/15842606106732798482","type":"file","isSymbolicLink":false,"fileMetaData":{"size":243,"lastModifiedTime":1715246192785}},{"hashValue":"137b99ce2af173772b9d86caed6828b5","name":"16024684766563604107","path":"/Users/jepson/Desktop/Harmony/projects/Part3Demo/entry/.preview/default/intermediates/res/default/module_compiled/16024684766563604107","type":"file","isSymbolicLink":false,"fileMetaData":{"size":222,"lastModifiedTime":1715246192784}},{"hashValue":"15a06de4b759e85637340691a2a72b44","name":"16491634812265992000","path":"/Users/jepson/Desktop/Harmony/projects/Part3Demo/entry/.preview/default/intermediates/res/default/module_compiled/16491634812265992000","type":"file","isSymbolicLink":false,"fileMetaData":{"size":246,"lastModifiedTime":1715246192787}},{"hashValue":"f02ea299b17773b472c8eb40806ad5de","name":"17244427692401510467","path":"/Users/jepson/Desktop/Harmony/projects/Part3Demo/entry/.preview/default/intermediates/res/default/module_compiled/17244427692401510467","type":"file","isSymbolicLink":false,"fileMetaData":{"size":228,"lastModifiedTime":1715246192785}},{"hashValue":"ddc24a4f9fff48a4cabdce868fe02714","name":"2122647411436310852","path":"/Users/jepson/Desktop/Harmony/projects/Part3Demo/entry/.preview/default/intermediates/res/default/module_compiled/2122647411436310852","type":"file","isSymbolicLink":false,"fileMetaData":{"size":261,"lastModifiedTime":1715246192787}},{"hashValue":"7214b99b3d6111d437319731e9f5e365","name":"2314149422274041692","path":"/Users/jepson/Desktop/Harmony/projects/Part3Demo/entry/.preview/default/intermediates/res/default/module_compiled/2314149422274041692","type":"file","isSymbolicLink":false,"fileMetaData":{"size":155,"lastModifiedTime":1715246192783}},{"hashValue":"17b3f73709d8779bf9ecdd90f0046c7e","name":"2317841764400414266","path":"/Users/jepson/Desktop/Harmony/projects/Part3Demo/entry/.preview/default/intermediates/res/default/module_compiled/2317841764400414266","type":"file","isSymbolicLink":false,"fileMetaData":{"size":258,"lastModifiedTime":1715246192785}},{"hashValue":"3b4c9e83583fc79d8f49004f5ae51bf4","name":"2345991159929680312","path":"/Users/jepson/Desktop/Harmony/projects/Part3Demo/entry/.preview/default/intermediates/res/default/module_compiled/2345991159929680312","type":"file","isSymbolicLink":false,"fileMetaData":{"size":255,"lastModifiedTime":1715246192785}},{"hashValue":"10e411cd281fcc7ac99ff0660f65ece2","name":"2536177955472199621","path":"/Users/jepson/Desktop/Harmony/projects/Part3Demo/entry/.preview/default/intermediates/res/default/module_compiled/2536177955472199621","type":"file","isSymbolicLink":false,"fileMetaData":{"size":258,"lastModifiedTime":1715246192785}},{"hashValue":"402e01b7121aed789dde8ae687df47a4","name":"326826312988136311","path":"/Users/jepson/Desktop/Harmony/projects/Part3Demo/entry/.preview/default/intermediates/res/default/module_compiled/326826312988136311","type":"file","isSymbolicLink":false,"fileMetaData":{"size":247,"lastModifiedTime":1715246192783}},{"hashValue":"18f5a7254697fcde418bf24e18b2d4c4","name":"3584229941215548919","path":"/Users/jepson/Desktop/Harmony/projects/Part3Demo/entry/.preview/default/intermediates/res/default/module_compiled/3584229941215548919","type":"file","isSymbolicLink":false,"fileMetaData":{"size":258,"lastModifiedTime":1715246192784}},{"hashValue":"14299238a3a471d0e9b1d1fe882fb344","name":"4272955851641129581","path":"/Users/jepson/Desktop/Harmony/projects/Part3Demo/entry/.preview/default/intermediates/res/default/module_compiled/4272955851641129581","type":"file","isSymbolicLink":false,"fileMetaData":{"size":458,"lastModifiedTime":1715246192783}},{"hashValue":"9ca73697c1ec9feec3f3d6e96b4fa88f","name":"4378930946649603761","path":"/Users/jepson/Desktop/Harmony/projects/Part3Demo/entry/.preview/default/intermediates/res/default/module_compiled/4378930946649603761","type":"file","isSymbolicLink":false,"fileMetaData":{"size":285,"lastModifiedTime":1715246192784}},{"hashValue":"f690c5cc395446b752ac56c87b30f0e6","name":"4409025968958795818","path":"/Users/jepson/Desktop/Harmony/projects/Part3Demo/entry/.preview/default/intermediates/res/default/module_compiled/4409025968958795818","type":"file","isSymbolicLink":false,"fileMetaData":{"size":285,"lastModifiedTime":1715246192786}},{"hashValue":"76ddcd5f1f29a5c7dc42433409b20f64","name":"5732243843402325531","path":"/Users/jepson/Desktop/Harmony/projects/Part3Demo/entry/.preview/default/intermediates/res/default/module_compiled/5732243843402325531","type":"file","isSymbolicLink":false,"fileMetaData":{"size":506,"lastModifiedTime":1715246192783}},{"hashValue":"b29def696b6065b227c6f8f534f1c668","name":"6157381909738435953","path":"/Users/jepson/Desktop/Harmony/projects/Part3Demo/entry/.preview/default/intermediates/res/default/module_compiled/6157381909738435953","type":"file","isSymbolicLink":false,"fileMetaData":{"size":512,"lastModifiedTime":1715246192782}},{"hashValue":"08d765c90a1300d7dab8308a3340fc84","name":"7054308317172283391","path":"/Users/jepson/Desktop/Harmony/projects/Part3Demo/entry/.preview/default/intermediates/res/default/module_compiled/7054308317172283391","type":"file","isSymbolicLink":false,"fileMetaData":{"size":255,"lastModifiedTime":1715246192786}},{"hashValue":"e323fcb8fdff77c99ba30e3cee53be71","name":"7613572472114554304","path":"/Users/jepson/Desktop/Harmony/projects/Part3Demo/entry/.preview/default/intermediates/res/default/module_compiled/7613572472114554304","type":"file","isSymbolicLink":false,"fileMetaData":{"size":237,"lastModifiedTime":1715246192786}},{"hashValue":"d226c72ba7c51c68436b3b11a14fe588","name":"8116770027153760647","path":"/Users/jepson/Desktop/Harmony/projects/Part3Demo/entry/.preview/default/intermediates/res/default/module_compiled/8116770027153760647","type":"file","isSymbolicLink":false,"fileMetaData":{"size":213,"lastModifiedTime":1715246192786}},{"hashValue":"11f886b0b90cce62ac71b409245329df","name":"8143686409524848068","path":"/Users/jepson/Desktop/Harmony/projects/Part3Demo/entry/.preview/default/intermediates/res/default/module_compiled/8143686409524848068","type":"file","isSymbolicLink":false,"fileMetaData":{"size":270,"lastModifiedTime":1715246192787}},{"hashValue":"5866cef75e253abd2730024fba42b751","name":"8749988347535343213","path":"/Users/jepson/Desktop/Harmony/projects/Part3Demo/entry/.preview/default/intermediates/res/default/module_compiled/8749988347535343213","type":"file","isSymbolicLink":false,"fileMetaData":{"size":216,"lastModifiedTime":1715246192785}},{"hashValue":"b82d83070273665bf815c886624d3c92","name":"8791072943353104838","path":"/Users/jepson/Desktop/Harmony/projects/Part3Demo/entry/.preview/default/intermediates/res/default/module_compiled/8791072943353104838","type":"file","isSymbolicLink":false,"fileMetaData":{"size":216,"lastModifiedTime":1715246192787}},{"hashValue":"9e4a8d10dc661b814e43325ec1ebd56f","name":"8948008282197502477","path":"/Users/jepson/Desktop/Harmony/projects/Part3Demo/entry/.preview/default/intermediates/res/default/module_compiled/8948008282197502477","type":"file","isSymbolicLink":false,"fileMetaData":{"size":258,"lastModifiedTime":1715246192785}},{"hashValue":"7b204429dd615b03247a9c5827d905a3","name":"9501250575273693767","path":"/Users/jepson/Desktop/Harmony/projects/Part3Demo/entry/.preview/default/intermediates/res/default/module_compiled/9501250575273693767","type":"file","isSymbolicLink":false,"fileMetaData":{"size":255,"lastModifiedTime":1715246192786}},{"hashValue":"1120e850487ee1e94c60e06fc051cf61","name":"9631641286410183990","path":"/Users/jepson/Desktop/Harmony/projects/Part3Demo/entry/.preview/default/intermediates/res/default/module_compiled/9631641286410183990","type":"file","isSymbolicLink":false,"fileMetaData":{"size":216,"lastModifiedTime":1715246192786}},{"hashValue":"70241cf06018b07a15887c75fdce7806","name":"9662979116686264226","path":"/Users/jepson/Desktop/Harmony/projects/Part3Demo/entry/.preview/default/intermediates/res/default/module_compiled/9662979116686264226","type":"file","isSymbolicLink":false,"fileMetaData":{"size":261,"lastModifiedTime":1715246192785}}]},{"hashValue":"532560fbfb0a1f92317340ca331727b6","name":"module.json","path":"/Users/jepson/Desktop/Harmony/projects/Part3Demo/entry/.preview/default/intermediates/res/default/module.json","type":"file","isSymbolicLink":false,"fileMetaData":{"size":2198,"lastModifiedTime":1715246192799}},{"hashValue":"f79ebb4b1d63fd66748efe7c4a92d4fc","name":"resources","path":"/Users/jepson/Desktop/Harmony/projects/Part3Demo/entry/.preview/default/intermediates/res/default/resources","type":"directory","isSymbolicLink":false,"children":[{"hashValue":"44c74ab048237e870a39cacf0472b80d","name":"base","path":"/Users/jepson/Desktop/Harmony/projects/Part3Demo/entry/.preview/default/intermediates/res/default/resources/base","type":"directory","isSymbolicLink":false,"children":[{"hashValue":"66302c41606a55bf9634d5c7eb266a2a","name":"profile","path":"/Users/jepson/Desktop/Harmony/projects/Part3Demo/entry/.preview/default/intermediates/res/default/resources/base/profile","type":"directory","isSymbolicLink":false,"children":[{"hashValue":"d099e60cc7a17947be673fa6398b1edc","name":"main_pages.json","path":"/Users/jepson/Desktop/Harmony/projects/Part3Demo/entry/.preview/default/intermediates/res/default/resources/base/profile/main_pages.json","type":"file","isSymbolicLink":false,"fileMetaData":{"size":24,"lastModifiedTime":1715246192809}}]}]}]},{"hashValue":"65d1376ca4db28f53d401e8075252031","name":"resources.index","path":"/Users/jepson/Desktop/Harmony/projects/Part3Demo/entry/.preview/default/intermediates/res/default/resources.index","type":"file","isSymbolicLink":false,"fileMetaData":{"size":6019,"lastModifiedTime":1715246192798}},{"hashValue":"8ebae8ad5809caa8e841b9f5244884f8","name":"ResourceTable.txt","path":"/Users/jepson/Desktop/Harmony/projects/Part3Demo/entry/.preview/default/intermediates/res/default/ResourceTable.txt","type":"file","isSymbolicLink":false,"fileMetaData":{"size":1320,"lastModifiedTime":1715246192799}}]},"/Users/jepson/Desktop/Harmony/projects/Part3Demo/entry/.preview/default/generated/r/default":{"hashValue":"41da8da00468801afafa006756b8107b","name":"default","path":"/Users/jepson/Desktop/Harmony/projects/Part3Demo/entry/.preview/default/generated/r/default","type":"directory","isSymbolicLink":false,"children":[{"hashValue":"08ba55b65dff8a50bb5ac42c800257aa","name":"ResourceTable.h","path":"/Users/jepson/Desktop/Harmony/projects/Part3Demo/entry/.preview/default/generated/r/default/ResourceTable.h","type":"file","isSymbolicLink":false,"fileMetaData":{"size":2740,"lastModifiedTime":1715246192799}}]},"/Users/jepson/Desktop/Harmony/projects/Part3Demo/entry/src/main/resources/base/profile":{"hashValue":"dcbd8c5167b7cb4dce6569a15cbd3e9f","name":"profile","path":"/Users/jepson/Desktop/Harmony/projects/Part3Demo/entry/src/main/resources/base/profile","type":"directory","isSymbolicLink":false,"children":[{"hashValue":"a44bf21aca2d3f7b787bc288dc80e358","name":"main_pages.json","path":"/Users/jepson/Desktop/Harmony/projects/Part3Demo/entry/src/main/resources/base/profile/main_pages.json","type":"file","isSymbolicLink":false,"fileMetaData":{"size":37,"lastModifiedTime":1712979786610}}]},"/Users/jepson/Desktop/Harmony/projects/Part3Demo/entry/.preview/default/intermediates/res/default/resources/base/profile":{"hashValue":"66302c41606a55bf9634d5c7eb266a2a","name":"profile","path":"/Users/jepson/Desktop/Harmony/projects/Part3Demo/entry/.preview/default/intermediates/res/default/resources/base/profile","type":"directory","isSymbolicLink":false,"children":[{"hashValue":"d099e60cc7a17947be673fa6398b1edc","name":"main_pages.json","path":"/Users/jepson/Desktop/Harmony/projects/Part3Demo/entry/.preview/default/intermediates/res/default/resources/base/profile/main_pages.json","type":"file","isSymbolicLink":false,"fileMetaData":{"size":24,"lastModifiedTime":1715246192809}}]},"/Users/jepson/Desktop/Harmony/projects/Part3Demo/entry/.preview/default/intermediates/res/default/module.json":{"hashValue":"532560fbfb0a1f92317340ca331727b6","name":"module.json","path":"/Users/jepson/Desktop/Harmony/projects/Part3Demo/entry/.preview/default/intermediates/res/default/module.json","type":"file","isSymbolicLink":false,"fileMetaData":{"size":2198,"lastModifiedTime":1715246192799}},"/Users/jepson/Desktop/Harmony/projects/Part3Demo/entry/.preview/default/intermediates/res/default/resources/base/profile/main_pages.json":{"hashValue":"d099e60cc7a17947be673fa6398b1edc","name":"main_pages.json","path":"/Users/jepson/Desktop/Harmony/projects/Part3Demo/entry/.preview/default/intermediates/res/default/resources/base/profile/main_pages.json","type":"file","isSymbolicLink":false,"fileMetaData":{"size":24,"lastModifiedTime":1715246192809}},"/Users/jepson/Desktop/Harmony/projects/Part3Demo/entry/.preview/default/intermediates/loader/default":{"hashValue":"e020348a05beea10796ffc3cb90b9c54","name":"default","path":"/Users/jepson/Desktop/Harmony/projects/Part3Demo/entry/.preview/default/intermediates/loader/default","type":"directory","isSymbolicLink":false,"children":[{"hashValue":"c775dd0b8dcad4cb320fedc6c62c67f5","name":"loader.json","path":"/Users/jepson/Desktop/Harmony/projects/Part3Demo/entry/.preview/default/intermediates/loader/default/loader.json","type":"file","isSymbolicLink":false,"fileMetaData":{"size":586,"lastModifiedTime":1712980278936}}]},"/Users/jepson/Desktop/Harmony/projects/Part3Demo/entry/.preview/default/intermediates/res/default/ResourceTable.txt":{"hashValue":"8ebae8ad5809caa8e841b9f5244884f8","name":"ResourceTable.txt","path":"/Users/jepson/Desktop/Harmony/projects/Part3Demo/entry/.preview/default/intermediates/res/default/ResourceTable.txt","type":"file","isSymbolicLink":false,"fileMetaData":{"size":1320,"lastModifiedTime":1715246192799}},"/Users/jepson/Desktop/Harmony/projects/Part3Demo/entry/src/main/ets":{"hashValue":"9e73b73fdc18a7d18c37a7d76419eecd","name":"ets","path":"/Users/jepson/Desktop/Harmony/projects/Part3Demo/entry/src/main/ets","type":"directory","isSymbolicLink":false,"children":[{"hashValue":"eceef9a156cce9f69a46b076af145ab4","name":".DS_Store","path":"/Users/jepson/Desktop/Harmony/projects/Part3Demo/entry/src/main/ets/.DS_Store","type":"file","isSymbolicLink":false,"fileMetaData":{"size":6148,"lastModifiedTime":1714472578883}},{"hashValue":"4c342a32dfaa41d2989dde23c868693f","name":"components","path":"/Users/jepson/Desktop/Harmony/projects/Part3Demo/entry/src/main/ets/components","type":"directory","isSymbolicLink":false,"children":[{"hashValue":"4eb49e3758be43db86669f894baf70f2","name":"HelloCom.ets","path":"/Users/jepson/Desktop/Harmony/projects/Part3Demo/entry/src/main/ets/components/HelloCom.ets","type":"file","isSymbolicLink":false,"fileMetaData":{"size":200,"lastModifiedTime":1715086473626}}]},{"hashValue":"7fb415ec4e22d41f7d8c5dbeb1ed1b12","name":"entryability","path":"/Users/jepson/Desktop/Harmony/projects/Part3Demo/entry/src/main/ets/entryability","type":"directory","isSymbolicLink":false,"children":[{"hashValue":"827b91596a8dd50401209578e48b24b2","name":"EntryAbility.ets","path":"/Users/jepson/Desktop/Harmony/projects/Part3Demo/entry/src/main/ets/entryability/EntryAbility.ets","type":"file","isSymbolicLink":false,"fileMetaData":{"size":1484,"lastModifiedTime":1712979788903}}]},{"hashValue":"0ed93e60fa9e94a4e1ec75df949fbe1f","name":"pages","path":"/Users/jepson/Desktop/Harmony/projects/Part3Demo/entry/src/main/ets/pages","type":"directory","isSymbolicLink":false,"children":[{"hashValue":"04011e540d87f4e66c7127ca6cc3fb30","name":"Index.ets","path":"/Users/jepson/Desktop/Harmony/projects/Part3Demo/entry/src/main/ets/pages/Index.ets","type":"file","isSymbolicLink":false,"fileMetaData":{"size":55,"lastModifiedTime":1715246183207}}]},{"hashValue":"8e62350b221f8cc7d0f34703030990d6","name":"tools","path":"/Users/jepson/Desktop/Harmony/projects/Part3Demo/entry/src/main/ets/tools","type":"directory","isSymbolicLink":false,"children":[{"hashValue":"6d8a7eaad7ded53fae1fff7eaaf1e7ea","name":"module1.ets","path":"/Users/jepson/Desktop/Harmony/projects/Part3Demo/entry/src/main/ets/tools/module1.ets","type":"file","isSymbolicLink":false,"fileMetaData":{"size":244,"lastModifiedTime":1715052413888}},{"hashValue":"cdbd0f837b58bcb51ea32c57920c0686","name":"module3.ets","path":"/Users/jepson/Desktop/Harmony/projects/Part3Demo/entry/src/main/ets/tools/module3.ets","type":"file","isSymbolicLink":false,"fileMetaData":{"size":541,"lastModifiedTime":1715072598470}}]},{"hashValue":"be4e5a4c53a52a7bff29107295a1769d","name":"测试代码","path":"/Users/jepson/Desktop/Harmony/projects/Part3Demo/entry/src/main/ets/测试代码","type":"directory","isSymbolicLink":false,"children":[{"hashValue":"26908ca59ec880bac1e2cb51b0c3eeb9","name":"01-自定义组件-基本使用-抽取.ets","path":"/Users/jepson/Desktop/Harmony/projects/Part3Demo/entry/src/main/ets/测试代码/01-自定义组件-基本使用-抽取.ets","type":"file","isSymbolicLink":false,"fileMetaData":{"size":617,"lastModifiedTime":1714983849544}},{"hashValue":"1e479e06c365e188788894f24522f65a","name":"02-自定义组件-传递方法.ets","path":"/Users/jepson/Desktop/Harmony/projects/Part3Demo/entry/src/main/ets/测试代码/02-自定义组件-传递方法.ets","type":"file","isSymbolicLink":false,"fileMetaData":{"size":969,"lastModifiedTime":1714989880634}},{"hashValue":"62328aa176a81cfaa002a48164b5157e","name":"03-卡片组件.ets","path":"/Users/jepson/Desktop/Harmony/projects/Part3Demo/entry/src/main/ets/测试代码/03-卡片组件.ets","type":"file","isSymbolicLink":false,"fileMetaData":{"size":1169,"lastModifiedTime":1714996192486}},{"hashValue":"27b4f6355992cc4cde49a850c04a4590","name":"04-builderParam.ets","path":"/Users/jepson/Desktop/Harmony/projects/Part3Demo/entry/src/main/ets/测试代码/04-builderParam.ets","type":"file","isSymbolicLink":false,"fileMetaData":{"size":1350,"lastModifiedTime":1714999257179}},{"hashValue":"daa815cbfc01aa4f9bc7be1114a23ec0","name":"05-多个BuilderParam.ets","path":"/Users/jepson/Desktop/Harmony/projects/Part3Demo/entry/src/main/ets/测试代码/05-多个BuilderParam.ets","type":"file","isSymbolicLink":false,"fileMetaData":{"size":889,"lastModifiedTime":1715000906558}}]},{"hashValue":"ff3dcc65c6bd21c792db7f0ccfb78cbf","name":"随堂代码","path":"/Users/jepson/Desktop/Harmony/projects/Part3Demo/entry/src/main/ets/随堂代码","type":"directory","isSymbolicLink":false,"children":[{"hashValue":"bb7eb5fc678db9a64e041ec00101d807","name":"01-Swiper的基本使用.ets","path":"/Users/jepson/Desktop/Harmony/projects/Part3Demo/entry/src/main/ets/随堂代码/01-Swiper的基本使用.ets","type":"file","isSymbolicLink":false,"fileMetaData":{"size":672,"lastModifiedTime":1712940412018}},{"hashValue":"718764beb322a0171d0dc696c0227dec","name":"02-Swiper常见属性.ets","path":"/Users/jepson/Desktop/Harmony/projects/Part3Demo/entry/src/main/ets/随堂代码/02-Swiper常见属性.ets","type":"file","isSymbolicLink":false,"fileMetaData":{"size":820,"lastModifiedTime":1712981012156}},{"hashValue":"aab12693d532f8e6d558759a413c919e","name":"03-Swiper自定义小圆点.ets","path":"/Users/jepson/Desktop/Harmony/projects/Part3Demo/entry/src/main/ets/随堂代码/03-Swiper自定义小圆点.ets","type":"file","isSymbolicLink":false,"fileMetaData":{"size":1138,"lastModifiedTime":1712995640915}},{"hashValue":"2cfd17e76ddb1574c6c364cf40a8865d","name":"04-Swiper轮播图案例.ets","path":"/Users/jepson/Desktop/Harmony/projects/Part3Demo/entry/src/main/ets/随堂代码/04-Swiper轮播图案例.ets","type":"file","isSymbolicLink":false,"fileMetaData":{"size":712,"lastModifiedTime":1713087898417}},{"hashValue":"0e0ed81b3272fdf5661f814cbadf8898","name":"05-@Extend准备代码.ets","path":"/Users/jepson/Desktop/Harmony/projects/Part3Demo/entry/src/main/ets/随堂代码/05-@Extend准备代码.ets","type":"file","isSymbolicLink":false,"fileMetaData":{"size":1168,"lastModifiedTime":1713258134562}},{"hashValue":"8ce3f846f3290802b518890b10ee2fb9","name":"06-@Extend随堂.ets","path":"/Users/jepson/Desktop/Harmony/projects/Part3Demo/entry/src/main/ets/随堂代码/06-@Extend随堂.ets","type":"file","isSymbolicLink":false,"fileMetaData":{"size":914,"lastModifiedTime":1713259423298}},{"hashValue":"d29642d1cf0fd0ffb91010f9817ada21","name":"07-@Styles准备代码.ets","path":"/Users/jepson/Desktop/Harmony/projects/Part3Demo/entry/src/main/ets/随堂代码/07-@Styles准备代码.ets","type":"file","isSymbolicLink":false,"fileMetaData":{"size":764,"lastModifiedTime":1713261463191}},{"hashValue":"7865e58332f83e70e173ba4030f27c41","name":"08-@Styles随堂.ets","path":"/Users/jepson/Desktop/Harmony/projects/Part3Demo/entry/src/main/ets/随堂代码/08-@Styles随堂.ets","type":"file","isSymbolicLink":false,"fileMetaData":{"size":710,"lastModifiedTime":1713261807022}},{"hashValue":"6e51c93343ee40dc0f5669a6a3b9b364","name":"09-@Builder准备代码.ets","path":"/Users/jepson/Desktop/Harmony/projects/Part3Demo/entry/src/main/ets/随堂代码/09-@Builder准备代码.ets","type":"file","isSymbolicLink":false,"fileMetaData":{"size":1497,"lastModifiedTime":1713270978183}},{"hashValue":"7a1631ce751167b8cf7edc4c905bed60","name":"10-@Builder随堂.ets","path":"/Users/jepson/Desktop/Harmony/projects/Part3Demo/entry/src/main/ets/随堂代码/10-@Builder随堂.ets","type":"file","isSymbolicLink":false,"fileMetaData":{"size":1061,"lastModifiedTime":1713271441623}},{"hashValue":"2bae06116ea70602830c2a18cf1410f9","name":"11-Scroll-准备代码.ets","path":"/Users/jepson/Desktop/Harmony/projects/Part3Demo/entry/src/main/ets/随堂代码/11-Scroll-准备代码.ets","type":"file","isSymbolicLink":false,"fileMetaData":{"size":503,"lastModifiedTime":1713343835798}},{"hashValue":"b0d0be7588f1685dee806161d41e8f22","name":"12-Scroll-核心语法.ets","path":"/Users/jepson/Desktop/Harmony/projects/Part3Demo/entry/src/main/ets/随堂代码/12-Scroll-核心语法.ets","type":"file","isSymbolicLink":false,"fileMetaData":{"size":689,"lastModifiedTime":1713344837658}},{"hashValue":"8242a73769dced328429f2e308e20eb0","name":"13-Scroll-常见属性.ets","path":"/Users/jepson/Desktop/Harmony/projects/Part3Demo/entry/src/main/ets/随堂代码/13-Scroll-常见属性.ets","type":"file","isSymbolicLink":false,"fileMetaData":{"size":944,"lastModifiedTime":1713345747269}},{"hashValue":"31c99fdfeac2b7c3b190e9d56e5d7b47","name":"14-Scroll-控制器.ets","path":"/Users/jepson/Desktop/Harmony/projects/Part3Demo/entry/src/main/ets/随堂代码/14-Scroll-控制器.ets","type":"file","isSymbolicLink":false,"fileMetaData":{"size":1417,"lastModifiedTime":1713427864566}},{"hashValue":"f09a91749294a1c170dc50d1269346dc","name":"15-Scroll-事件.ets","path":"/Users/jepson/Desktop/Harmony/projects/Part3Demo/entry/src/main/ets/随堂代码/15-Scroll-事件.ets","type":"file","isSymbolicLink":false,"fileMetaData":{"size":1540,"lastModifiedTime":1713441217018}},{"hashValue":"d345c125b3dbd0a596ac2cee59f726ec","name":"16-京东实例-准备代码.ets","path":"/Users/jepson/Desktop/Harmony/projects/Part3Demo/entry/src/main/ets/随堂代码/16-京东实例-准备代码.ets","type":"file","isSymbolicLink":false,"fileMetaData":{"size":829,"lastModifiedTime":1713429319957}},{"hashValue":"a74623b914ab44586c212fd1bda7fb3f","name":"17-京东实例-功能完成.ets","path":"/Users/jepson/Desktop/Harmony/projects/Part3Demo/entry/src/main/ets/随堂代码/17-京东实例-功能完成.ets","type":"file","isSymbolicLink":false,"fileMetaData":{"size":1385,"lastModifiedTime":1713753465568}},{"hashValue":"e40d468af007b5875ff68116ecc0ec2d","name":"18-Tabs-基本用法.ets","path":"/Users/jepson/Desktop/Harmony/projects/Part3Demo/entry/src/main/ets/随堂代码/18-Tabs-基本用法.ets","type":"file","isSymbolicLink":false,"fileMetaData":{"size":540,"lastModifiedTime":1713583217899}},{"hashValue":"74b741944509cc41e9d3a65a94a080a6","name":"19-Tabs-常用属性.ets","path":"/Users/jepson/Desktop/Harmony/projects/Part3Demo/entry/src/main/ets/随堂代码/19-Tabs-常用属性.ets","type":"file","isSymbolicLink":false,"fileMetaData":{"size":736,"lastModifiedTime":1713599438150}},{"hashValue":"309329190d9690f77e8e96f55bf51f8a","name":"20-Tabs-滚动导航栏.ets","path":"/Users/jepson/Desktop/Harmony/projects/Part3Demo/entry/src/main/ets/随堂代码/20-Tabs-滚动导航栏.ets","type":"file","isSymbolicLink":false,"fileMetaData":{"size":474,"lastModifiedTime":1713596678611}},{"hashValue":"15cc865f5289c57c58ac7a95aa4ee17e","name":"21-Tabs-自定义高亮-基础结构.ets","path":"/Users/jepson/Desktop/Harmony/projects/Part3Demo/entry/src/main/ets/随堂代码/21-Tabs-自定义高亮-基础结构.ets","type":"file","isSymbolicLink":false,"fileMetaData":{"size":511,"lastModifiedTime":1713597897080}},{"hashValue":"33b232b11aec796b510b89b152fe71b8","name":"22-Tabs-自定义高亮-切换完成.ets","path":"/Users/jepson/Desktop/Harmony/projects/Part3Demo/entry/src/main/ets/随堂代码/22-Tabs-自定义高亮-切换完成.ets","type":"file","isSymbolicLink":false,"fileMetaData":{"size":1114,"lastModifiedTime":1713600753246}},{"hashValue":"43c99ec2b165e6b84c1412198cf6e90c","name":"23-Tabs-小米底部定制.ets","path":"/Users/jepson/Desktop/Harmony/projects/Part3Demo/entry/src/main/ets/随堂代码/23-Tabs-小米底部定制.ets","type":"file","isSymbolicLink":false,"fileMetaData":{"size":1718,"lastModifiedTime":1713602542122}},{"hashValue":"7975f422e955f33785d895d0e16d1d7e","name":"24-类-属性(字段).ets","path":"/Users/jepson/Desktop/Harmony/projects/Part3Demo/entry/src/main/ets/随堂代码/24-类-属性(字段).ets","type":"file","isSymbolicLink":false,"fileMetaData":{"size":351,"lastModifiedTime":1714048123734}},{"hashValue":"3acc0614b3b517c126df31b7f9416201","name":"25-类-构造函数.ets","path":"/Users/jepson/Desktop/Harmony/projects/Part3Demo/entry/src/main/ets/随堂代码/25-类-构造函数.ets","type":"file","isSymbolicLink":false,"fileMetaData":{"size":1085,"lastModifiedTime":1714051709668}},{"hashValue":"413f6908fb02365f0535e50f01a925e2","name":"26-类-定义方法.ets","path":"/Users/jepson/Desktop/Harmony/projects/Part3Demo/entry/src/main/ets/随堂代码/26-类-定义方法.ets","type":"file","isSymbolicLink":false,"fileMetaData":{"size":579,"lastModifiedTime":1714104674719}},{"hashValue":"a5d7e7fb8afee71c3e1e181b24f231b7","name":"27-类-静态属性和静态方法.ets","path":"/Users/jepson/Desktop/Harmony/projects/Part3Demo/entry/src/main/ets/随堂代码/27-类-静态属性和静态方法.ets","type":"file","isSymbolicLink":false,"fileMetaData":{"size":297,"lastModifiedTime":1714117921447}},{"hashValue":"18175f74e0f4fd419937fcf776c6dd28","name":"28-类-继承.ets","path":"/Users/jepson/Desktop/Harmony/projects/Part3Demo/entry/src/main/ets/随堂代码/28-类-继承.ets","type":"file","isSymbolicLink":false,"fileMetaData":{"size":1496,"lastModifiedTime":1714186382566}},{"hashValue":"f981675782fcae7f42217cde198b1215","name":"29-类-instanceof.ets","path":"/Users/jepson/Desktop/Harmony/projects/Part3Demo/entry/src/main/ets/随堂代码/29-类-instanceof.ets","type":"file","isSymbolicLink":false,"fileMetaData":{"size":825,"lastModifiedTime":1714203774611}},{"hashValue":"5e64924c387afadd8ecd33fcb4eeebe3","name":"30-类-修饰符-readonly.ets","path":"/Users/jepson/Desktop/Harmony/projects/Part3Demo/entry/src/main/ets/随堂代码/30-类-修饰符-readonly.ets","type":"file","isSymbolicLink":false,"fileMetaData":{"size":426,"lastModifiedTime":1714206126982}},{"hashValue":"0ecd3f16a7b89026e6890d95d41963fb","name":"31-类-修饰符-private.ets","path":"/Users/jepson/Desktop/Harmony/projects/Part3Demo/entry/src/main/ets/随堂代码/31-类-修饰符-private.ets","type":"file","isSymbolicLink":false,"fileMetaData":{"size":473,"lastModifiedTime":1714206592640}},{"hashValue":"1331c91dfd41a87ad97137c3057f59e9","name":"32-类-修饰符-protected和public.ets","path":"/Users/jepson/Desktop/Harmony/projects/Part3Demo/entry/src/main/ets/随堂代码/32-类-修饰符-protected和public.ets","type":"file","isSymbolicLink":false,"fileMetaData":{"size":613,"lastModifiedTime":1714361563193}},{"hashValue":"cf34e97e37354a58824087937490baba","name":"33-剩余参数和展开运算符.ets","path":"/Users/jepson/Desktop/Harmony/projects/Part3Demo/entry/src/main/ets/随堂代码/33-剩余参数和展开运算符.ets","type":"file","isSymbolicLink":false,"fileMetaData":{"size":624,"lastModifiedTime":1714376226601}},{"hashValue":"b92a670faf1211e001660476fd4ea846","name":"34-接口继承extends.ets","path":"/Users/jepson/Desktop/Harmony/projects/Part3Demo/entry/src/main/ets/随堂代码/34-接口继承extends.ets","type":"file","isSymbolicLink":false,"fileMetaData":{"size":297,"lastModifiedTime":1714377881277}},{"hashValue":"b67d08dd8b5dd037d48b35396d44ff25","name":"35-接口实现implements.ets","path":"/Users/jepson/Desktop/Harmony/projects/Part3Demo/entry/src/main/ets/随堂代码/35-接口实现implements.ets","type":"file","isSymbolicLink":false,"fileMetaData":{"size":626,"lastModifiedTime":1714381860308}},{"hashValue":"7e969bcab2f1d00efa628004c5a4edc5","name":"36-泛型函数.ets","path":"/Users/jepson/Desktop/Harmony/projects/Part3Demo/entry/src/main/ets/随堂代码/36-泛型函数.ets","type":"file","isSymbolicLink":false,"fileMetaData":{"size":1093,"lastModifiedTime":1714385888865}},{"hashValue":"c69b84c48c1a3e299c00982d34a1020b","name":"37-泛型约束.ets","path":"/Users/jepson/Desktop/Harmony/projects/Part3Demo/entry/src/main/ets/随堂代码/37-泛型约束.ets","type":"file","isSymbolicLink":false,"fileMetaData":{"size":353,"lastModifiedTime":1714465927411}},{"hashValue":"100f3cec76c3c51a91fc5ea0ff1f5064","name":"38-多个泛型变量.ets","path":"/Users/jepson/Desktop/Harmony/projects/Part3Demo/entry/src/main/ets/随堂代码/38-多个泛型变量.ets","type":"file","isSymbolicLink":false,"fileMetaData":{"size":347,"lastModifiedTime":1714466601641}},{"hashValue":"36de3b49139c27adc39562ed29fa2cd4","name":"39-泛型接口.ets","path":"/Users/jepson/Desktop/Harmony/projects/Part3Demo/entry/src/main/ets/随堂代码/39-泛型接口.ets","type":"file","isSymbolicLink":false,"fileMetaData":{"size":518,"lastModifiedTime":1714468733153}},{"hashValue":"348ee44b8ecb450ebb62f394ced4d974","name":"40-泛型类.ets","path":"/Users/jepson/Desktop/Harmony/projects/Part3Demo/entry/src/main/ets/随堂代码/40-泛型类.ets","type":"file","isSymbolicLink":false,"fileMetaData":{"size":343,"lastModifiedTime":1714471691401}},{"hashValue":"bd34d4955be5f8a3c657453728470dfb","name":"41-模块化语法.ets","path":"/Users/jepson/Desktop/Harmony/projects/Part3Demo/entry/src/main/ets/随堂代码/41-模块化语法.ets","type":"file","isSymbolicLink":false,"fileMetaData":{"size":706,"lastModifiedTime":1715072642990}},{"hashValue":"44f9a44253895dc8e4e7115ce07d83fe","name":"42-自定义组件.ets","path":"/Users/jepson/Desktop/Harmony/projects/Part3Demo/entry/src/main/ets/随堂代码/42-自定义组件.ets","type":"file","isSymbolicLink":false,"fileMetaData":{"size":988,"lastModifiedTime":1715075246066}},{"hashValue":"4372bba1c7f696d80d183cd0020b41b2","name":"43-自定义组件-通用样式事件.ets","path":"/Users/jepson/Desktop/Harmony/projects/Part3Demo/entry/src/main/ets/随堂代码/43-自定义组件-通用样式事件.ets","type":"file","isSymbolicLink":false,"fileMetaData":{"size":330,"lastModifiedTime":1715086402859}},{"hashValue":"799d62bfa3704a87c456afef2a446905","name":"44-自定义组件-成员变量函数.ets","path":"/Users/jepson/Desktop/Harmony/projects/Part3Demo/entry/src/main/ets/随堂代码/44-自定义组件-成员变量函数.ets","type":"file","isSymbolicLink":false,"fileMetaData":{"size":1555,"lastModifiedTime":1715152662000}},{"hashValue":"2e4d908be6ee3ac139420ca26c7cbf6c","name":"45-自定义组件-BuilderParam.ets","path":"/Users/jepson/Desktop/Harmony/projects/Part3Demo/entry/src/main/ets/随堂代码/45-自定义组件-BuilderParam.ets","type":"file","isSymbolicLink":false,"fileMetaData":{"size":425,"lastModifiedTime":1715154152254}},{"hashValue":"6d5ecbba152d9598a563c0dca2f52a21","name":"46-自定义组件-BuilderParam练习.ets","path":"/Users/jepson/Desktop/Harmony/projects/Part3Demo/entry/src/main/ets/随堂代码/46-自定义组件-BuilderParam练习.ets","type":"file","isSymbolicLink":false,"fileMetaData":{"size":2030,"lastModifiedTime":1715154479506}},{"hashValue":"a427fda5a056a2750340de06dde41290","name":"47-自定义组件-多个BuilderParam.ets","path":"/Users/jepson/Desktop/Harmony/projects/Part3Demo/entry/src/main/ets/随堂代码/47-自定义组件-多个BuilderParam.ets","type":"file","isSymbolicLink":false,"fileMetaData":{"size":1251,"lastModifiedTime":1715220446285}},{"hashValue":"8da1988b407261410b3e27e86940f0b4","name":"module2.ets","path":"/Users/jepson/Desktop/Harmony/projects/Part3Demo/entry/src/main/ets/随堂代码/module2.ets","type":"file","isSymbolicLink":false,"fileMetaData":{"size":65,"lastModifiedTime":1715054348893}}]}]},"/Users/jepson/Desktop/Harmony/projects/Part3Demo/oh-package.json5":{"hashValue":"2ca155a2b45f2340722a1ac4514cff7d","name":"oh-package.json5","path":"/Users/jepson/Desktop/Harmony/projects/Part3Demo/oh-package.json5","type":"file","isSymbolicLink":false,"fileMetaData":{"size":268,"lastModifiedTime":1712979788908}},"/Users/jepson/Desktop/Harmony/projects/Part3Demo/entry/.preview/default/intermediates/loader_out/default/ets":{"hashValue":"","name":"emptyroot","path":"","type":"unknown","isSymbolicLink":false,"children":[]}}