{
  "entry/src/main/ets/entryability/EntryAbility.ets": {
    "version": 3,
    "file": "EntryAbility.ets",
    "sourceRoot": "",
    "sources": [
      "entry/src/main/ets/entryability/EntryAbility.ets"
    ],
    "names": [],
    "mappings": ";;;;;AAIA,MAAM,CAAC,OAAO,OAAO,YAAa,SAAQ,SAAS;IACjD,QAAQ,CAAC,IAAI,EAAE,IAAI,EAAE,WAAW,EAAE,eAAe,CAAC,WAAW,GAAG,IAAI;QAClE,KAAK,CAAC,IAAI,CAAC,MAAM,EAAE,SAAS,EAAE,YAAY,EAAE,kBAAkB,CAAC,CAAC;IAClE,CAAC;IAED,SAAS,IAAI,IAAI;QACf,KAAK,CAAC,IAAI,CAAC,MAAM,EAAE,SAAS,EAAE,YAAY,EAAE,mBAAmB,CAAC,CAAC;IACnE,CAAC;IAED,mBAAmB,CAAC,WAAW,EAAE,MAAM,CAAC,WAAW,GAAG,IAAI;QACxD,yDAAyD;QACzD,KAAK,CAAC,IAAI,CAAC,MAAM,EAAE,SAAS,EAAE,YAAY,EAAE,6BAA6B,CAAC,CAAC;QAE3E,WAAW,CAAC,WAAW,CAAC,aAAa,EAAE,CAAC,GAAG,EAAE,IAAI,EAAE,EAAE;YACnD,IAAI,GAAG,CAAC,IAAI,EAAE;gBACZ,KAAK,CAAC,KAAK,CAAC,MAAM,EAAE,SAAS,EAAE,+CAA+C,EAAE,IAAI,CAAC,SAAS,CAAC,GAAG,CAAC,IAAI,EAAE,CAAC,CAAC;gBAC3G,OAAO;aACR;YACD,KAAK,CAAC,IAAI,CAAC,MAAM,EAAE,SAAS,EAAE,oDAAoD,EAAE,IAAI,CAAC,SAAS,CAAC,IAAI,CAAC,IAAI,EAAE,CAAC,CAAC;QAClH,CAAC,CAAC,CAAC;IACL,CAAC;IAED,oBAAoB,IAAI,IAAI;QAC1B,yDAAyD;QACzD,KAAK,CAAC,IAAI,CAAC,MAAM,EAAE,SAAS,EAAE,YAAY,EAAE,8BAA8B,CAAC,CAAC;IAC9E,CAAC;IAED,YAAY,IAAI,IAAI;QAClB,oCAAoC;QACpC,KAAK,CAAC,IAAI,CAAC,MAAM,EAAE,SAAS,EAAE,YAAY,EAAE,sBAAsB,CAAC,CAAC;IACtE,CAAC;IAED,YAAY,IAAI,IAAI;QAClB,iCAAiC;QACjC,KAAK,CAAC,IAAI,CAAC,MAAM,EAAE,SAAS,EAAE,YAAY,EAAE,sBAAsB,CAAC,CAAC;IACtE,CAAC;CACF"
  },
  "entry/src/main/ets/pages/Index.ets": {
    "version": 3,
    "file": "Index.ets",
    "sourceRoot": "",
    "sources": [
      "entry/src/main/ets/pages/Index.ets"
    ],
    "names": [],
    "mappings": ";;MAEO,KAAK;IAFZ;;;;;;KAAA;;;;;;;;;;;IAGE;;YACE,MAAM;YACN,wBAAwB;YACxB,sCAAsC;YACtC,qCAAqC;YACrC,wBAAwB;YACxB,4CAA4C;YAC5C,yBAAyB;YACzB,KAAK,QAAC,EAAE,YAAY,EAAE,SAAS,CAAC,MAAM,EAAE;;YAPxC,MAAM;YACN,wBAAwB;YACxB,sCAAsC;YACtC,qCAAqC;YACrC,wBAAwB;YACxB,4CAA4C;YAC5C,yBAAyB;YACzB,KAAK,CAqTJ,KAAK,CAAC,MAAM;YA5Tb,MAAM;YACN,wBAAwB;YACxB,sCAAsC;YACtC,qCAAqC;YACrC,wBAAwB;YACxB,4CAA4C;YAC5C,yBAAyB;YACzB,KAAK,CAsTJ,MAAM,CAAC,MAAM;YA7Td,MAAM;YACN,wBAAwB;YACxB,sCAAsC;YACtC,qCAAqC;YACrC,wBAAwB;YACxB,4CAA4C;YAC5C,yBAAyB;YACzB,KAAK,CAuTJ,eAAe,CAAC,SAAS;;;YAtTxB,QAAQ;YACR,KAAK,QAAC,EAAE,YAAY,EAAE,SAAS,CAAC,GAAG,EAAE;;YADrC,QAAQ;YACR,KAAK,CAoQJ,KAAK,CAAC,MAAM;YArQb,QAAQ;YACR,KAAK,CAqQJ,MAAM,CAAC,MAAM;;;YApQZ,KAAK;YACL,GAAG;;YADH,KAAK;YACL,GAAG,CA0CF,OAAO,CAAC,EAAE,IAAI,EAAE,EAAE,EAAE,KAAK,EAAE,EAAE,EAAE;YA3ChC,KAAK;YACL,GAAG,CA2CF,KAAK,CAAC,MAAM;YA5Cb,KAAK;YACL,GAAG,CA4CF,MAAM,CAAC,EAAE;YA7CV,KAAK;YACL,GAAG,CA6CF,eAAe,CAAC,SAAS;YA9C1B,KAAK;YACL,GAAG,CA8CF,MAAM,CAAC,GAAG;;;YA7CT,KAAK;YACL,MAAM;;;;YACJ,IAAI,QAAC,IAAI;;YAAT,IAAI,CAAO,QAAQ,CAAC,EAAE;YAAtB,IAAI,CAAoB,SAAS,CAAC,MAAM;;QAAxC,IAAI;;YACJ,IAAI,QAAC,OAAO;;YAAZ,IAAI,CAAU,QAAQ,CAAC,EAAE;YAAzB,IAAI,CAAuB,SAAS,CAAC,MAAM;;QAA3C,IAAI;;YACJ,KAAK;;YAAL,KAAK,CACF,QAAQ,CAAC;gBACR,CAAC,EAAE,EAAE;gBACL,CAAC,EAAE,CAAC;aACL;YAJH,KAAK,CAKF,KAAK,CAAC,EAAE;YALX,KAAK,CAMF,SAAS,CAAC,MAAM;;QAVrB,KAAK;QACL,MAAM;;YAWN,KAAK;YACL,GAAG;;YADH,KAAK;YACL,GAAG,CAiBF,MAAM,CAAC,EAAE;YAlBV,KAAK;YACL,GAAG,CAkBF,YAAY,CAAC,CAAC;YAnBf,KAAK;YACL,GAAG,CAmBF,eAAe,CAAC,MAAM;YApBvB,KAAK;YACL,GAAG,CAoBF,YAAY,CAAC,CAAC;YArBf,KAAK;YACL,GAAG,CAqBF,MAAM,CAAC,EAAE,IAAI,EAAE,EAAE,EAAE,KAAK,EAAE,EAAE,EAAE;;;YApB7B,KAAK;;YAAL,KAAK,CACF,KAAK,CAAC,EAAE;YADX,KAAK,CAEF,SAAS,CAAC,MAAM;YAFnB,KAAK,CAGF,MAAM,CAAC,EAAE,IAAI,EAAE,CAAC,EAAE,KAAK,EAAE,CAAC,EAAE;;;YAC/B,IAAI,QAAC,SAAS;;YAAd,IAAI,CACD,YAAY,CAAC,CAAC;;QADjB,IAAI;;YAEJ,IAAI,QAAC,IAAI;;YAAT,IAAI,CACD,KAAK,CAAC,EAAE;YADX,IAAI,CAED,SAAS,CAAC,SAAS;YAFtB,IAAI,CAGD,UAAU,CAAC,GAAG;YAHjB,IAAI,CAID,SAAS,CAAC,SAAS,CAAC,MAAM;YAJ7B,IAAI,CAKD,MAAM,CAAC;gBACN,KAAK,EAAE,EAAE,IAAI,EAAE,CAAC,EAAE;gBAClB,KAAK,EAAE,MAAM;aACd;;QARH,IAAI;QARN,KAAK;QACL,GAAG;;YAuBH,KAAK;YACL,KAAK;;YADL,KAAK;YACL,KAAK,CACF,KAAK,CAAC,EAAE;YAFX,KAAK;YACL,KAAK,CAEF,SAAS,CAAC,MAAM;;QAzCrB,KAAK;QACL,GAAG;;YAgDH,OAAO;YACP,MAAM;;;;YACJ,MAAM;;YAAN,MAAM,CA2ML,KAAK,CAAC,MAAM;YA3Mb,MAAM,CA4ML,OAAO,CAAC,EAAE,GAAG,EAAE,EAAE,EAAE,MAAM,EAAE,EAAE,EAAE;;;YA3M9B,YAAY;YACZ,GAAG;;YADH,YAAY;YACZ,GAAG,CAqCF,eAAe,CAAC,SAAS;YAtC1B,YAAY;YACZ,GAAG,CAsCF,OAAO,CAAC,EAAE,GAAG,EAAE,CAAC,EAAE,MAAM,EAAE,EAAE,EAAE;;;YArC7B,MAAM;;YAAN,MAAM,CAOL,YAAY,CAAC,CAAC;;;YANb,KAAK;;YAAL,KAAK,CACF,KAAK,CAAC,EAAE;YADX,KAAK,CAEF,SAAS,CAAC,MAAM;;;YACnB,IAAI,QAAC,KAAK;;YAAV,IAAI,CACD,SAAS,CAAC,MAAM;;QADnB,IAAI;QAJN,MAAM;;YASN,MAAM;;YAAN,MAAM,CAOL,YAAY,CAAC,CAAC;;;YANb,KAAK;;YAAL,KAAK,CACF,KAAK,CAAC,EAAE;YADX,KAAK,CAEF,SAAS,CAAC,MAAM;;;YACnB,IAAI,QAAC,KAAK;;YAAV,IAAI,CACD,SAAS,CAAC,MAAM;;QADnB,IAAI;QAJN,MAAM;;YASN,MAAM;;YAAN,MAAM,CAOL,YAAY,CAAC,CAAC;;;YANb,KAAK;;YAAL,KAAK,CACF,KAAK,CAAC,EAAE;YADX,KAAK,CAEF,SAAS,CAAC,MAAM;;;YACnB,IAAI,QAAC,IAAI;;YAAT,IAAI,CACD,SAAS,CAAC,MAAM;;QADnB,IAAI;QAJN,MAAM;;YASN,MAAM;;YAAN,MAAM,CAOL,YAAY,CAAC,CAAC;;;YANb,KAAK;;YAAL,KAAK,CACF,KAAK,CAAC,EAAE;YADX,KAAK,CAEF,SAAS,CAAC,MAAM;;;YACnB,IAAI,QAAC,IAAI;;YAAT,IAAI,CACD,SAAS,CAAC,MAAM;;QADnB,IAAI;QAJN,MAAM;QA7BR,YAAY;QACZ,GAAG;;YAwCH,mBAAmB;YACnB,MAAM;;YADN,mBAAmB;YACnB,MAAM,CAyJL,KAAK,CAAC,MAAM;YA1Jb,mBAAmB;YACnB,MAAM,CA0JL,eAAe,CAAC,MAAM;YA3JvB,mBAAmB;YACnB,MAAM,CA2JL,YAAY,CAAC;gBACZ,OAAO,EAAE,EAAE;gBACX,QAAQ,EAAE,EAAE;aACb;;;YA7JC,OAAO;YACP,MAAM,QAAC,EAAE,KAAK,EAAE,EAAE,EAAE;;YADpB,OAAO;YACP,MAAM,CAkIL,OAAO,CAAC,EAAE;;;YAjIT,GAAG;;YAAH,GAAG,CAyCF,KAAK,CAAC,MAAM;;;YAxCX,MAAM;;YAAN,MAAM,CAML,YAAY,CAAC,CAAC;;;YALb,KAAK;;YAAL,KAAK,CACF,KAAK,CAAC,EAAE;YADX,KAAK,CACQ,MAAM,CAAC,EAAE,MAAM,EAAE,CAAC,EAAE;;;YACjC,IAAI,QAAC,MAAM;;YAAX,IAAI,CACD,QAAQ,CAAC,EAAE;YADd,IAAI,CACY,SAAS,CAAC,MAAM;;QADhC,IAAI;QAHN,MAAM;;YAQN,MAAM;;YAAN,MAAM,CAML,YAAY,CAAC,CAAC;;;YALb,KAAK;;YAAL,KAAK,CACF,KAAK,CAAC,EAAE;YADX,KAAK,CACQ,MAAM,CAAC,EAAE,MAAM,EAAE,CAAC,EAAE;;;YACjC,IAAI,QAAC,MAAM;;YAAX,IAAI,CACD,QAAQ,CAAC,EAAE;YADd,IAAI,CACY,SAAS,CAAC,MAAM;;QADhC,IAAI;QAHN,MAAM;;YAQN,MAAM;;YAAN,MAAM,CAML,YAAY,CAAC,CAAC;;;YALb,KAAK;;YAAL,KAAK,CACF,KAAK,CAAC,EAAE;YADX,KAAK,CACQ,MAAM,CAAC,EAAE,MAAM,EAAE,CAAC,EAAE;;;YACjC,IAAI,QAAC,IAAI;;YAAT,IAAI,CACD,QAAQ,CAAC,EAAE;YADd,IAAI,CACY,SAAS,CAAC,MAAM;;QADhC,IAAI;QAHN,MAAM;;YAQN,MAAM;;YAAN,MAAM,CAML,YAAY,CAAC,CAAC;;;YALb,KAAK;;YAAL,KAAK,CACF,KAAK,CAAC,EAAE;YADX,KAAK,CACQ,MAAM,CAAC,EAAE,MAAM,EAAE,CAAC,EAAE;;;YACjC,IAAI,QAAC,MAAM;;YAAX,IAAI,CACD,QAAQ,CAAC,EAAE;YADd,IAAI,CACY,SAAS,CAAC,MAAM;;QADhC,IAAI;QAHN,MAAM;;YAQN,MAAM;;YAAN,MAAM,CAML,YAAY,CAAC,CAAC;;;YALb,KAAK;;YAAL,KAAK,CACF,KAAK,CAAC,EAAE;YADX,KAAK,CACQ,MAAM,CAAC,EAAE,MAAM,EAAE,CAAC,EAAE;;;YACjC,IAAI,QAAC,MAAM;;YAAX,IAAI,CACD,QAAQ,CAAC,EAAE;YADd,IAAI,CACY,SAAS,CAAC,MAAM;;QADhC,IAAI;QAHN,MAAM;QAjCR,GAAG;;YA2CH,GAAG;;YAAH,GAAG,CAyCF,KAAK,CAAC,MAAM;;;YAxCX,MAAM;;YAAN,MAAM,CAML,YAAY,CAAC,CAAC;;;YALb,KAAK;;YAAL,KAAK,CACF,KAAK,CAAC,EAAE;YADX,KAAK,CACQ,MAAM,CAAC,EAAE,MAAM,EAAE,CAAC,EAAE;;;YACjC,IAAI,QAAC,KAAK;;YAAV,IAAI,CACD,QAAQ,CAAC,EAAE;YADd,IAAI,CACY,SAAS,CAAC,MAAM;;QADhC,IAAI;QAHN,MAAM;;YAQN,MAAM;;YAAN,MAAM,CAML,YAAY,CAAC,CAAC;;;YALb,KAAK;;YAAL,KAAK,CACF,KAAK,CAAC,EAAE;YADX,KAAK,CACQ,MAAM,CAAC,EAAE,MAAM,EAAE,CAAC,EAAE;;;YACjC,IAAI,QAAC,IAAI;;YAAT,IAAI,CACD,QAAQ,CAAC,EAAE;YADd,IAAI,CACY,SAAS,CAAC,MAAM;;QADhC,IAAI;QAHN,MAAM;;YAQN,MAAM;;YAAN,MAAM,CAML,YAAY,CAAC,CAAC;;;YALb,KAAK;;YAAL,KAAK,CACF,KAAK,CAAC,EAAE;YADX,KAAK,CACQ,MAAM,CAAC,EAAE,MAAM,EAAE,CAAC,EAAE;;;YACjC,IAAI,QAAC,MAAM;;YAAX,IAAI,CACD,QAAQ,CAAC,EAAE;YADd,IAAI,CACY,SAAS,CAAC,MAAM;;QADhC,IAAI;QAHN,MAAM;;YAQN,MAAM;;YAAN,MAAM,CAML,YAAY,CAAC,CAAC;;;YALb,KAAK;;YAAL,KAAK,CACF,KAAK,CAAC,EAAE;YADX,KAAK,CACQ,MAAM,CAAC,EAAE,MAAM,EAAE,CAAC,EAAE;;;YACjC,IAAI,QAAC,KAAK;;YAAV,IAAI,CACD,QAAQ,CAAC,EAAE;YADd,IAAI,CACY,SAAS,CAAC,MAAM;;QADhC,IAAI;QAHN,MAAM;;YAQN,MAAM;;YAAN,MAAM,CAML,YAAY,CAAC,CAAC;;;YALb,KAAK;;YAAL,KAAK,CACF,KAAK,CAAC,EAAE;YADX,KAAK,CACQ,MAAM,CAAC,EAAE,MAAM,EAAE,CAAC,EAAE;;;YACjC,IAAI,QAAC,KAAK;;YAAV,IAAI,CACD,QAAQ,CAAC,EAAE;YADd,IAAI,CACY,SAAS,CAAC,MAAM;;QADhC,IAAI;QAHN,MAAM;QAjCR,GAAG;;YA2CH,GAAG;;YAAH,GAAG,CAyCF,KAAK,CAAC,MAAM;;;YAxCX,MAAM;;YAAN,MAAM,CAML,YAAY,CAAC,CAAC;;;YALb,KAAK;;YAAL,KAAK,CACF,KAAK,CAAC,EAAE;YADX,KAAK,CACQ,MAAM,CAAC,EAAE,MAAM,EAAE,CAAC,EAAE;;;YACjC,IAAI,QAAC,MAAM;;YAAX,IAAI,CACD,QAAQ,CAAC,EAAE;YADd,IAAI,CACY,SAAS,CAAC,MAAM;;QADhC,IAAI;QAHN,MAAM;;YAQN,MAAM;;YAAN,MAAM,CAML,YAAY,CAAC,CAAC;;;YALb,KAAK;;YAAL,KAAK,CACF,KAAK,CAAC,EAAE;YADX,KAAK,CACQ,MAAM,CAAC,EAAE,MAAM,EAAE,CAAC,EAAE;;;YACjC,IAAI,QAAC,IAAI;;YAAT,IAAI,CACD,QAAQ,CAAC,EAAE;YADd,IAAI,CACY,SAAS,CAAC,MAAM;;QADhC,IAAI;QAHN,MAAM;;YAQN,MAAM;;YAAN,MAAM,CAML,YAAY,CAAC,CAAC;;;YALb,KAAK;;YAAL,KAAK,CACF,KAAK,CAAC,EAAE;YADX,KAAK,CACQ,MAAM,CAAC,EAAE,MAAM,EAAE,CAAC,EAAE;;;YACjC,IAAI,QAAC,MAAM;;YAAX,IAAI,CACD,QAAQ,CAAC,EAAE;YADd,IAAI,CACY,SAAS,CAAC,MAAM;;QADhC,IAAI;QAHN,MAAM;;YAQN,MAAM;;YAAN,MAAM,CAML,YAAY,CAAC,CAAC;;;YALb,KAAK;;YAAL,KAAK,CACF,KAAK,CAAC,EAAE;YADX,KAAK,CACQ,MAAM,CAAC,EAAE,MAAM,EAAE,CAAC,EAAE;;;YACjC,IAAI,QAAC,MAAM;;YAAX,IAAI,CACD,QAAQ,CAAC,EAAE;YADd,IAAI,CACY,SAAS,CAAC,MAAM;;QADhC,IAAI;QAHN,MAAM;;YAQN,MAAM;;YAAN,MAAM,CAML,YAAY,CAAC,CAAC;;;YALb,KAAK;;YAAL,KAAK,CACF,KAAK,CAAC,EAAE;YADX,KAAK,CACQ,MAAM,CAAC,EAAE,MAAM,EAAE,CAAC,EAAE;;;YACjC,IAAI,QAAC,IAAI;;YAAT,IAAI,CACD,QAAQ,CAAC,EAAE;YADd,IAAI,CACY,SAAS,CAAC,MAAM;;QADhC,IAAI;QAHN,MAAM;QAjCR,GAAG;QAxFL,OAAO;QACP,MAAM;;YAoIN,MAAM;YACN,GAAG,QAAC,EAAE,KAAK,EAAE,CAAC,EAAE;;YADhB,MAAM;YACN,GAAG,CAQF,OAAO,CAAC,EAAE;;;YAPT,KAAK;;YAAL,KAAK,CACF,YAAY,CAAC,CAAC;;;YACjB,KAAK;;YAAL,KAAK,CACF,YAAY,CAAC,CAAC;;;YACjB,KAAK;;YAAL,KAAK,CACF,YAAY,CAAC,CAAC;;QAPnB,MAAM;QACN,GAAG;;YAUH,MAAM,QAAC,EAAE,KAAK,EAAE,EAAE,EAAE;;YAApB,MAAM,CAML,OAAO,CAAC,EAAE;;;YALT,KAAK;;YAAL,KAAK,CACF,KAAK,CAAC,MAAM;;;YACf,KAAK;;YAAL,KAAK,CACF,KAAK,CAAC,MAAM;;QAJjB,MAAM;QAlJR,mBAAmB;QACnB,MAAM;QA3CR,MAAM;QAFR,OAAO;QACP,MAAM;QApDR,QAAQ;QACR,KAAK;;YAuQL,WAAW;YACX,GAAG;;YADH,WAAW;YACX,GAAG,CAuCF,KAAK,CAAC,MAAM;YAxCb,WAAW;YACX,GAAG,CAwCF,MAAM,CAAC,EAAE;YAzCV,WAAW;YACX,GAAG,CAyCF,eAAe,CAAC,SAAS;;;YAxCxB,MAAM;;YAAN,MAAM,CAIL,YAAY,CAAC,CAAC;;;YAHb,KAAK;;YAAL,KAAK,CACF,KAAK,CAAC,EAAE;;QAFb,MAAM;;YAMN,MAAM;;YAAN,MAAM,CAML,YAAY,CAAC,CAAC;;;YALb,KAAK;;YAAL,KAAK,CACF,KAAK,CAAC,EAAE;YADX,KAAK,CACQ,MAAM,CAAC,EAAE,MAAM,EAAE,CAAC,EAAE;;;YACjC,IAAI,QAAC,IAAI;;YAAT,IAAI,CACD,QAAQ,CAAC,EAAE;;QADd,IAAI;QAHN,MAAM;;YAQN,MAAM;;YAAN,MAAM,CAML,YAAY,CAAC,CAAC;;;YALb,KAAK;;YAAL,KAAK,CACF,KAAK,CAAC,EAAE;YADX,KAAK,CACQ,MAAM,CAAC,EAAE,MAAM,EAAE,CAAC,EAAE;;;YACjC,IAAI,QAAC,IAAI;;YAAT,IAAI,CACD,QAAQ,CAAC,EAAE;;QADd,IAAI;QAHN,MAAM;;YAQN,MAAM;;YAAN,MAAM,CAML,YAAY,CAAC,CAAC;;;YALb,KAAK;;YAAL,KAAK,CACF,KAAK,CAAC,EAAE;YADX,KAAK,CACQ,MAAM,CAAC,EAAE,MAAM,EAAE,CAAC,EAAE;;;YACjC,IAAI,QAAC,IAAI;;YAAT,IAAI,CACD,QAAQ,CAAC,EAAE;;QADd,IAAI;QAHN,MAAM;;YAQN,MAAM;;YAAN,MAAM,CAML,YAAY,CAAC,CAAC;;;YALb,KAAK;;YAAL,KAAK,CACF,KAAK,CAAC,EAAE;YADX,KAAK,CACQ,MAAM,CAAC,EAAE,MAAM,EAAE,CAAC,EAAE;;;YACjC,IAAI,QAAC,IAAI;;YAAT,IAAI,CACD,QAAQ,CAAC,EAAE;;QADd,IAAI;QAHN,MAAM;QAhCR,WAAW;QACX,GAAG;QAjRL,MAAM;QACN,wBAAwB;QACxB,sCAAsC;QACtC,qCAAqC;QACrC,wBAAwB;QACxB,4CAA4C;QAC5C,yBAAyB;QACzB,KAAK;KAwTN"
  }
}