{
  "entry/src/main/ets/entryability/EntryAbility.ets": {
    "version": 3,
    "file": "EntryAbility.ets",
    "sourceRoot": "",
    "sources": [
      "entry/src/main/ets/entryability/EntryAbility.ets"
    ],
    "names": [],
    "mappings": ";;;;;AAIA,MAAM,CAAC,OAAO,OAAO,YAAa,SAAQ,SAAS;IACjD,QAAQ,CAAC,IAAI,EAAE,IAAI,EAAE,WAAW,EAAE,eAAe,CAAC,WAAW,GAAG,IAAI;QAClE,KAAK,CAAC,IAAI,CAAC,MAAM,EAAE,SAAS,EAAE,YAAY,EAAE,kBAAkB,CAAC,CAAC;IAClE,CAAC;IAED,SAAS,IAAI,IAAI;QACf,KAAK,CAAC,IAAI,CAAC,MAAM,EAAE,SAAS,EAAE,YAAY,EAAE,mBAAmB,CAAC,CAAC;IACnE,CAAC;IAED,mBAAmB,CAAC,WAAW,EAAE,MAAM,CAAC,WAAW,GAAG,IAAI;QACxD,yDAAyD;QACzD,KAAK,CAAC,IAAI,CAAC,MAAM,EAAE,SAAS,EAAE,YAAY,EAAE,6BAA6B,CAAC,CAAC;QAE3E,WAAW,CAAC,WAAW,CAAC,aAAa,EAAE,CAAC,GAAG,EAAE,IAAI,EAAE,EAAE;YACnD,IAAI,GAAG,CAAC,IAAI,EAAE;gBACZ,KAAK,CAAC,KAAK,CAAC,MAAM,EAAE,SAAS,EAAE,+CAA+C,EAAE,IAAI,CAAC,SAAS,CAAC,GAAG,CAAC,IAAI,EAAE,CAAC,CAAC;gBAC3G,OAAO;aACR;YACD,KAAK,CAAC,IAAI,CAAC,MAAM,EAAE,SAAS,EAAE,oDAAoD,EAAE,IAAI,CAAC,SAAS,CAAC,IAAI,CAAC,IAAI,EAAE,CAAC,CAAC;QAClH,CAAC,CAAC,CAAC;IACL,CAAC;IAED,oBAAoB,IAAI,IAAI;QAC1B,yDAAyD;QACzD,KAAK,CAAC,IAAI,CAAC,MAAM,EAAE,SAAS,EAAE,YAAY,EAAE,8BAA8B,CAAC,CAAC;IAC9E,CAAC;IAED,YAAY,IAAI,IAAI;QAClB,oCAAoC;QACpC,KAAK,CAAC,IAAI,CAAC,MAAM,EAAE,SAAS,EAAE,YAAY,EAAE,sBAAsB,CAAC,CAAC;IACtE,CAAC;IAED,YAAY,IAAI,IAAI;QAClB,iCAAiC;QACjC,KAAK,CAAC,IAAI,CAAC,MAAM,EAAE,SAAS,EAAE,YAAY,EAAE,sBAAsB,CAAC,CAAC;IACtE,CAAC;CACF"
  },
  "entry/src/main/ets/pages/Index.ets": {
    "version": 3,
    "file": "Index.ets",
    "sourceRoot": "",
    "sources": [
      "entry/src/main/ets/pages/Index.ets"
    ],
    "names": [],
    "mappings": ";IAIS,aAAa,GAAE,MAAM;;MAFvB,KAAK;IAFZ;;;;;4DAIiC,CAAC;;KAJlC;;;;;;;;;;;;;;;;IAGE,gBAAgB;IAChB,kDAAsB,MAAM,EAAI;QAAzB,aAAa;;;QAAb,aAAa,WAAE,MAAM;;;IAG5B,SAAS,CAAE,SAAS,EAAE,MAAM,EAAE,KAAK,EAAE,MAAM,EAAE,GAAG,EAAE,WAAW,EAAE,MAAM,EAAE,WAAW;;YAChF,2CAA2C;YAC3C,MAAM;;;;YACJ,KAAK,QAAC,SAAS,IAAI,IAAI,CAAC,aAAa,CAAC,CAAC,CAAC,MAAM,CAAC,CAAC,CAAC,GAAG;;YAApD,KAAK,CACF,KAAK,CAAC,EAAE;;;YACX,IAAI,QAAC,KAAK;;YAAV,IAAI,CACD,SAAS,CAAC,SAAS,IAAI,IAAI,CAAC,aAAa,CAAC,CAAC,CAAC,KAAK,CAAC,GAAG,CAAC,CAAC,CAAC,KAAK,CAAC,KAAK;;QADtE,IAAI;QAJN,2CAA2C;QAC3C,MAAM;KAMP;IAGD,aAAa;;YACX,KAAK;;YAAL,KAAK,CACF,KAAK,CAAC,EAAE;YADX,KAAK,CAEF,MAAM,CAAC,EAAE,MAAM,EAAE,EAAE,EAAE;;KACzB;IAED;;YACE,IAAI,QAAC,EAAE,WAAW,EAAE,WAAW,CAAC,GAAG,EAAE;;YAArC,IAAI,CA2BH,QAAQ,CAAC,CAAC,KAAK,EAAE,MAAM,EAAE,EAAE;gBAC1B,8BAA8B;gBAC9B,IAAI,CAAC,aAAa,GAAG,KAAK,CAAA;YAC5B,CAAC;YA9BD,IAAI,CA+BH,iBAAiB,CAAC,CAAC;YA/BpB,IAAI,CAgCH,UAAU,CAAC,KAAK;;;;;oBA9Bb,IAAI,QAAC,MAAM;;;gBAAX,IAAI;;uBAEL,MAAM;oBAAC,IAAI,CAAC,SAAS,YAAC,CAAC,EAAE,IAAI;;;;;;;;oBAG5B,IAAI,QAAC,MAAM;;;gBAAX,IAAI;;uBAEL,MAAM;oBAAC,IAAI,CAAC,SAAS,YAAC,CAAC,EAAE,IAAI;;;;;;;;oBAI5B,IAAI,QAAC,MAAM;;;gBAAX,IAAI;;uBAEL,MAAM;oBAAC,IAAI,CAAC,aAAa;;;;;;;;oBAGxB,IAAI,QAAC,OAAO;;;gBAAZ,IAAI;;uBAEL,MAAM;oBAAC,IAAI,CAAC,SAAS,YAAC,CAAC,EAAE,KAAK;;;;;;;;oBAG7B,IAAI,QAAC,MAAM;;;gBAAX,IAAI;;uBAEL,MAAM;oBAAC,IAAI,CAAC,SAAS,YAAC,CAAC,EAAE,IAAI;;;;;QAzBhC,IAAI;KAiCL"
  }
}