{
  "entry/src/main/ets/entryability/EntryAbility.ets": {
    "version": 3,
    "file": "EntryAbility.ets",
    "sourceRoot": "",
    "sources": [
      "entry/src/main/ets/entryability/EntryAbility.ets"
    ],
    "names": [],
    "mappings": ";;;;;AAIA,MAAM,CAAC,OAAO,OAAO,YAAa,SAAQ,SAAS;IACjD,QAAQ,CAAC,IAAI,EAAE,IAAI,EAAE,WAAW,EAAE,eAAe,CAAC,WAAW,GAAG,IAAI;QAClE,KAAK,CAAC,IAAI,CAAC,MAAM,EAAE,SAAS,EAAE,YAAY,EAAE,kBAAkB,CAAC,CAAC;IAClE,CAAC;IAED,SAAS,IAAI,IAAI;QACf,KAAK,CAAC,IAAI,CAAC,MAAM,EAAE,SAAS,EAAE,YAAY,EAAE,mBAAmB,CAAC,CAAC;IACnE,CAAC;IAED,mBAAmB,CAAC,WAAW,EAAE,MAAM,CAAC,WAAW,GAAG,IAAI;QACxD,yDAAyD;QACzD,KAAK,CAAC,IAAI,CAAC,MAAM,EAAE,SAAS,EAAE,YAAY,EAAE,6BAA6B,CAAC,CAAC;QAE3E,WAAW,CAAC,WAAW,CAAC,aAAa,EAAE,CAAC,GAAG,EAAE,IAAI,EAAE,EAAE;YACnD,IAAI,GAAG,CAAC,IAAI,EAAE;gBACZ,KAAK,CAAC,KAAK,CAAC,MAAM,EAAE,SAAS,EAAE,+CAA+C,EAAE,IAAI,CAAC,SAAS,CAAC,GAAG,CAAC,IAAI,EAAE,CAAC,CAAC;gBAC3G,OAAO;aACR;YACD,KAAK,CAAC,IAAI,CAAC,MAAM,EAAE,SAAS,EAAE,oDAAoD,EAAE,IAAI,CAAC,SAAS,CAAC,IAAI,CAAC,IAAI,EAAE,CAAC,CAAC;QAClH,CAAC,CAAC,CAAC;IACL,CAAC;IAED,oBAAoB,IAAI,IAAI;QAC1B,yDAAyD;QACzD,KAAK,CAAC,IAAI,CAAC,MAAM,EAAE,SAAS,EAAE,YAAY,EAAE,8BAA8B,CAAC,CAAC;IAC9E,CAAC;IAED,YAAY,IAAI,IAAI;QAClB,oCAAoC;QACpC,KAAK,CAAC,IAAI,CAAC,MAAM,EAAE,SAAS,EAAE,YAAY,EAAE,sBAAsB,CAAC,CAAC;IACtE,CAAC;IAED,YAAY,IAAI,IAAI;QAClB,iCAAiC;QACjC,KAAK,CAAC,IAAI,CAAC,MAAM,EAAE,SAAS,EAAE,YAAY,EAAE,sBAAsB,CAAC,CAAC;IACtE,CAAC;CACF"
  },
  "entry/src/main/ets/pages/Index.ets": {
    "version": 3,
    "file": "Index.ets",
    "sourceRoot": "",
    "sources": [
      "entry/src/main/ets/pages/Index.ets"
    ],
    "names": [],
    "mappings": ";IAuBS,IAAI,GAAE,MAAM;IACZ,IAAI,GAAE,MAAM;;;IAtBb,GAAG,GAAE,MAAM;IACjB,KAAK;IACL,KAAK;;MAHA,WAAW;IADlB;;;;;;qBAGU,GAAG,EAAE,GAAE,CAAC;qBACR,GAAG,EAAE,GAAE,CAAC;;KAJlB;;;2BAEsB,CAAC;;;;;;;;;;gCAAf,GAAG;;;;;;;;;;IAAT,6CAAW,MAAM,EAAI;QAAf,GAAG;;;QAAH,GAAG,WAAE,MAAM;;;IACjB,cAAgB;IAChB,cAAgB;IAChB;;YACE,QAAQ;YACR,GAAG,QAAC,EAAE,KAAK,EAAE,CAAC,EAAE;;;;YACd,MAAM,iBAAC,GAAG;;YAAV,MAAM,CAAM,OAAO,CAAC,GAAG,EAAE;gBACvB,IAAI,CAAC,KAAK,EAAE,CAAA;YACd,CAAC;;QAFD,MAAM;;YAGN,IAAI,QAAC,IAAI,CAAC,GAAG,CAAC,QAAQ,EAAE;;;QAAxB,IAAI;;YACJ,MAAM,iBAAC,GAAG;;YAAV,MAAM,CAAM,OAAO,CAAC,GAAG,EAAE;gBACvB,IAAI,CAAC,KAAK,EAAE,CAAA;YACd,CAAC;;QAFD,MAAM;QANR,QAAQ;QACR,GAAG;KASJ;;;;;MAMI,KAAK;IAFZ;;;;;mDAGwB,CAAC;mDACD,CAAC;;KAPxB;;;;;;;;;;;;;;;;;;;;;IAMC,yCAAa,MAAM,EAAI;QAAhB,IAAI;;;QAAJ,IAAI,WAAE,MAAM;;;IACnB,yCAAa,MAAM,EAAI;QAAhB,IAAI;;;QAAJ,IAAI,WAAE,MAAM;;;IACnB;;YACE,MAAM;;YAAN,MAAM,CAkBL,OAAO,CAAC,EAAE;;;YAjBT,GAAG;;;;YACD,IAAI,QAAC,IAAI;;;QAAT,IAAI;;;;4CACJ,WAAW,OAAC;wBACV,GAAG,EAAE,IAAI,CAAC,IAAI;wBACd,KAAK,EAAE,GAAG,EAAE,CAAC,IAAI,CAAC,IAAI,EAAE;wBACxB,KAAK,EAAE,GAAG,EAAE,CAAC,IAAI,CAAC,IAAI,EAAE;qBACzB;;;;4BAHC,GAAG,EAAE,IAAI,CAAC,IAAI;4BACd,KAAK,EAAE,GAAG,EAAE,CAAC,IAAI,CAAC,IAAI,EAAE;4BACxB,KAAK,EAAE,GAAG,EAAE,CAAC,IAAI,CAAC,IAAI,EAAE;;;;;;;wBAFxB,GAAG,EAAE,IAAI,CAAC,IAAI;;;;;QAHlB,GAAG;;YAQH,GAAG;;;;YACD,IAAI,QAAC,IAAI;;;QAAT,IAAI;;;;4CACJ,WAAW,OAAC;wBACV,GAAG,EAAE,IAAI,CAAC,IAAI;wBACd,KAAK,EAAE,GAAG,EAAE,CAAC,IAAI,CAAC,IAAI,EAAE;wBACxB,KAAK,EAAE,GAAG,EAAE,CAAC,IAAI,CAAC,IAAI,EAAE;qBACzB;;;;4BAHC,GAAG,EAAE,IAAI,CAAC,IAAI;4BACd,KAAK,EAAE,GAAG,EAAE,CAAC,IAAI,CAAC,IAAI,EAAE;4BACxB,KAAK,EAAE,GAAG,EAAE,CAAC,IAAI,CAAC,IAAI,EAAE;;;;;;;wBAFxB,GAAG,EAAE,IAAI,CAAC,IAAI;;;;;QAHlB,GAAG;QATL,MAAM;KAmBP"
  }
}