{":Part3Demo:entry:default@PreBuild":{"_inputs":[{"dataType":"ValueEntry","value":"{\"_name\":\"BUILTIN_TASK_COMMAND\",\"_value\":\"\",\"_valueType\":\"string\",\"_hash\":\"0b5d05294fdf4e78e8482ef53eb64ac0\"}"},{"dataType":"ValueEntry","value":"{\"_name\":\"BUILTIN_TASK_ENV\",\"_value\":\"\",\"_valueType\":\"string\",\"_hash\":\"cdcdc2ec8062ca9ec1de46dbf2bbc053\"}"},{"dataType":"ValueEntry","value":"{\"_name\":\"BUILTIN_TASK_TOOLCHAIN\",\"_value\":\"\",\"_valueType\":\"string\",\"_hash\":\"e7f94a9422a8bc317a7d90b58efcb5f6\"}"},{"dataType":"ValueEntry","value":"{\"_name\":\"apiType\",\"_value\":\"stageMode\",\"_valueType\":\"string\",\"_hash\":\"699c7565645ea3ea8c88551a4926a3d5\"}"},{"dataType":"ValueEntry","value":"{\"_name\":\"codeType\",\"_value\":true,\"_valueType\":\"boolean\",\"_hash\":\"d6dcf21a9f078b661283507536e57ce8\"}"},{"dataType":"ValueEntry","value":"{\"_name\":\"compatibleApiVersion\",\"_value\":11,\"_valueType\":\"number\",\"_hash\":\"93f5cd3d75ef7f4c00083401b682d592\"}"},{"dataType":"ValueEntry","value":"{\"_name\":\"compileApiVersion\",\"_value\":11,\"_valueType\":\"number\",\"_hash\":\"e44e5a65058824d789a8244107920ae0\"}"},{"dataType":"ValueEntry","value":"{\"_name\":\"customTypes\",\"_value\":\"\",\"_valueType\":\"string\",\"_hash\":\"970a2695bffac1c5a4fa283dc36050e3\"}"},{"dataType":"ValueEntry","value":"{\"_name\":\"deviceType\",\"_value\":[\"phone\",\"tablet\",\"2in1\"],\"_valueType\":\"object\",\"_hash\":\"82734343919a9219c848a93ce88dfb4d\"}"},{"dataType":"ValueEntry","value":"{\"_name\":\"isSupportOhpmProj\",\"_value\":true,\"_valueType\":\"boolean\",\"_hash\":\"f3a249d7e3f751316e931b8a08b074b4\"}"},{"dataType":"ValueEntry","value":"{\"_name\":\"profileModuleName\",\"_value\":\"entry\",\"_valueType\":\"string\",\"_hash\":\"b174ea6ff5824844dde5ad92f6b3ef2b\"}"},{"dataType":"ValueEntry","value":"{\"_name\":\"sdkToolchainsComponentVersion\",\"_value\":\"4.1.0.52\",\"_valueType\":\"string\",\"_hash\":\"c843d490b4f5225a4ea639ef4e473e76\"}"},{"dataType":"ValueEntry","value":"{\"_name\":\"targetStatusCode\",\"_value\":2,\"_valueType\":\"number\",\"_hash\":\"5a9255c0f4ee50904a9349ebafca8369\"}"}],"_successful":true,"_projectName":"Part3Demo","_moduleName":"entry","_taskName":"default@PreBuild","_key":":Part3Demo:entry:default@PreBuild","_executionId":":Part3Demo:entry:default@PreBuild:1712980278849","_inputFiles":{"dataType":"Map","value":[["/Users/jepson/Desktop/Harmony/projects/Part3Demo/AppScope/app.json5",{"isDirectory":false,"fileSnapShotHashValue":"7f3ab6eec8f3faac01930a5bbdc79fa8"}],["/Users/jepson/Desktop/Harmony/projects/Part3Demo/entry/src/main/module.json5",{"isDirectory":false,"fileSnapShotHashValue":"01d49757070c79a8644f5db9bfd10411"}],["/Users/jepson/Desktop/Harmony/projects/Part3Demo/build-profile.json5",{"fileSnapShotHashValue":"a271449e363554d60e639001469043df"}],["/Users/jepson/Desktop/Harmony/projects/Part3Demo/entry/build-profile.json5",{"fileSnapShotHashValue":"ed743e2c7b594d18b30788c2e9f411ae"}],["/Users/jepson/Desktop/Harmony/projects/Part3Demo/entry/src/main/resources/base/profile/main_pages.json",{"fileSnapShotHashValue":"a44bf21aca2d3f7b787bc288dc80e358"}],["/Users/jepson/Desktop/Harmony/projects/Part3Demo/entry/oh-package.json5",{"fileSnapShotHashValue":"26eeb0f9c8ca6478a25092e5509bdb2f"}]]},"_outputFiles":{"dataType":"Map","value":[]}},":Part3Demo:entry:default@CreateBuildProfile":{"_inputs":[{"dataType":"ValueEntry","value":"{\"_name\":\"BUILTIN_TASK_COMMAND\",\"_value\":\"\",\"_valueType\":\"string\",\"_hash\":\"0b5d05294fdf4e78e8482ef53eb64ac0\"}"},{"dataType":"ValueEntry","value":"{\"_name\":\"BUILTIN_TASK_ENV\",\"_value\":\"\",\"_valueType\":\"string\",\"_hash\":\"cdcdc2ec8062ca9ec1de46dbf2bbc053\"}"},{"dataType":"ValueEntry","value":"{\"_name\":\"BUILTIN_TASK_TOOLCHAIN\",\"_value\":\"\",\"_valueType\":\"string\",\"_hash\":\"e7f94a9422a8bc317a7d90b58efcb5f6\"}"},{"dataType":"ValueEntry","value":"{\"_name\":\"buildMode\",\"_value\":\"Debug\",\"_valueType\":\"string\",\"_hash\":\"8120d22ada0d6de22b101e1f4ea16e81\"}"},{"dataType":"ValueEntry","value":"{\"_name\":\"buildModeName\",\"_value\":\"debug\",\"_valueType\":\"string\",\"_hash\":\"3f0246ea410fd9efa9fc7196cca045e3\"}"}],"_successful":true,"_projectName":"Part3Demo","_moduleName":"entry","_taskName":"default@CreateBuildProfile","_key":":Part3Demo:entry:default@CreateBuildProfile","_executionId":":Part3Demo:entry:default@CreateBuildProfile:1712980278926","_inputFiles":{"dataType":"Map","value":[["/Users/jepson/Desktop/Harmony/projects/Part3Demo/AppScope/app.json5",{"fileSnapShotHashValue":"7f3ab6eec8f3faac01930a5bbdc79fa8"}],["/Users/jepson/Desktop/Harmony/projects/Part3Demo/build-profile.json5",{"fileSnapShotHashValue":"a271449e363554d60e639001469043df"}]]},"_outputFiles":{"dataType":"Map","value":[["/Users/jepson/Desktop/Harmony/projects/Part3Demo/entry/.preview/default/generated/profile/default/BuildProfile.ets",{"fileSnapShotHashValue":"e97d441a9674f7033e2c1e0dfceffbc0"}]]}},":Part3Demo:entry:default@GenerateLoaderJson":{"_inputs":[{"dataType":"ValueEntry","value":"{\"_name\":\"BUILTIN_TASK_COMMAND\",\"_value\":\"\",\"_valueType\":\"string\",\"_hash\":\"0b5d05294fdf4e78e8482ef53eb64ac0\"}"},{"dataType":"ValueEntry","value":"{\"_name\":\"BUILTIN_TASK_ENV\",\"_value\":\"\",\"_valueType\":\"string\",\"_hash\":\"cdcdc2ec8062ca9ec1de46dbf2bbc053\"}"},{"dataType":"ValueEntry","value":"{\"_name\":\"BUILTIN_TASK_TOOLCHAIN\",\"_value\":\"\",\"_valueType\":\"string\",\"_hash\":\"e7f94a9422a8bc317a7d90b58efcb5f6\"}"},{"dataType":"ValueEntry","value":"{\"_name\":\"anBuildMode\",\"_value\":\"type\",\"_valueType\":\"string\",\"_hash\":\"de241a1eec94a2a622ff1c89f32846a2\"}"},{"dataType":"ValueEntry","value":"{\"_name\":\"apPath\",\"_value\":\"/Users/jepson/Desktop/Harmony/projects/Part3Demo/entry/modules.ap\",\"_valueType\":\"string\",\"_hash\":\"793a36290a631e89d669e373676b75bd\"}"},{"dataType":"ValueEntry","value":"{\"_name\":\"compileMode\",\"_value\":\"esmodule\",\"_valueType\":\"string\",\"_hash\":\"dacafc8e0b77a950178a0b4d142dc32c\"}"},{"dataType":"ValueEntry","value":"{\"_name\":\"fallbackAnBuild\",\"_value\":false,\"_valueType\":\"boolean\",\"_hash\":\"a63e98bb3f368ced6ed4d5579ea7ca39\"}"},{"dataType":"ValueEntry","value":"{\"_name\":\"harNameOhmMap\",\"_value\":\"{}\",\"_valueType\":\"string\",\"_hash\":\"0faf006bccbcdc2c7f04ff2d8c87894f\"}"},{"dataType":"ValueEntry","value":"{\"_name\":\"modulePathMap\",\"_value\":\"{\\\"entry\\\":\\\"/Users/jepson/Desktop/Harmony/projects/Part3Demo/entry\\\"}\",\"_valueType\":\"string\",\"_hash\":\"72f62d446bd4144ee355b2bf8838cbb1\"}"},{"dataType":"ValueEntry","value":"{\"_name\":\"nodeModulesPath\",\"_value\":\"/Users/jepson/Desktop/Harmony/projects/Part3Demo/entry/.preview/default/intermediates/loader_out/default/node_modules\",\"_valueType\":\"string\",\"_hash\":\"19a85f7594e8c0861b06f098efc143ac\"}"},{"dataType":"ValueEntry","value":"{\"_name\":\"projectRootPath\",\"_value\":\"/Users/jepson/Desktop/Harmony/projects/Part3Demo\",\"_valueType\":\"string\",\"_hash\":\"923c8ad513c799cff3b49d5b6c93df8b\"}"},{"dataType":"ValueEntry","value":"{\"_name\":\"targetConfig\",\"_value\":\"{\\\"name\\\":\\\"default\\\"}\",\"_valueType\":\"string\",\"_hash\":\"44f0c01d44e2bbf4013c5bb1f232e1fe\"}"}],"_successful":true,"_projectName":"Part3Demo","_moduleName":"entry","_taskName":"default@GenerateLoaderJson","_key":":Part3Demo:entry:default@GenerateLoaderJson","_executionId":":Part3Demo:entry:default@GenerateLoaderJson:1712980278929","_inputFiles":{"dataType":"Map","value":[["/Users/jepson/Desktop/Harmony/projects/Part3Demo/entry/src/mock/mock-config.json5",{"fileSnapShotHashValue":"f236a47d07e17034ac3409096cbf7823"}]]},"_outputFiles":{"dataType":"Map","value":[["/Users/jepson/Desktop/Harmony/projects/Part3Demo/entry/.preview/default/intermediates/loader/default/loader.json",{"isDirectory":false,"fileSnapShotHashValue":"c775dd0b8dcad4cb320fedc6c62c67f5"}]]}},":Part3Demo:entry:default@MergeProfile":{"_inputs":[{"dataType":"ValueEntry","value":"{\"_name\":\"BUILTIN_TASK_COMMAND\",\"_value\":\"\",\"_valueType\":\"string\",\"_hash\":\"0b5d05294fdf4e78e8482ef53eb64ac0\"}"},{"dataType":"ValueEntry","value":"{\"_name\":\"BUILTIN_TASK_ENV\",\"_value\":\"\",\"_valueType\":\"string\",\"_hash\":\"cdcdc2ec8062ca9ec1de46dbf2bbc053\"}"},{"dataType":"ValueEntry","value":"{\"_name\":\"BUILTIN_TASK_TOOLCHAIN\",\"_value\":\"\",\"_valueType\":\"string\",\"_hash\":\"e7f94a9422a8bc317a7d90b58efcb5f6\"}"},{"dataType":"ValueEntry","value":"{\"_name\":\"asanEnable\",\"_value\":false,\"_valueType\":\"boolean\",\"_hash\":\"bc2129ba20a21b7e5234139ede1b4d7b\"}"},{"dataType":"ValueEntry","value":"{\"_name\":\"buildRoot\",\"_value\":\".preview\",\"_valueType\":\"string\",\"_hash\":\"88e9a315669657b02bc470a13f92befe\"}"},{"dataType":"ValueEntry","value":"{\"_name\":\"compatibleSdkVersion\",\"_value\":11,\"_valueType\":\"number\",\"_hash\":\"0a9ae1c2a584e001c6822783c8cf9636\"}"},{"dataType":"ValueEntry","value":"{\"_name\":\"isDebug\",\"_value\":true,\"_valueType\":\"boolean\",\"_hash\":\"edbf05a2d2be2c385e75d9565a48d419\"}"},{"dataType":"ValueEntry","value":"{\"_name\":\"isHarModule\",\"_value\":false,\"_valueType\":\"boolean\",\"_hash\":\"a15b7a3ed818faa99a4a10d67f52cb72\"}"},{"dataType":"ValueEntry","value":"{\"_name\":\"multiProjects\",\"_value\":false,\"_valueType\":\"boolean\",\"_hash\":\"555604752defc243b4e4c55d1549fc06\"}"},{"dataType":"ValueEntry","value":"{\"_name\":\"releaseType\",\"_value\":\"Beta1\",\"_valueType\":\"string\",\"_hash\":\"1a006c1958194950c056f6e6aa5438b0\"}"},{"dataType":"ValueEntry","value":"{\"_name\":\"targetSdkVersion\",\"_value\":11,\"_valueType\":\"number\",\"_hash\":\"578c4c0926086069dd411e7d59783372\"}"}],"_successful":true,"_projectName":"Part3Demo","_moduleName":"entry","_taskName":"default@MergeProfile","_key":":Part3Demo:entry:default@MergeProfile","_executionId":":Part3Demo:entry:default@MergeProfile:1712980278937","_inputFiles":{"dataType":"Map","value":[["/Users/jepson/Desktop/Harmony/projects/Part3Demo/AppScope/app.json5",{"fileSnapShotHashValue":"7f3ab6eec8f3faac01930a5bbdc79fa8"}],["/Users/jepson/Desktop/Harmony/projects/Part3Demo/build-profile.json5",{"fileSnapShotHashValue":"a271449e363554d60e639001469043df"}],["/Users/jepson/Desktop/Harmony/projects/Part3Demo/entry/src/main/module.json5",{"fileSnapShotHashValue":"01d49757070c79a8644f5db9bfd10411"}]]},"_outputFiles":{"dataType":"Map","value":[["/Users/jepson/Desktop/Harmony/projects/Part3Demo/entry/.preview/default/intermediates/merge_profile/default/module.json",{"fileSnapShotHashValue":"80c97ca2e6d5cac1503507ae100aa98c"}]]}},":Part3Demo:entry:default@ProcessProfile":{"_inputs":[{"dataType":"ValueEntry","value":"{\"_name\":\"BUILTIN_TASK_COMMAND\",\"_value\":\"\",\"_valueType\":\"string\",\"_hash\":\"0b5d05294fdf4e78e8482ef53eb64ac0\"}"},{"dataType":"ValueEntry","value":"{\"_name\":\"BUILTIN_TASK_ENV\",\"_value\":\"\",\"_valueType\":\"string\",\"_hash\":\"cdcdc2ec8062ca9ec1de46dbf2bbc053\"}"},{"dataType":"ValueEntry","value":"{\"_name\":\"BUILTIN_TASK_TOOLCHAIN\",\"_value\":\"\",\"_valueType\":\"string\",\"_hash\":\"e7f94a9422a8bc317a7d90b58efcb5f6\"}"},{"dataType":"ValueEntry","value":"{\"_name\":\"arkEnable\",\"_value\":true,\"_valueType\":\"boolean\",\"_hash\":\"750b4bda198545a67903dfb3f6a00a95\"}"},{"dataType":"ValueEntry","value":"{\"_name\":\"compileMode\",\"_value\":\"esmodule\",\"_valueType\":\"string\",\"_hash\":\"dacafc8e0b77a950178a0b4d142dc32c\"}"},{"dataType":"ValueEntry","value":"{\"_name\":\"dependency\",\"_value\":\"[]\",\"_valueType\":\"string\",\"_hash\":\"ac54f3d4ced2d4c1d666d40e4f7c454a\"}"},{"dataType":"ValueEntry","value":"{\"_name\":\"deviceTypes\",\"_value\":[\"phone\",\"tablet\",\"2in1\"],\"_valueType\":\"object\",\"_hash\":\"955f8760c6b7289b81ed107c2c4df075\"}"}],"_successful":true,"_projectName":"Part3Demo","_moduleName":"entry","_taskName":"default@ProcessProfile","_key":":Part3Demo:entry:default@ProcessProfile","_executionId":":Part3Demo:entry:default@ProcessProfile:1712980278939","_inputFiles":{"dataType":"Map","value":[["/Users/jepson/Desktop/Harmony/projects/Part3Demo/entry/.preview/default/intermediates/merge_profile/default/module.json",{"fileSnapShotHashValue":"80c97ca2e6d5cac1503507ae100aa98c"}]]},"_outputFiles":{"dataType":"Map","value":[["/Users/jepson/Desktop/Harmony/projects/Part3Demo/entry/.preview/default/intermediates/process_profile/default/module.json",{"fileSnapShotHashValue":"733e3f8793a500a27d51d92ef044d834"}]]}},":Part3Demo:entry:default@PreviewCompileResource":{"_inputs":[{"dataType":"ValueEntry","value":"{\"_name\":\"PREVIEWER_REPLACE_PAGE\",\"_valueType\":\"undefined\"}"},{"dataType":"ValueEntry","value":"{\"_name\":\"PREVIEWER_REPLACE_SRCPATH\",\"_valueType\":\"undefined\"}"},{"dataType":"ValueEntry","value":"{\"_name\":\"TARGET_CONFIG\",\"_value\":\"{\\\"name\\\":\\\"default\\\"}\",\"_valueType\":\"string\"}"},{"dataType":"ValueEntry","value":"{\"_name\":\"BUILTIN_TASK_COMMAND\",\"_value\":\"\",\"_valueType\":\"string\"}"},{"dataType":"ValueEntry","value":"{\"_name\":\"BUILTIN_TASK_TOOLCHAIN\",\"_value\":\"/Users/jepson/Documents/harmony_env/sdk/HarmonyOS-NEXT-DP1/base/toolchains/restool\",\"_valueType\":\"string\"}"},{"dataType":"ValueEntry","value":"{\"_name\":\"BUILTIN_TASK_ENV\",\"_value\":\"\",\"_valueType\":\"string\"}"}],"_successful":true,"_projectName":"Part3Demo","_moduleName":"entry","_taskName":"default@PreviewCompileResource","_key":":Part3Demo:entry:default@PreviewCompileResource","_executionId":":Part3Demo:entry:default@PreviewCompileResource:1713602152341","_inputFiles":{"dataType":"Map","value":[["/Users/jepson/Desktop/Harmony/projects/Part3Demo/entry/src/main/resources",{"fileSnapShotHashValue":"e0be72f64797bd09c311b54cc3fd5c42"}],["/Users/jepson/Desktop/Harmony/projects/Part3Demo/entry/.preview/default/intermediates/merge_profile/default/module.json",{"fileSnapShotHashValue":"80c97ca2e6d5cac1503507ae100aa98c"}]]},"_outputFiles":{"dataType":"Map","value":[["/Users/jepson/Desktop/Harmony/projects/Part3Demo/entry/.preview/default/intermediates/res/default",{"isDirectory":true,"fileSnapShotHashValue":"ae3f4f28cc0dd2cb17166948604d11d7"}],["/Users/jepson/Desktop/Harmony/projects/Part3Demo/entry/.preview/default/generated/r/default",{"isDirectory":true,"fileSnapShotHashValue":"c074a52ee2c8c0ff4adb761ffda1750f"}]]}},":Part3Demo:entry:default@CopyPreviewProfile":{"_inputs":[{"dataType":"ValueEntry","value":"{\"_name\":\"BUILTIN_TASK_COMMAND\",\"_value\":\"\",\"_valueType\":\"string\"}"},{"dataType":"ValueEntry","value":"{\"_name\":\"BUILTIN_TASK_TOOLCHAIN\",\"_value\":\"\",\"_valueType\":\"string\"}"},{"dataType":"ValueEntry","value":"{\"_name\":\"BUILTIN_TASK_ENV\",\"_value\":\"\",\"_valueType\":\"string\"}"}],"_successful":true,"_projectName":"Part3Demo","_moduleName":"entry","_taskName":"default@CopyPreviewProfile","_key":":Part3Demo:entry:default@CopyPreviewProfile","_executionId":":Part3Demo:entry:default@CopyPreviewProfile:1713602152408","_inputFiles":{"dataType":"Map","value":[["/Users/jepson/Desktop/Harmony/projects/Part3Demo/entry/src/main/resources/base/profile",{"fileSnapShotHashValue":"dcbd8c5167b7cb4dce6569a15cbd3e9f"}]]},"_outputFiles":{"dataType":"Map","value":[["/Users/jepson/Desktop/Harmony/projects/Part3Demo/entry/.preview/default/intermediates/res/default/resources/base/profile",{"fileSnapShotHashValue":"b9d43228ba10e6110a26e3f1385e1c1d"}]]}},":Part3Demo:entry:default@PreviewUpdateAssets":{"_inputs":[{"dataType":"ValueEntry","value":"{\"_name\":\"previewBuildConfigJson\",\"_value\":\"{\\\"deviceType\\\":\\\"phone,tablet,2in1\\\",\\\"checkEntry\\\":\\\"true\\\",\\\"localPropertiesPath\\\":\\\"/Users/jepson/Desktop/Harmony/projects/Part3Demo/local.properties\\\",\\\"PATH\\\":\\\"/Users/jepson/node/node-18.14.1/bin/\\\",\\\"note\\\":\\\"false\\\",\\\"aceProfilePath\\\":\\\"/Users/jepson/Desktop/Harmony/projects/Part3Demo/entry/.preview/default/intermediates/res/default/resources/base/profile\\\",\\\"isPreview\\\":\\\"true\\\",\\\"hapMode\\\":\\\"false\\\",\\\"buildMode\\\":\\\"debug\\\",\\\"img2bin\\\":\\\"true\\\",\\\"projectProfilePath\\\":\\\"/Users/jepson/Desktop/Harmony/projects/Part3Demo/build-profile.json5\\\",\\\"watchMode\\\":\\\"true\\\",\\\"appResource\\\":\\\"/Users/jepson/Desktop/Harmony/projects/Part3Demo/entry/.preview/default/intermediates/res/default/ResourceTable.txt\\\",\\\"logLevel\\\":\\\"3\\\",\\\"stageRouterConfig\\\":{\\\"contents\\\":[\\\"{\\\\\\\"module\\\\\\\":{\\\\\\\"pages\\\\\\\":\\\\\\\"$profile:main_pages\\\\\\\",\\\\\\\"name\\\\\\\":\\\\\\\"entry\\\\\\\"}}\\\",\\\"{\\\\\\\"src\\\\\\\":[\\\\\\\"pages/Index\\\\\\\"]}\\\"],\\\"paths\\\":[\\\"/Users/jepson/Desktop/Harmony/projects/Part3Demo/entry/.preview/default/intermediates/res/default/module.json\\\",\\\"/Users/jepson/Desktop/Harmony/projects/Part3Demo/entry/.preview/default/intermediates/res/default/resources/base/profile/main_pages.json\\\"]},\\\"aceBuildJson\\\":\\\"/Users/jepson/Desktop/Harmony/projects/Part3Demo/entry/.preview/default/intermediates/loader/default/loader.json\\\",\\\"aceModuleRoot\\\":\\\"/Users/jepson/Desktop/Harmony/projects/Part3Demo/entry/src/main/ets\\\",\\\"aceSoPath\\\":\\\"/Users/jepson/Desktop/Harmony/projects/Part3Demo/entry/.preview/cache/nativeDependencies.txt\\\",\\\"cachePath\\\":\\\"/Users/jepson/Desktop/Harmony/projects/Part3Demo/entry/.preview/cache/.default\\\",\\\"aceModuleBuild\\\":\\\"/Users/jepson/Desktop/Harmony/projects/Part3Demo/entry/.preview/default/intermediates/assets/default/ets\\\",\\\"aceModuleJsonPath\\\":\\\"/Users/jepson/Desktop/Harmony/projects/Part3Demo/entry/.preview/default/intermediates/res/default/module.json\\\"}\",\"_valueType\":\"string\"}"},{"dataType":"ValueEntry","value":"{\"_name\":\"BUILTIN_TASK_COMMAND\",\"_value\":\"\",\"_valueType\":\"string\"}"},{"dataType":"ValueEntry","value":"{\"_name\":\"BUILTIN_TASK_TOOLCHAIN\",\"_value\":\"\",\"_valueType\":\"string\"}"},{"dataType":"ValueEntry","value":"{\"_name\":\"BUILTIN_TASK_ENV\",\"_value\":\"\",\"_valueType\":\"string\"}"}],"_successful":true,"_projectName":"Part3Demo","_moduleName":"entry","_taskName":"default@PreviewUpdateAssets","_key":":Part3Demo:entry:default@PreviewUpdateAssets","_executionId":":Part3Demo:entry:default@PreviewUpdateAssets:1713602152413","_inputFiles":{"dataType":"Map","value":[]},"_outputFiles":{"dataType":"Map","value":[["/Users/jepson/Desktop/Harmony/projects/Part3Demo/entry/.preview/default/intermediates/res/default/module.json",{"isDirectory":false,"fileSnapShotHashValue":"2d72d8ea76aef0ea6da915f938a77d7a"}],["/Users/jepson/Desktop/Harmony/projects/Part3Demo/entry/.preview/default/intermediates/res/default/resources/base/profile/main_pages.json",{"isDirectory":false,"fileSnapShotHashValue":"f22b2f0d0e72a2adead384ef925cc64a"}]]}},":Part3Demo:entry:default@PreviewArkTS":{"_inputs":[{"dataType":"ValueEntry","value":"{\"_name\":\"debuggable\",\"_value\":true,\"_valueType\":\"boolean\"}"},{"dataType":"ValueEntry","value":"{\"_name\":\"isArk\",\"_value\":true,\"_valueType\":\"boolean\"}"},{"dataType":"ValueEntry","value":"{\"_name\":\"needCoverageInsert\",\"_value\":false,\"_valueType\":\"boolean\"}"},{"dataType":"ValueEntry","value":"{\"_name\":\"customTypes\",\"_value\":\"\",\"_valueType\":\"string\"}"},{"dataType":"ValueEntry","value":"{\"_name\":\"arkTsWdiget\",\"_value\":false,\"_valueType\":\"boolean\"}"},{"dataType":"ValueEntry","value":"{\"_name\":\"OBFUSCATION_ENABLE\",\"_value\":\"undefined\",\"_valueType\":\"string\"}"},{"dataType":"ValueEntry","value":"{\"_name\":\"BUILTIN_TASK_COMMAND\",\"_value\":\"\",\"_valueType\":\"string\"}"},{"dataType":"ValueEntry","value":"{\"_name\":\"BUILTIN_TASK_TOOLCHAIN\",\"_value\":\"\",\"_valueType\":\"string\"}"},{"dataType":"ValueEntry","value":"{\"_name\":\"BUILTIN_TASK_ENV\",\"_value\":\"\",\"_valueType\":\"string\"}"}],"_successful":true,"_projectName":"Part3Demo","_moduleName":"entry","_taskName":"default@PreviewArkTS","_key":":Part3Demo:entry:default@PreviewArkTS","_executionId":":Part3Demo:entry:default@PreviewArkTS:1713602152416","_inputFiles":{"dataType":"Map","value":[["/Users/jepson/Desktop/Harmony/projects/Part3Demo/entry/.preview/default/intermediates/loader/default",{"isDirectory":true,"fileSnapShotHashValue":"e020348a05beea10796ffc3cb90b9c54"}],["/Users/jepson/Desktop/Harmony/projects/Part3Demo/entry/.preview/default/intermediates/res/default/ResourceTable.txt",{"fileSnapShotHashValue":"cb11e557aa7cde25f85a8a3fb6df9e7c"}],["/Users/jepson/Desktop/Harmony/projects/Part3Demo/entry/.preview/default/intermediates/res/default/module.json",{"fileSnapShotHashValue":"2d72d8ea76aef0ea6da915f938a77d7a"}],["/Users/jepson/Desktop/Harmony/projects/Part3Demo/entry/.preview/default/intermediates/res/default/resources/base/profile",{"isDirectory":true,"fileSnapShotHashValue":"b9d43228ba10e6110a26e3f1385e1c1d"}],["/Users/jepson/Desktop/Harmony/projects/Part3Demo/entry/src/main/ets",{"isDirectory":true,"fileSnapShotHashValue":"163290b1031a7013a6f84536ca6f0b9c"}],["/Users/jepson/Desktop/Harmony/projects/Part3Demo/entry/.preview/default/generated/profile/default/BuildProfile.ets",{"fileSnapShotHashValue":"e97d441a9674f7033e2c1e0dfceffbc0"}]]},"_outputFiles":{"dataType":"Map","value":[["/Users/jepson/Desktop/Harmony/projects/Part3Demo/entry/.preview/default/intermediates/loader_out/default/ets",{"isDirectory":true,"fileSnapShotHashValue":""}]]}}}